Detector,DateTime_local,Date_local,Time_local,Hour_local,auto_id,match_ratio,fc,sc,offset,margin,alternate_1,alternate_2,alternate_3,manual_id,n,pulses,dur,files,channel,fmax,fmin,duration,detector_id,source_file,folder,in_file,out_file_fs,out_file_zc,indir,outdir,matching,fmean,tbc,fk,tk,s1,tc,qual,review_orgid,DateTime_UTC,species,Night
MCE,2025-10-17T00:04:10Z,2025-10-16,19:04:10,19,LASCIN,0.667,23.647,12.77,0,0.28492,NA,NA,NA,NA,6,6,11.612,1,0,25.868,21.991,9,24A04F085FDF19C0,Schmeeckle 2025 Master.csv,10 17\20251017,24A04F085FDF19C0_20251017_000410T.WAV,24A04F085FDF19C0_20251017_000410_000,NA,NA,MCE,4,23.821,584.871,24.043,5.315,70.102,7.007,1.83,NA,2025-10-17T00:04:10Z,LASCIN,2025-10-16
MCE,2025-10-17T01:22:20Z,2025-10-16,20:22:20,20,LASCIN,0.429,24.77,10.66,0,0.144812,NA,NA,NA,NA,7,7,7.935,1,0,29.469,24.265,9,24A04F085FDF19C0,Schmeeckle 2025 Master.csv,10 17\20251017,24A04F085FDF19C0_20251017_012220T.WAV,24A04F085FDF19C0_20251017_012220_000,NA,NA,MCE,3,26.266,890.52,25.311,5.195,63.508,7.258,2.3,NA,2025-10-17T01:22:20Z,LASCIN,2025-10-16
MCE,2025-10-17T01:22:34Z,2025-10-16,20:22:34,20,LASNOC,0.6,24.455,18.79,0,0.149056,NA,NA,NA,NA,10,10,5.661,1,0,27.22,24.069,9,24A04F085FDF19C0,Schmeeckle 2025 Master.csv,10 17\20251017,24A04F085FDF19C0_20251017_012234T.WAV,24A04F085FDF19C0_20251017_012234_000,NA,NA,MCE,6,25.43,338.887,25.736,2.227,55.53,5.039,2.23,NA,2025-10-17T01:22:34Z,LASNOC,2025-10-16
MCE,2025-10-17T01:55:28Z,2025-10-16,20:55:28,20,LASCIN,0.278,24.211,10.59,0,0.108448,NA,NA,NA,NA,19,18,7.131,1,0,26.898,23.733,9,24A04F085FDF19C0,Schmeeckle 2025 Master.csv,10 17\20251017,24A04F085FDF19C0_20251017_015528T.WAV,24A04F085FDF19C0_20251017_015528_000,NA,NA,MCE,5,24.742,279.851,24.713,2.945,22.13,5.418,6.22,NA,2025-10-17T01:55:28Z,LASCIN,2025-10-16
MCE,2025-10-23T02:21:36Z,2025-10-22,21:21:36,21,LASCIN,0.375,24.224,9.8,0,0.11776,NA,NA,NA,NA,9,8,5.236,1,0,25.517,23.83,9,24A04F085FDF19C0,Schmeeckle 2025 Master.csv,10 23\20251023,24A04F085FDF19C0_20251023_022136T.WAV,24A04F085FDF19C0_20251023_022136_000,NA,NA,MCE,3,24.544,774.457,24.622,2.265,31.291,4.145,2.09,NA,2025-10-23T02:21:36Z,LASCIN,2025-10-22
MCE,2025-10-23T11:32:02Z,2025-10-23,06:32:02,6,LASBOR,0.6,30.922,4.21,0,0.059108,NA,NA,NA,NA,5,5,15.104,1,0,31.36,30.29,9,24A04F085FDF19C0,Schmeeckle 2025 Master.csv,10 23\20251023,24A04F085FDF19C0_20251023_113202T.WAV,24A04F085FDF19C0_20251023_113202_000,NA,NA,MCE,3,30.931,201.73,30.997,2.79,-5.5,8.312,3.2,NA,2025-10-23T11:32:02Z,LASBOR,2025-10-22
LPO,2025-10-23T23:57:54Z,2025-10-23,18:57:54,18,LASCIN,0.5,23.846,23.52,0,0.155846,NA,NA,NA,NA,4,4,5.476,1,0,26.297,23.368,9,24E144036484A442,Schmeeckle 2025 Master.csv,10 26\20251023,24E144036484A442_20251023_235754T.WAV,24E144036484A442_20251023_235754_000,NA,NA,LPO,2,24.545,243.574,24.534,2.556,72.964,4.211,1.03,NA,2025-10-23T23:57:54Z,LASCIN,2025-10-23
LPO,2025-10-23T23:58:08Z,2025-10-23,18:58:08,18,LASCIN,0.842,22.268,17.06,0,0.217312,NA,NA,NA,NA,19,19,13.65,1,0,28.662,21.416,9,24E144036484A442,Schmeeckle 2025 Master.csv,10 26\20251023,24E144036484A442_20251023_235808T.WAV,24E144036484A442_20251023_235808_000,NA,NA,LPO,16,23.648,333.233,23.336,7.079,144.647,11.072,3.34,NA,2025-10-23T23:58:08Z,LASCIN,2025-10-23
MCE,2025-10-24T01:19:06Z,2025-10-23,20:19:06,20,EPTFUS,0.625,24.237,17.47,0,0.126042,NA,NA,NA,NA,17,16,9.768,1,0,29.141,23.732,9,24A04F085FDF19C0,Schmeeckle 2025 Master.csv,10 26\20251024,24A04F085FDF19C0_20251024_011906T.WAV,24A04F085FDF19C0_20251024_011906_000,NA,NA,MCE,10,25.481,468.638,25.428,4.012,86.578,8.409,3.02,NA,2025-10-24T01:19:06Z,EPTFUS,2025-10-23
LPO,2025-10-24T08:54:48Z,2025-10-24,03:54:48,3,LASNOC,0.368,24.748,16.5,0,0.108837,NA,NA,NA,NA,19,19,10.356,1,0,31.689,23.939,9,24E144036484A442,Schmeeckle 2025 Master.csv,10 26\20251024,24E144036484A442_20251024_085448T.WAV,24E144036484A442_20251024_085448_000,NA,NA,LPO,7,26.215,424.323,25.844,4.556,170.555,8.445,2.25,NA,2025-10-24T08:54:48Z,LASNOC,2025-10-23
LPI,2025-10-25T00:29:38Z,2025-10-24,19:29:38,19,LASCIN,0.923,14.603,1.26,0,0.351192,NA,NA,NA,NA,40,39,8.256,1,0,14.754,14.49,9,245AAA0666BC08AE,Schmeeckle 2025 Master.csv,10 26\20251025,245AAA0666BC08AE_20251025_002938T.WAV,245AAA0666BC08AE_20251025_002938_000,NA,NA,LPI,36,14.611,214.909,14.624,3.325,-0.177,5.995,10.32,NA,2025-10-25T00:29:38Z,LASCIN,2025-10-24
MCE,2025-10-25T00:39:54Z,2025-10-24,19:39:54,19,LASCIN,0.389,24.023,9.04,0,0.138787,NA,NA,NA,NA,19,18,7.302,1,0,26.291,23.434,9,24A04F085FDF19C0,Schmeeckle 2025 Master.csv,10 26\20251025,24A04F085FDF19C0_20251025_003954T.WAV,24A04F085FDF19C0_20251025_003954_000,NA,NA,MCE,7,24.414,343.776,24.696,2.073,83.1,5.394,4.02,NA,2025-10-25T00:39:54Z,LASCIN,2025-10-24
LPO,2025-10-25T00:44:06Z,2025-10-24,19:44:06,19,LASCIN,0.556,24.44,17.57,0,0.183336,NA,NA,NA,NA,9,9,9.616,1,0,31.306,23.987,9,24E144036484A442,Schmeeckle 2025 Master.csv,10 26\20251025,24E144036484A442_20251025_004406T.WAV,24E144036484A442_20251025_004406_000,NA,NA,LPO,5,26.212,403.258,25.211,5.329,89.595,7.946,1.9,NA,2025-10-25T00:44:06Z,LASCIN,2025-10-24
LPI,2025-10-25T00:59:30Z,2025-10-24,19:59:30,19,LASNOC,0.474,24.41,9.38,0,0.124725,NA,NA,NA,NA,20,19,4.742,1,0,26.288,23.924,9,245AAA0666BC08AE,Schmeeckle 2025 Master.csv,10 26\20251025,245AAA0666BC08AE_20251025_005930T.WAV,245AAA0666BC08AE_20251025_005930_000,NA,NA,LPI,9,24.803,457.592,24.625,2.73,98.265,3.931,7.26,NA,2025-10-25T00:59:30Z,LASNOC,2025-10-24
LPO,2025-10-25T01:33:34Z,2025-10-24,20:33:34,20,EPTFUS,0.714,24.479,13.41,0,0.202889,NA,NA,NA,NA,14,14,10.064,1,0,35.765,23.822,9,24E144036484A442,Schmeeckle 2025 Master.csv,10 26\20251025,24E144036484A442_20251025_013334T.WAV,24E144036484A442_20251025_013334_000,NA,NA,LPO,10,27.017,326.847,25.636,5.292,201.441,8.966,2.23,NA,2025-10-25T01:33:34Z,EPTFUS,2025-10-24
LPI,2025-10-25T02:30:02Z,2025-10-24,21:30:02,21,EPTFUS,0.5,21.547,-9.96,0,0.104054,NA,NA,NA,NA,4,4,2.683,1,0,21.697,21.24,9,245AAA0666BC08AE,Schmeeckle 2025 Master.csv,10 26\20251025,245AAA0666BC08AE_20251025_023002T.WAV,245AAA0666BC08AE_20251025_023002_000,NA,NA,LPI,2,21.46,129.893,21.405,0.614,7.295,1.924,0.98,NA,2025-10-25T02:30:02Z,EPTFUS,2025-10-24
LPO,2025-10-26T02:43:20Z,2025-10-25,21:43:20,21,LASCIN,0.5,24.441,-2.8,0,0.171916,NA,NA,NA,NA,4,4,5.933,1,0,24.95,23.984,9,24E144036484A442,Schmeeckle 2025 Master.csv,10 26\20251026,24E144036484A442_20251026_024320T.WAV,24E144036484A442_20251026_024320_000,NA,NA,LPO,2,24.431,91.409,24.528,2.77,43.339,4.041,0.6,NA,2025-10-26T02:43:20Z,LASCIN,2025-10-25
LPE,2025-10-20T03:26:42Z,2025-10-19,22:26:42,22,EPTFUS,0.757,27.889,35.96,0.000,0.277263,LASNOC,NA,NA,NA,39,37,4.780,1,0,40.243,26.845,9.000,245AAA0666BC1507,id.csv,10 21\20251020,245AAA0666BC1507_20251020_032642T.WAV,245AAA0666BC1507_20251020_032642_000,NA,NA,NA,28,31.078,228.734,28.826,3.215,343.460,4.315,7.40,NA,2025-10-20T03:26:42Z,EPTFUS,2025-10-19
LPE,2025-10-15T00:14:54Z,2025-10-14,19:14:54,19,EPTFUS,0.697,29.383,59.54,0.000,0.218344,LASNOC,NA,NA,NA,39,33,4.249,1,0,46.638,28.863,9.000,245AAA0666BC1507,id.csv,10 19\20251015,245AAA0666BC1507_20251015_001454T.WAV,245AAA0666BC1507_20251015_001454_000,NA,NA,NA,23,34.586,148.619,30.710,3.268,377.321,4.049,5.39,NA,2025-10-15T00:14:54Z,EPTFUS,2025-10-14
LPE,2025-10-21T00:56:12Z,2025-10-20,19:56:12,19,EPTFUS,0.733,26.194,31.93,0.000,0.310005,LASNOC,NA,NA,NA,31,30,6.762,1,0,41.021,25.905,9.000,245AAA0666BC1507,id.csv,10 21\20251021,245AAA0666BC1507_20251021_005612T.WAV,245AAA0666BC1507_20251021_005612_000,NA,NA,NA,22,30.112,289.161,27.322,4.648,341.926,6.424,5.18,NA,2025-10-21T00:56:12Z,EPTFUS,2025-10-20
LPE,2025-10-17T01:18:36Z,2025-10-16,20:18:36,20,EPTFUS,0.789,27.474,31.42,0.000,0.376836,LASNOC,NA,NA,NA,20,19,5.712,1,0,37.701,27.097,9.000,245AAA0666BC1507,id.csv,10 19\20251017,245AAA0666BC1507_20251017_011836T.WAV,245AAA0666BC1507_20251017_011836_000,NA,NA,NA,15,30.603,152.162,28.155,4.239,222.410,5.463,5.02,NA,2025-10-17T01:18:36Z,EPTFUS,2025-10-16
LPE,2025-10-23T01:27:42Z,2025-10-22,20:27:42,20,EPTFUS,0.867,26.773,37.80,0.000,0.359545,LASNOC,NA,NA,NA,15,15,4.544,1,0,34.741,26.572,9.000,245AAA0666BC1507,id.csv,10 26\20251023,245AAA0666BC1507_20251023_012742T.WAV,245AAA0666BC1507_20251023_012742_000,NA,NA,NA,13,29.263,381.064,27.564,3.071,192.898,4.256,2.95,NA,2025-10-23T01:27:42Z,EPTFUS,2025-10-22
LPE,2025-10-19T01:19:00Z,2025-10-18,20:19:00,20,EPTFUS,0.706,26.319,34.08,0.000,0.278173,LASNOC,LASCIN,NA,NA,18,17,5.127,1,0,33.622,26.067,9.000,245AAA0666BC1507,id.csv,10 19\20251019,245AAA0666BC1507_20251019_011900T.WAV,245AAA0666BC1507_20251019_011900_000,NA,NA,NA,12,28.513,322.163,27.252,3.333,209.815,4.756,4.17,NA,2025-10-19T01:19:00Z,EPTFUS,2025-10-18
LPE,2025-10-18T00:03:24Z,2025-10-17,19:03:24,19,EPTFUS,0.733,35.687,58.26,0.000,0.270972,LASNOC,NA,NA,NA,17,15,4.472,1,0,52.476,33.721,9.000,245AAA0666BC1507,id.csv,10 19\20251018,245AAA0666BC1507_20251018_000324T.WAV,245AAA0666BC1507_20251018_000324_000,NA,NA,NA,11,40.157,437.626,37.072,2.914,291.427,4.176,4.16,NA,2025-10-18T00:03:24Z,EPTFUS,2025-10-17
LPE,2025-10-26T01:02:30Z,2025-10-25,20:02:30,20,EPTFUS,0.688,26.320,43.05,0.000,0.311133,LASNOC,NA,NA,NA,17,16,5.059,1,0,37.878,25.865,9.000,245AAA0666BC1507,id.csv,10 26\20251026,245AAA0666BC1507_20251026_010230T.WAV,245AAA0666BC1507_20251026_010230_000,NA,NA,NA,11,29.582,304.721,27.357,3.400,291.845,4.788,3.82,NA,2025-10-26T01:02:30Z,EPTFUS,2025-10-25
LPE,2025-10-17T01:18:50Z,2025-10-16,20:18:50,20,EPTFUS,0.533,27.766,31.75,0.000,0.203948,LASNOC,NA,NA,NA,15,15,5.527,1,0,37.355,27.495,9.000,245AAA0666BC1507,id.csv,10 19\20251017,245AAA0666BC1507_20251017_011850T.WAV,245AAA0666BC1507_20251017_011850_000,NA,NA,NA,8,30.667,377.979,28.835,3.734,249.532,5.163,3.85,NA,2025-10-17T01:18:50Z,EPTFUS,2025-10-16
LPE,2025-10-17T11:33:12Z,2025-10-17,06:33:12,6,EPTFUS,1.000,89.395,-59.42,0.000,0.241863,NA,NA,NA,NA,8,7,3.891,1,0,96.967,76.870,9.000,245AAA0666BC1507,id.csv,10 19\20251017,245AAA0666BC1507_20251017_113312T.WAV,245AAA0666BC1507_20251017_113312_000,NA,NA,NA,7,87.726,294.486,88.482,2.204,-142.934,2.536,9.93,NA,2025-10-17T11:33:12Z,EPTFUS,2025-10-16
LPE,2025-10-20T03:26:28Z,2025-10-19,22:26:28,22,EPTFUS,1.000,27.181,40.26,0.000,0.380571,NA,NA,NA,NA,7,7,4.198,1,0,35.483,26.671,9.000,245AAA0666BC1507,id.csv,10 21\20251020,245AAA0666BC1507_20251020_032628T.WAV,245AAA0666BC1507_20251020_032628_000,NA,NA,NA,7,29.675,147.079,28.208,2.567,221.265,3.974,1.58,NA,2025-10-20T03:26:28Z,EPTFUS,2025-10-19
LPE,2025-10-24T06:31:58Z,2025-10-24,01:31:58,1,EPTFUS,1.000,26.283,16.01,0.000,0.359292,NA,NA,NA,NA,6,6,7.471,1,0,34.687,26.123,9.000,245AAA0666BC1507,id.csv,10 26\20251024,245AAA0666BC1507_20251024_063158T.WAV,245AAA0666BC1507_20251024_063158_000,NA,NA,NA,6,28.884,364.835,26.755,6.131,220.800,7.097,1.28,NA,2025-10-24T06:31:58Z,EPTFUS,2025-10-23
LPE,2025-10-17T11:36:56Z,2025-10-17,06:36:56,6,EPTFUS,1.000,87.718,267.58,0.000,0.243500,NA,NA,NA,NA,6,6,3.517,1,0,102.374,81.162,9.000,245AAA0666BC1507,id.csv,10 19\20251017,245AAA0666BC1507_20251017_113656T.WAV,245AAA0666BC1507_20251017_113656_000,NA,NA,NA,6,90.940,593.407,92.514,1.369,-1139.083,1.646,7.81,NA,2025-10-17T11:36:56Z,EPTFUS,2025-10-16
LPE,2025-10-19T04:34:18Z,2025-10-18,23:34:18,23,EPTFUS,0.857,26.418,36.92,0.000,0.393061,LASNOC,NA,NA,NA,8,7,4.638,1,0,36.171,26.185,9.000,245AAA0666BC1507,id.csv,10 19\20251019,245AAA0666BC1507_20251019_043418T.WAV,245AAA0666BC1507_20251019_043418_000,NA,NA,NA,6,29.334,409.292,27.452,3.132,278.889,4.424,2.21,NA,2025-10-19T04:34:18Z,EPTFUS,2025-10-18
LPE,2025-10-18T23:51:44Z,2025-10-18,18:51:44,18,EPTFUS,0.750,28.235,60.03,0.000,0.245775,LASNOC,NA,NA,NA,8,8,5.012,1,0,41.644,27.716,9.000,245AAA0666BC1507,id.csv,10 19\20251018,245AAA0666BC1507_20251018_235144T.WAV,245AAA0666BC1507_20251018_235144_000,NA,NA,NA,6,31.949,155.271,30.196,3.347,338.068,4.802,1.09,NA,2025-10-18T23:51:44Z,EPTFUS,2025-10-18
LPE,2025-10-20T03:26:56Z,2025-10-19,22:26:56,22,EPTFUS,1.000,30.875,77.30,0.000,0.136669,NA,NA,NA,NA,9,5,3.406,1,0,39.454,27.776,9.000,245AAA0666BC1507,id.csv,10 21\20251020,245AAA0666BC1507_20251020_032656T.WAV,245AAA0666BC1507_20251020_032656_000,NA,NA,NA,5,32.072,187.882,33.071,1.177,370.972,2.382,2.37,NA,2025-10-20T03:26:56Z,EPTFUS,2025-10-19
LPE,2025-10-17T11:23:24Z,2025-10-17,06:23:24,6,EPTFUS,1.000,90.275,12.62,0.000,0.240204,NA,NA,NA,NA,6,5,2.544,1,0,101.203,79.257,9.000,245AAA0666BC1507,id.csv,10 19\20251017,245AAA0666BC1507_20251017_112324T.WAV,245AAA0666BC1507_20251017_112324_000,NA,NA,NA,5,89.908,834.631,89.910,1.192,-668.376,1.479,8.96,NA,2025-10-17T11:23:24Z,EPTFUS,2025-10-16
LPE,2025-10-17T23:58:16Z,2025-10-17,18:58:16,18,EPTFUS,0.500,27.596,25.98,0.000,0.240162,LASNOC,NA,NA,NA,9,8,4.055,1,0,33.263,27.196,9.000,245AAA0666BC1507,id.csv,10 19\20251017,245AAA0666BC1507_20251017_235816T.WAV,245AAA0666BC1507_20251017_235816_000,NA,NA,NA,4,29.299,909.165,28.409,2.781,152.545,3.779,2.63,NA,2025-10-17T23:58:16Z,EPTFUS,2025-10-17
LPE,2025-10-17T11:29:28Z,2025-10-17,06:29:28,6,EPTFUS,1.000,88.720,137.06,0.000,0.237487,NA,NA,NA,NA,3,3,2.519,1,0,98.105,74.398,9.000,245AAA0666BC1507,id.csv,10 19\20251017,245AAA0666BC1507_20251017_112928T.WAV,245AAA0666BC1507_20251017_112928_000,NA,NA,NA,3,88.957,166.778,91.957,1.358,-2616.541,1.806,3.44,NA,2025-10-17T11:29:28Z,EPTFUS,2025-10-16
LPE,2025-10-17T11:24:06Z,2025-10-17,06:24:06,6,EPTFUS,1.000,85.951,413.85,0.000,0.242328,NA,NA,NA,NA,3,3,2.538,1,0,98.183,77.455,9.000,245AAA0666BC1507,id.csv,10 19\20251017,245AAA0666BC1507_20251017_112406T.WAV,245AAA0666BC1507_20251017_112406_000,NA,NA,NA,3,89.435,3199.040,90.966,1.806,-2556.573,2.117,4.23,NA,2025-10-17T11:24:06Z,EPTFUS,2025-10-16
LPE,2025-10-18T00:04:20Z,2025-10-17,19:04:20,19,EPTFUS,1.000,29.028,61.28,0.000,0.341576,NA,NA,NA,NA,3,3,3.205,1,0,34.229,28.680,9.000,245AAA0666BC1507,id.csv,10 19\20251018,245AAA0666BC1507_20251018_000420T.WAV,245AAA0666BC1507_20251018_000420_000,NA,NA,NA,3,31.054,592.887,30.433,2.097,103.128,3.076,1.02,NA,2025-10-18T00:04:20Z,EPTFUS,2025-10-17
LPE,2025-10-17T11:33:54Z,2025-10-17,06:33:54,6,EPTFUS,0.750,88.296,14.08,0.000,0.092904,MYOSEP,NA,NA,NA,4,4,2.499,1,0,94.885,73.419,9.000,245AAA0666BC1507,id.csv,10 19\20251017,245AAA0666BC1507_20251017_113354T.WAV,245AAA0666BC1507_20251017_113354_000,NA,NA,NA,3,85.243,1067.089,88.178,1.522,-1734.274,1.727,4.96,NA,2025-10-17T11:33:54Z,EPTFUS,2025-10-16
LPE,2025-10-17T11:30:24Z,2025-10-17,06:30:24,6,EPTFUS,0.750,80.962,-463.31,0.000,0.129053,MYOLUC,NA,NA,NA,4,4,2.410,1,0,84.220,66.812,9.000,245AAA0666BC1507,id.csv,10 19\20251017,245AAA0666BC1507_20251017_113024T.WAV,245AAA0666BC1507_20251017_113024_000,NA,NA,NA,3,76.423,1205.337,74.881,1.007,-883.640,1.400,5.25,NA,2025-10-17T11:30:24Z,EPTFUS,2025-10-16
LPE,2025-10-17T11:24:48Z,2025-10-17,06:24:48,6,EPTFUS,0.750,84.778,-83.00,0.000,0.127444,MYOLUC,NA,NA,NA,4,4,2.808,1,0,92.333,72.002,9.000,245AAA0666BC1507,id.csv,10 19\20251017,245AAA0666BC1507_20251017_112448T.WAV,245AAA0666BC1507_20251017_112448_000,NA,NA,NA,3,83.241,1121.470,84.832,1.728,-311.139,1.912,6.65,NA,2025-10-17T11:24:48Z,EPTFUS,2025-10-16
LPE,2025-10-18T03:45:04Z,2025-10-17,22:45:04,22,EPTFUS,0.750,27.976,62.23,0.000,0.254520,LASNOC,NA,NA,NA,4,4,4.070,1,0,34.529,27.976,9.000,245AAA0666BC1507,id.csv,10 19\20251018,245AAA0666BC1507_20251018_034504T.WAV,245AAA0666BC1507_20251018_034504_000,NA,NA,NA,3,30.356,278.666,30.359,2.366,126.842,3.961,0.77,NA,2025-10-18T03:45:04Z,EPTFUS,2025-10-17
LPE,2025-10-17T11:32:58Z,2025-10-17,06:32:58,6,EPTFUS,1.000,84.010,274.39,0.000,0.238493,NA,NA,NA,NA,2,2,2.681,1,0,95.603,78.478,9.000,245AAA0666BC1507,id.csv,10 19\20251017,245AAA0666BC1507_20251017_113258T.WAV,245AAA0666BC1507_20251017_113258_000,NA,NA,NA,2,87.302,22.553,86.145,0.813,-2164.917,0.974,4.55,NA,2025-10-17T11:32:58Z,EPTFUS,2025-10-16
LPE,2025-10-17T11:32:44Z,2025-10-17,06:32:44,6,EPTFUS,1.000,89.845,-23.80,0.000,0.225770,NA,NA,NA,NA,2,2,2.238,1,0,98.381,81.334,9.000,245AAA0666BC1507,id.csv,10 19\20251017,245AAA0666BC1507_20251017_113244T.WAV,245AAA0666BC1507_20251017_113244_000,NA,NA,NA,2,91.175,265.166,89.039,1.150,-3368.861,1.303,2.99,NA,2025-10-17T11:32:44Z,EPTFUS,2025-10-16
LPE,2025-10-17T11:39:02Z,2025-10-17,06:39:02,6,EPTFUS,1.000,82.271,754.34,0.000,0.240968,NA,NA,NA,NA,2,2,2.994,1,0,98.200,77.719,9.000,245AAA0666BC1507,id.csv,10 19\20251017,245AAA0666BC1507_20251017_113902T.WAV,245AAA0666BC1507_20251017_113902_000,NA,NA,NA,2,90.571,316.371,89.189,1.670,-4646.033,1.812,2.31,NA,2025-10-17T11:39:02Z,EPTFUS,2025-10-16
LPE,2025-10-17T11:33:26Z,2025-10-17,06:33:26,6,EPTFUS,1.000,93.124,31.36,0.000,0.234965,NA,NA,NA,NA,2,2,2.852,1,0,98.841,79.679,9.000,245AAA0666BC1507,id.csv,10 19\20251017,245AAA0666BC1507_20251017_113326T.WAV,245AAA0666BC1507_20251017_113326_000,NA,NA,NA,2,90.437,5.562,93.247,1.197,-1596.746,1.648,3.45,NA,2025-10-17T11:33:26Z,EPTFUS,2025-10-16
LPE,2025-10-17T11:35:04Z,2025-10-17,06:35:04,6,EPTFUS,1.000,85.145,-57.20,0.000,0.236250,NA,NA,NA,NA,1,2,2.990,1,0,97.619,80.542,9.000,245AAA0666BC1507,id.csv,10 19\20251017,245AAA0666BC1507_20251017_113504T.WAV,245AAA0666BC1507_20251017_113504_000,NA,NA,NA,2,90.969,0.000,84.670,2.367,-1781.561,2.508,3.50,NA,2025-10-17T11:35:04Z,EPTFUS,2025-10-16
LPE,2025-10-18T00:06:12Z,2025-10-17,19:06:12,19,EPTFUS,1.000,28.616,31.15,0.000,0.434038,NA,NA,NA,NA,2,2,4.542,1,0,33.831,28.421,9.000,245AAA0666BC1507,id.csv,10 19\20251018,245AAA0666BC1507_20251018_000612T.WAV,245AAA0666BC1507_20251018_000612_000,NA,NA,NA,2,30.241,538.028,29.690,2.598,125.624,4.324,0.42,NA,2025-10-18T00:06:12Z,EPTFUS,2025-10-17
LPE,2025-10-17T11:37:52Z,2025-10-17,06:37:52,6,EPTFUS,1.000,89.039,140.08,0.000,0.240632,NA,NA,NA,NA,2,2,2.332,1,0,94.764,71.257,9.000,245AAA0666BC1507,id.csv,10 19\20251017,245AAA0666BC1507_20251017_113752T.WAV,245AAA0666BC1507_20251017_113752_000,NA,NA,NA,2,85.677,274.941,89.756,0.874,-3357.518,1.098,6.70,NA,2025-10-17T11:37:52Z,EPTFUS,2025-10-16
LPE,2025-10-17T23:58:30Z,2025-10-17,18:58:30,18,EPTFUS,1.000,30.019,99.05,0.000,0.106688,NA,NA,NA,NA,2,2,2.805,1,0,38.927,29.963,9.000,245AAA0666BC1507,id.csv,10 19\20251017,245AAA0666BC1507_20251017_235830T.WAV,245AAA0666BC1507_20251017_235830_000,NA,NA,NA,2,33.355,123.417,32.525,1.640,217.913,2.805,0.42,NA,2025-10-17T23:58:30Z,EPTFUS,2025-10-17
LPE,2025-10-18T00:03:52Z,2025-10-17,19:03:52,19,EPTFUS,0.667,29.544,46.85,0.000,0.205417,LASNOC,NA,NA,NA,3,3,3.107,1,0,34.214,28.892,9.000,245AAA0666BC1507,id.csv,10 19\20251018,245AAA0666BC1507_20251018_000352T.WAV,245AAA0666BC1507_20251018_000352_000,NA,NA,NA,2,30.841,306.336,31.038,1.496,75.066,2.558,0.87,NA,2025-10-18T00:03:52Z,EPTFUS,2025-10-17
LPE,2025-10-18T00:05:02Z,2025-10-17,19:05:02,19,EPTFUS,0.667,27.018,26.29,0.000,0.304829,LASNOC,NA,NA,NA,3,3,4.338,1,0,31.526,26.805,9.000,245AAA0666BC1507,id.csv,10 19\20251018,245AAA0666BC1507_20251018_000502T.WAV,245AAA0666BC1507_20251018_000502_000,NA,NA,NA,2,28.644,1513.872,27.794,2.980,140.237,4.287,0.77,NA,2025-10-18T00:05:02Z,EPTFUS,2025-10-17
LPE,2025-10-17T11:31:06Z,2025-10-17,06:31:06,6,EPTFUS,0.667,94.198,-432.11,0.000,0.068042,MYOSEP,NA,NA,NA,3,3,2.601,1,0,95.793,68.529,9.000,245AAA0666BC1507,id.csv,10 19\20251017,245AAA0666BC1507_20251017_113106T.WAV,245AAA0666BC1507_20251017_113106_000,NA,NA,NA,2,87.207,1278.122,86.816,1.004,137.265,1.454,4.74,NA,2025-10-17T11:31:06Z,EPTFUS,2025-10-16
LPE,2025-10-19T00:39:34Z,2025-10-18,19:39:34,19,EPTFUS,0.667,28.316,13.15,0.000,0.253280,LASNOC,NA,NA,NA,3,3,6.928,1,0,34.434,26.748,9.000,245AAA0666BC1507,id.csv,10 19\20251019,245AAA0666BC1507_20251019_003934T.WAV,245AAA0666BC1507_20251019_003934_000,NA,NA,NA,2,29.873,323.179,28.542,4.671,136.520,5.476,0.70,NA,2025-10-19T00:39:34Z,EPTFUS,2025-10-18
LPE,2025-10-24T07:23:46Z,2025-10-24,02:23:46,2,LASBOR,1.000,32.925,4.95,0.000,0.275406,NA,NA,NA,NA,2,2,3.620,1,0,33.762,32.525,9.000,245AAA0666BC1507,id.csv,10 26\20251024,245AAA0666BC1507_20251024_072346T.WAV,245AAA0666BC1507_20251024_072346_000,NA,NA,NA,2,33.076,1135.417,33.062,2.036,135.718,3.067,0.61,NA,2025-10-24T07:23:46Z,LASBOR,2025-10-23
LPE,2025-10-17T07:48:30Z,2025-10-17,02:48:30,2,LASBOR,0.667,43.511,43.95,0.000,0.151072,MYOLUC,NA,NA,NA,3,3,2.597,1,0,47.924,42.894,9.000,245AAA0666BC1507,id.csv,10 19\20251017,245AAA0666BC1507_20251017_074830T.WAV,245AAA0666BC1507_20251017_074830_000,NA,NA,NA,2,44.767,382.500,45.072,1.049,82.204,2.230,1.08,NA,2025-10-17T07:48:30Z,LASBOR,2025-10-16
LPE,2025-10-17T03:32:46Z,2025-10-16,22:32:46,22,LASCIN,0.909,20.039,21.37,0.000,0.345835,EPTFUS,NA,NA,NA,11,11,4.530,1,0,22.222,19.808,9.000,245AAA0666BC1507,id.csv,10 19\20251017,245AAA0666BC1507_20251017_033246T.WAV,245AAA0666BC1507_20251017_033246_000,NA,NA,NA,10,20.622,386.517,20.670,2.149,127.671,3.967,1.60,NA,2025-10-17T03:32:46Z,LASCIN,2025-10-16
LPE,2025-10-17T23:37:02Z,2025-10-17,18:37:02,18,LASCIN,0.900,22.305,20.85,0.000,0.363909,EPTFUS,NA,NA,NA,10,10,4.353,1,0,23.629,21.900,9.000,245AAA0666BC1507,id.csv,10 19\20251017,245AAA0666BC1507_20251017_233702T.WAV,245AAA0666BC1507_20251017_233702_000,NA,NA,NA,9,22.608,367.403,22.903,1.488,72.754,3.275,1.28,NA,2025-10-17T23:37:02Z,LASCIN,2025-10-17
LPE,2025-10-17T03:33:14Z,2025-10-16,22:33:14,22,LASCIN,1.000,19.479,20.77,0.000,0.388475,NA,NA,NA,NA,7,7,5.605,1,0,21.779,19.259,9.000,245AAA0666BC1507,id.csv,10 19\20251017,245AAA0666BC1507_20251017_033314T.WAV,245AAA0666BC1507_20251017_033314_000,NA,NA,NA,7,20.135,602.612,19.922,3.356,98.580,5.071,1.09,NA,2025-10-17T03:33:14Z,LASCIN,2025-10-16
LPE,2025-10-25T00:12:06Z,2025-10-24,19:12:06,19,LASCIN,1.000,23.024,7.34,0.000,0.392935,NA,NA,NA,NA,6,6,3.811,1,0,23.429,22.837,9.000,245AAA0666BC1507,id.csv,10 26\20251025,245AAA0666BC1507_20251025_001206T.WAV,245AAA0666BC1507_20251025_001206_000,NA,NA,NA,6,23.103,113.551,23.124,1.527,-60.903,3.030,1.24,NA,2025-10-25T00:12:06Z,LASCIN,2025-10-24
LPE,2025-10-26T01:49:38Z,2025-10-25,20:49:38,20,LASCIN,1.000,12.942,-2.39,0.000,0.426638,NA,NA,NA,NA,6,6,5.358,1,0,13.049,12.774,9.000,245AAA0666BC1507,id.csv,10 26\20251026,245AAA0666BC1507_20251026_014938T.WAV,245AAA0666BC1507_20251026_014938_000,NA,NA,NA,6,12.907,42.276,12.905,1.851,5.003,3.399,1.49,NA,2025-10-26T01:49:38Z,LASCIN,2025-10-25
LPE,2025-10-25T00:59:28Z,2025-10-24,19:59:28,19,LASCIN,1.000,22.765,30.09,0.000,0.336704,NA,NA,NA,NA,6,6,7.390,1,0,24.513,22.484,9.000,245AAA0666BC1507,id.csv,10 26\20251025,245AAA0666BC1507_20251025_005928T.WAV,245AAA0666BC1507_20251025_005928_000,NA,NA,NA,6,23.397,493.797,23.294,4.862,55.594,6.050,2.43,NA,2025-10-25T00:59:28Z,LASCIN,2025-10-24
LPE,2025-10-26T03:12:14Z,2025-10-25,22:12:14,22,LASCIN,1.000,16.689,7.08,0.000,0.439149,NA,NA,NA,NA,5,5,2.585,1,0,16.921,16.476,9.000,245AAA0666BC1507,id.csv,10 26\20251026,245AAA0666BC1507_20251026_031214T.WAV,245AAA0666BC1507_20251026_031214_000,NA,NA,NA,5,16.717,113.040,16.703,1.101,-2.482,2.107,0.92,NA,2025-10-26T03:12:14Z,LASCIN,2025-10-25
LPE,2025-10-23T02:14:22Z,2025-10-22,21:14:22,21,LASCIN,1.000,16.660,11.67,0.000,0.440104,NA,NA,NA,NA,3,3,2.545,1,0,17.047,16.565,9.000,245AAA0666BC1507,id.csv,10 26\20251023,245AAA0666BC1507_20251023_021422T.WAV,245AAA0666BC1507_20251023_021422_000,NA,NA,NA,3,16.772,91.897,16.703,1.035,47.033,1.752,1.59,NA,2025-10-23T02:14:22Z,LASCIN,2025-10-22
LPE,2025-10-18T00:37:00Z,2025-10-17,19:37:00,19,LASCIN,1.000,23.151,24.19,0.000,0.377709,NA,NA,NA,NA,3,3,3.172,1,0,24.568,22.906,9.000,245AAA0666BC1507,id.csv,10 19\20251018,245AAA0666BC1507_20251018_003700T.WAV,245AAA0666BC1507_20251018_003700_000,NA,NA,NA,3,23.559,408.132,24.028,0.722,52.386,2.710,1.39,NA,2025-10-18T00:37:00Z,LASCIN,2025-10-17
LPE,2025-10-25T04:21:18Z,2025-10-24,23:21:18,23,LASCIN,1.000,11.940,5.24,0.000,0.417446,NA,NA,NA,NA,2,2,3.670,1,0,12.077,11.888,9.000,245AAA0666BC1507,id.csv,10 26\20251025,245AAA0666BC1507_20251025_042118T.WAV,245AAA0666BC1507_20251025_042118_000,NA,NA,NA,2,11.994,203.442,12.015,0.664,-20.659,2.503,0.52,NA,2025-10-25T04:21:18Z,LASCIN,2025-10-24
LPE,2025-10-17T23:45:40Z,2025-10-17,18:45:40,18,LASCIN,1.000,22.729,-4.00,0.000,0.414342,NA,NA,NA,NA,2,2,5.141,1,0,23.291,21.780,9.000,245AAA0666BC1507,id.csv,10 19\20251017,245AAA0666BC1507_20251017_234540T.WAV,245AAA0666BC1507_20251017_234540_000,NA,NA,NA,2,22.566,6842.320,22.728,1.743,-12.444,2.445,0.67,NA,2025-10-17T23:45:40Z,LASCIN,2025-10-17
LPE,2025-10-19T00:02:14Z,2025-10-18,19:02:14,19,LASCIN,1.000,22.794,9.66,0.000,0.399027,NA,NA,NA,NA,2,2,2.619,1,0,23.326,22.637,9.000,245AAA0666BC1507,id.csv,10 19\20251019,245AAA0666BC1507_20251019_000214T.WAV,245AAA0666BC1507_20251019_000214_000,NA,NA,NA,2,22.926,1028.716,23.028,0.780,86.647,2.353,0.84,NA,2025-10-19T00:02:14Z,LASCIN,2025-10-18
LPE,2025-10-19T00:26:44Z,2025-10-18,19:26:44,19,LASCIN,1.000,23.362,15.89,0.000,0.406458,NA,NA,NA,NA,2,2,2.864,1,0,24.281,23.259,9.000,245AAA0666BC1507,id.csv,10 19\20251019,245AAA0666BC1507_20251019_002644T.WAV,245AAA0666BC1507_20251019_002644_000,NA,NA,NA,2,23.744,407.954,23.705,1.586,44.395,2.864,0.91,NA,2025-10-19T00:26:44Z,LASCIN,2025-10-18
LPE,2025-10-19T00:40:44Z,2025-10-18,19:40:44,19,LASCIN,1.000,23.114,3.14,0.000,0.360659,NA,NA,NA,NA,2,2,3.410,1,0,24.106,22.737,9.000,245AAA0666BC1507,id.csv,10 19\20251019,245AAA0666BC1507_20251019_004044T.WAV,245AAA0666BC1507_20251019_004044_000,NA,NA,NA,2,23.358,678.610,23.291,1.687,28.271,2.813,1.04,NA,2025-10-19T00:40:44Z,LASCIN,2025-10-18
LPE,2025-10-17T21:35:42Z,2025-10-17,16:35:42,16,LASCIN,1.000,12.535,-12.93,0.000,0.427147,NA,NA,NA,NA,2,2,5.883,1,0,12.629,12.315,9.000,245AAA0666BC1507,id.csv,10 19\20251017,245AAA0666BC1507_20251017_213542T.WAV,245AAA0666BC1507_20251017_213542_000,NA,NA,NA,2,12.475,733.012,12.334,3.138,5.357,4.941,0.56,NA,2025-10-17T21:35:42Z,LASCIN,2025-10-16
LPE,2025-10-17T23:11:50Z,2025-10-17,18:11:50,18,LASCIN,1.000,9.878,-1.09,0.000,0.406490,NA,NA,NA,NA,2,2,8.271,1,0,10.081,9.778,9.000,245AAA0666BC1507,id.csv,10 19\20251017,245AAA0666BC1507_20251017_231150T.WAV,245AAA0666BC1507_20251017_231150_000,NA,NA,NA,2,9.948,238.767,9.866,3.471,3.323,4.682,0.44,NA,2025-10-17T23:11:50Z,LASCIN,2025-10-17
LPE,2025-10-17T01:14:38Z,2025-10-16,20:14:38,20,LASCIN,1.000,9.867,1.12,0.000,0.406065,NA,NA,NA,NA,2,2,5.465,1,0,9.975,9.836,9.000,245AAA0666BC1507,id.csv,10 19\20251017,245AAA0666BC1507_20251017_011438T.WAV,245AAA0666BC1507_20251017_011438_000,NA,NA,NA,2,9.902,407.349,9.879,1.827,10.031,3.447,0.26,NA,2025-10-17T01:14:38Z,LASCIN,2025-10-16
LPE,2025-10-16T04:39:58Z,2025-10-15,23:39:58,23,LASCIN,0.400,20.422,1.53,0.000,0.108073,EPTFUS,NA,NA,NA,5,5,3.839,1,0,20.654,20.213,9.000,245AAA0666BC1507,id.csv,10 19\20251016,245AAA0666BC1507_20251016_043958T.WAV,245AAA0666BC1507_20251016_043958_000,NA,NA,NA,2,20.429,1460.092,20.389,1.174,-83.320,2.857,2.37,NA,2025-10-16T04:39:58Z,LASCIN,2025-10-15
LPE,2025-10-18T07:40:02Z,2025-10-18,02:40:02,2,LASNOC,0.586,27.297,53.12,0.000,0.262825,EPTFUS,NA,NA,NA,30,29,4.207,1,0,37.540,27.093,9.000,245AAA0666BC1507,id.csv,10 19\20251018,245AAA0666BC1507_20251018_074002T.WAV,245AAA0666BC1507_20251018_074002_000,NA,NA,NA,17,30.368,151.619,28.603,2.824,293.641,4.059,5.53,NA,2025-10-18T07:40:02Z,LASNOC,2025-10-17
LPE,2025-10-19T02:12:26Z,2025-10-18,21:12:26,21,LASNOC,0.727,27.883,29.01,0.000,0.303717,EPTFUS,NA,NA,NA,23,22,4.877,1,0,41.389,27.636,9.000,245AAA0666BC1507,id.csv,10 19\20251019,245AAA0666BC1507_20251019_021226T.WAV,245AAA0666BC1507_20251019_021226_000,NA,NA,NA,16,31.105,182.150,28.746,3.471,393.860,4.725,4.53,NA,2025-10-19T02:12:26Z,LASNOC,2025-10-18
LPE,2025-10-25T00:43:50Z,2025-10-24,19:43:50,19,LASNOC,0.750,25.897,11.95,0.000,0.256296,EPTFUS,NA,NA,NA,21,20,7.381,1,0,33.275,25.430,9.000,245AAA0666BC1507,id.csv,10 26\20251025,245AAA0666BC1507_20251025_004350T.WAV,245AAA0666BC1507_20251025_004350_000,NA,NA,NA,15,27.625,317.553,26.247,4.867,230.792,6.519,4.97,NA,2025-10-25T00:43:50Z,LASNOC,2025-10-24
LPE,2025-10-15T23:56:28Z,2025-10-15,18:56:28,18,LASNOC,0.615,25.750,25.27,0.000,0.216554,EPTFUS,NA,NA,NA,16,13,5.777,1,0,31.829,25.383,9.000,245AAA0666BC1507,id.csv,10 19\20251015,245AAA0666BC1507_20251015_235628T.WAV,245AAA0666BC1507_20251015_235628_000,NA,NA,NA,8,27.446,264.911,26.381,3.968,184.839,5.387,3.97,NA,2025-10-15T23:56:28Z,LASNOC,2025-10-15
LPE,2025-10-17T00:17:28Z,2025-10-16,19:17:28,19,LASNOC,1.000,25.777,19.66,0.000,0.357899,NA,NA,NA,NA,7,7,3.912,1,0,27.665,25.326,9.000,245AAA0666BC1507,id.csv,10 19\20251017,245AAA0666BC1507_20251017_001728T.WAV,245AAA0666BC1507_20251017_001728_000,NA,NA,NA,7,26.299,524.510,26.325,1.945,100.402,3.322,1.81,NA,2025-10-17T00:17:28Z,LASNOC,2025-10-16
LPE,2025-10-25T00:59:42Z,2025-10-24,19:59:42,19,LASNOC,0.778,25.550,18.48,0.000,0.270717,EPTFUS,NA,NA,NA,9,9,9.703,1,0,32.495,25.084,9.000,245AAA0666BC1507,id.csv,10 26\20251025,245AAA0666BC1507_20251025_005942T.WAV,245AAA0666BC1507_20251025_005942_000,NA,NA,NA,7,27.232,271.449,25.933,7.431,182.349,8.636,2.68,NA,2025-10-25T00:59:42Z,LASNOC,2025-10-24
LPE,2025-10-17T00:17:42Z,2025-10-16,19:17:42,19,LASNOC,0.467,25.032,13.67,0.000,0.163739,LASCIN,EPTFUS,NA,NA,15,15,7.780,1,0,29.493,24.269,9.000,245AAA0666BC1507,id.csv,10 19\20251017,245AAA0666BC1507_20251017_001742T.WAV,245AAA0666BC1507_20251017_001742_000,NA,NA,NA,7,26.132,435.368,25.579,4.456,95.333,6.169,5.06,NA,2025-10-17T00:17:42Z,LASNOC,2025-10-16
LPE,2025-10-23T04:47:12Z,2025-10-22,23:47:12,23,LASNOC,0.500,29.529,72.23,0.000,0.141654,EPTFUS,NA,NA,NA,8,8,2.902,1,0,35.882,28.137,9.000,245AAA0666BC1507,id.csv,10 26\20251023,245AAA0666BC1507_20251023_044712T.WAV,245AAA0666BC1507_20251023_044712_000,NA,NA,NA,4,30.992,552.089,31.022,1.549,317.732,2.404,2.96,NA,2025-10-23T04:47:12Z,LASNOC,2025-10-22
LPE,2025-10-18T00:00:50Z,2025-10-17,19:00:50,19,LASNOC,0.750,28.101,41.46,0.000,0.300191,EPTFUS,NA,NA,NA,4,4,2.840,1,0,32.871,27.975,9.000,245AAA0666BC1507,id.csv,10 19\20251018,245AAA0666BC1507_20251018_000050T.WAV,245AAA0666BC1507_20251018_000050_000,NA,NA,NA,3,29.545,124.253,29.098,1.643,240.343,2.804,1.01,NA,2025-10-18T00:00:50Z,LASNOC,2025-10-17
LPE,2025-10-18T00:26:58Z,2025-10-17,19:26:58,19,LASNOC,0.750,27.620,37.93,0.000,0.319590,EPTFUS,NA,NA,NA,4,4,3.641,1,0,34.304,27.307,9.000,245AAA0666BC1507,id.csv,10 19\20251018,245AAA0666BC1507_20251018_002658T.WAV,245AAA0666BC1507_20251018_002658_000,NA,NA,NA,3,29.553,346.557,28.365,2.491,151.829,3.459,1.09,NA,2025-10-18T00:26:58Z,LASNOC,2025-10-17
LPE,2025-10-14T23:52:30Z,2025-10-14,18:52:30,18,LASNOC,0.600,26.039,6.61,0.000,0.280129,EPTFUS,NA,NA,NA,5,5,5.808,1,0,31.379,25.598,9.000,245AAA0666BC1507,id.csv,10 19\20251014,245AAA0666BC1507_20251014_235230T.WAV,245AAA0666BC1507_20251014_235230_000,NA,NA,NA,3,27.311,582.088,26.294,4.208,172.772,5.146,1.67,NA,2025-10-14T23:52:30Z,LASNOC,2025-10-14
LPE,2025-10-19T00:22:32Z,2025-10-18,19:22:32,19,LASNOC,0.600,28.108,33.31,0.000,0.224318,EPTFUS,NA,NA,NA,5,5,3.380,1,0,33.199,27.886,9.000,245AAA0666BC1507,id.csv,10 19\20251019,245AAA0666BC1507_20251019_002232T.WAV,245AAA0666BC1507_20251019_002232_000,NA,NA,NA,3,29.680,384.788,28.886,1.741,185.428,2.618,1.73,NA,2025-10-19T00:22:32Z,LASNOC,2025-10-18
LPE,2025-10-25T00:41:16Z,2025-10-24,19:41:16,19,LASNOC,0.500,26.194,32.06,0.000,0.178529,EPTFUS,NA,NA,NA,6,6,4.304,1,0,31.878,25.415,9.000,245AAA0666BC1507,id.csv,10 26\20251025,245AAA0666BC1507_20251025_004116T.WAV,245AAA0666BC1507_20251025_004116_000,NA,NA,NA,3,27.680,617.388,26.951,2.862,176.131,3.886,1.86,NA,2025-10-25T00:41:16Z,LASNOC,2025-10-24
LPE,2025-10-17T01:14:24Z,2025-10-16,20:14:24,20,LASNOC,0.333,24.489,20.77,0.000,0.100976,LASCIN,EPTFUS,NA,NA,9,9,5.647,1,0,27.660,24.248,9.000,245AAA0666BC1507,id.csv,10 19\20251017,245AAA0666BC1507_20251017_011424T.WAV,245AAA0666BC1507_20251017_011424_000,NA,NA,NA,3,25.345,322.769,25.204,2.917,114.704,5.042,2.65,NA,2025-10-17T01:14:24Z,LASNOC,2025-10-16
LPE,2025-10-19T01:51:12Z,2025-10-18,20:51:12,20,LASNOC,1.000,28.513,28.91,0.000,0.339174,NA,NA,NA,NA,2,2,3.419,1,0,31.945,28.194,9.000,245AAA0666BC1507,id.csv,10 19\20251019,245AAA0666BC1507_20251019_015112T.WAV,245AAA0666BC1507_20251019_015112_000,NA,NA,NA,2,29.440,1218.765,29.005,2.385,173.739,3.144,0.53,NA,2025-10-19T01:51:12Z,LASNOC,2025-10-18
LPE,2025-10-17T11:50:28Z,2025-10-17,06:50:28,6,LASNOC,1.000,24.927,4.38,0.000,0.233619,NA,NA,NA,NA,2,2,2.812,1,0,25.199,24.617,9.000,245AAA0666BC1507,id.csv,10 19\20251017,245AAA0666BC1507_20251017_115028T.WAV,245AAA0666BC1507_20251017_115028_000,NA,NA,NA,2,24.891,796.831,25.001,0.802,-95.210,2.088,0.76,NA,2025-10-17T11:50:28Z,LASNOC,2025-10-16
LPE,2025-10-19T00:46:35Z,2025-10-18,19:46:35,19,LASNOC,0.667,26.876,14.61,0.000,0.293460,EPTFUS,NA,NA,NA,3,3,3.763,1,0,29.292,26.698,8.000,245AAA0666BC1507,id.csv,10 19\20251019,245AAA0666BC1507_20251019_004635T.WAV,245AAA0666BC1507_20251019_004635_000,NA,NA,NA,2,27.525,499.217,27.281,2.185,94.748,3.414,1.92,NA,2025-10-19T00:46:35Z,LASNOC,2025-10-18
LPE,2025-10-17T11:08:14Z,2025-10-17,06:08:14,6,LASNOC,0.667,28.899,-5.00,0.000,0.105658,LASBOR,NA,NA,NA,3,3,3.643,1,0,29.721,28.251,9.000,245AAA0666BC1507,id.csv,10 19\20251017,245AAA0666BC1507_20251017_110814T.WAV,245AAA0666BC1507_20251017_110814_000,NA,NA,NA,2,28.852,498.401,28.820,1.849,164.050,2.836,1.74,NA,2025-10-17T11:08:14Z,LASNOC,2025-10-16
LPI,2025-10-25T00:41:04Z,2025-10-24,19:41:04,19,EPTFUS,0.667,25.412,22.00,0.000,0.256545,LASNOC,NA,NA,NA,7,6,4.961,1,0,32.052,25.090,9.000,245AAA0666BC08AE,id.csv,10 26\20251025,245AAA0666BC08AE_20251025_004104T.WAV,245AAA0666BC08AE_20251025_004104_000,NA,NA,NA,4,27.374,500.718,25.750,3.731,242.312,4.658,1.99,NA,2025-10-25T00:41:04Z,EPTFUS,2025-10-24
LPI,2025-10-25T01:02:18Z,2025-10-24,20:02:18,20,EPTFUS,0.667,26.139,2.00,0.000,0.222250,LASNOC,NA,NA,NA,3,3,5.511,1,0,30.332,25.710,9.000,245AAA0666BC08AE,id.csv,10 26\20251025,245AAA0666BC08AE_20251025_010218T.WAV,245AAA0666BC08AE_20251025_010218_000,NA,NA,NA,2,27.129,312.701,26.385,3.702,95.281,4.894,0.58,NA,2025-10-25T01:02:18Z,EPTFUS,2025-10-24
LPI,2025-10-25T00:29:52Z,2025-10-24,19:29:52,19,LASCIN,1.000,12.622,0.83,0.000,0.424290,NA,NA,NA,NA,29,29,4.826,1,0,12.739,12.543,9.000,245AAA0666BC08AE,id.csv,10 26\20251025,245AAA0666BC08AE_20251025_002952T.WAV,245AAA0666BC08AE_20251025_002952_000,NA,NA,NA,29,12.623,283.439,12.632,1.987,20.635,3.618,6.52,NA,2025-10-25T00:29:52Z,LASCIN,2025-10-24
LPI,2025-10-25T00:29:24Z,2025-10-24,19:29:24,19,LASCIN,1.000,16.170,-2.12,0.000,0.426299,NA,NA,NA,NA,16,16,8.402,1,0,16.362,16.044,9.000,245AAA0666BC08AE,id.csv,10 26\20251025,245AAA0666BC08AE_20251025_002924T.WAV,245AAA0666BC08AE_20251025_002924_000,NA,NA,NA,16,16.187,358.720,16.181,3.371,10.323,5.845,3.65,NA,2025-10-25T00:29:24Z,LASCIN,2025-10-24
LPI,2025-10-25T00:50:10Z,2025-10-24,19:50:10,19,LASCIN,1.000,22.495,6.75,0.000,0.425730,NA,NA,NA,NA,3,3,4.081,1,0,22.860,22.285,9.000,245AAA0666BC08AE,id.csv,10 26\20251025,245AAA0666BC08AE_20251025_005010T.WAV,245AAA0666BC08AE_20251025_005010_000,NA,NA,NA,3,22.541,1131.150,22.599,1.004,83.983,3.431,1.00,NA,2025-10-25T00:50:10Z,LASCIN,2025-10-24
LPI,2025-10-25T02:20:56Z,2025-10-24,21:20:56,21,LASCIN,0.600,23.807,6.69,0.000,0.218610,LASNOC,NA,NA,NA,6,5,5.842,1,0,25.450,23.356,9.000,245AAA0666BC08AE,id.csv,10 26\20251025,245AAA0666BC08AE_20251025_022056T.WAV,245AAA0666BC08AE_20251025_022056_000,NA,NA,NA,3,24.290,327.384,24.123,3.575,58.225,4.966,2.41,NA,2025-10-25T02:20:56Z,LASCIN,2025-10-24
LPI,2025-10-25T00:45:58Z,2025-10-24,19:45:58,19,LASCIN,1.000,21.370,-9.81,0.000,0.373657,NA,NA,NA,NA,2,2,3.299,1,0,21.569,20.916,9.000,245AAA0666BC08AE,id.csv,10 26\20251025,245AAA0666BC08AE_20251025_004558T.WAV,245AAA0666BC08AE_20251025_004558_000,NA,NA,NA,2,21.230,5.377,21.255,1.226,-51.468,3.299,0.84,NA,2025-10-25T00:45:58Z,LASCIN,2025-10-24
LPI,2025-10-25T00:29:10Z,2025-10-24,19:29:10,19,LASCIN,1.000,18.570,-0.85,0.000,0.417094,NA,NA,NA,NA,2,2,4.231,1,0,18.646,18.395,9.000,245AAA0666BC08AE,id.csv,10 26\20251025,245AAA0666BC08AE_20251025_002910T.WAV,245AAA0666BC08AE_20251025_002910_000,NA,NA,NA,2,18.543,833.402,18.541,0.713,-40.379,2.356,0.84,NA,2025-10-25T00:29:10Z,LASCIN,2025-10-24
LPI,2025-10-24T06:32:00Z,2025-10-24,01:32:00,1,LASNOC,0.857,25.751,33.23,0.000,0.305382,EPTFUS,NA,NA,NA,7,7,4.539,1,0,29.798,25.239,9.000,245AAA0666BC08AE,id.csv,10 26\20251024,245AAA0666BC08AE_20251024_063200T.WAV,245AAA0666BC08AE_20251024_063200_000,NA,NA,NA,6,26.819,487.026,26.320,2.730,156.706,3.719,3.16,NA,2025-10-24T06:32:00Z,LASNOC,2025-10-23
LPI,2025-10-22T00:10:42Z,2025-10-21,19:10:42,19,LASNOC,1.000,25.733,-10.02,0.000,0.287901,NA,NA,NA,NA,5,5,4.264,1,0,28.360,24.716,9.000,245AAA0666BC08AE,id.csv,10 23\20251022,245AAA0666BC08AE_20251022_001042T.WAV,245AAA0666BC08AE_20251022_001042_000,NA,NA,NA,5,26.025,957.566,25.875,1.907,104.469,3.099,2.09,NA,2025-10-22T00:10:42Z,LASNOC,2025-10-21
LPI,2025-10-23T23:57:40Z,2025-10-23,18:57:40,18,LASNOC,0.714,24.738,19.97,0.000,0.136687,LASCIN,NA,NA,NA,9,7,2.913,1,0,26.505,23.887,9.000,245AAA0666BC08AE,id.csv,10 26\20251023,245AAA0666BC08AE_20251023_235740T.WAV,245AAA0666BC08AE_20251023_235740_000,NA,NA,NA,5,24.893,588.847,25.248,1.120,20.903,2.098,3.87,NA,2025-10-23T23:57:40Z,LASNOC,2025-10-23
LPI,2025-10-23T04:47:12Z,2025-10-22,23:47:12,23,LASNOC,0.714,27.293,27.66,0.000,0.301091,EPTFUS,NA,NA,NA,7,7,4.770,1,0,36.125,26.546,9.000,245AAA0666BC08AE,id.csv,10 23\20251023,245AAA0666BC08AE_20251023_044712T.WAV,245AAA0666BC08AE_20251023_044712_000,NA,NA,NA,5,29.281,275.094,28.032,3.170,315.278,4.315,2.51,NA,2025-10-23T04:47:12Z,LASNOC,2025-10-22
LPI,2025-10-25T00:59:44Z,2025-10-24,19:59:44,19,LASNOC,0.800,24.562,15.69,0.000,0.142675,LASCIN,NA,NA,NA,5,5,5.029,1,0,25.918,24.101,9.000,245AAA0666BC08AE,id.csv,10 26\20251025,245AAA0666BC08AE_20251025_005944T.WAV,245AAA0666BC08AE_20251025_005944_000,NA,NA,NA,4,24.890,613.377,24.976,2.280,14.679,4.097,1.29,NA,2025-10-25T00:59:44Z,LASNOC,2025-10-24
LPI,2025-10-24T10:09:56Z,2025-10-24,05:09:56,5,LASNOC,0.500,25.541,13.14,0.000,0.229419,EPTFUS,NA,NA,NA,6,6,6.995,1,0,34.918,24.976,9.000,245AAA0666BC08AE,id.csv,10 26\20251024,245AAA0666BC08AE_20251024_100956T.WAV,245AAA0666BC08AE_20251024_100956_000,NA,NA,NA,3,27.706,343.530,25.802,5.229,274.518,6.090,1.95,NA,2025-10-24T10:09:56Z,LASNOC,2025-10-23
LPO,2025-10-24T01:43:36Z,2025-10-23,20:43:36,20,EPTFUS,0.667,24.207,2.67,0,0.102213,LASNOC,NA,NA,NA,6,6,8.008,1,0,24.567,23.918,9,24E144036484A442,id.csv,10 26\20251024,24E144036484A442_20251024_014336T.WAV,24E144036484A442_20251024_014336_000,NA,NA,NA,4,24.219,44.992,24.233,2.635,8.397,5.334,1.31,NA,2025-10-24T01:43:36Z,EPTFUS,2025-10-23
LPO,2025-10-25T00:54:50Z,2025-10-24,19:54:50,19,EPTFUS,0.667,23.858,-23.34,0,0.079923,LASCIN,NA,NA,NA,3,3,3.479,1,0,24.003,23.439,9,24E144036484A442,id.csv,10 26\20251025,24E144036484A442_20251025_005450T.WAV,24E144036484A442_20251025_005450_000,NA,NA,NA,2,23.738,539.844,23.671,0.788,-42.246,2.577,0.82,NA,2025-10-25T00:54:50Z,EPTFUS,2025-10-24
LPO,2025-10-26T04:19:28Z,2025-10-25,23:19:28,23,EPTFUS,0.667,20.662,2.19,0,0.11234,LASCIN,NA,NA,NA,3,3,3.311,1,0,21.059,20.121,9,24E144036484A442,id.csv,10 26\20251026,24E144036484A442_20251026_041928T.WAV,24E144036484A442_20251026_041928_000,NA,NA,NA,2,20.545,185.869,20.682,1.484,-57.587,2.193,1.37,NA,2025-10-26T04:19:28Z,EPTFUS,2025-10-25
LPO,2025-10-26T01:34:02Z,2025-10-25,20:34:02,20,LASCIN,0.955,17.835,3.08,0,0.386119,EPTFUS,NA,NA,NA,22,22,3.901,1,0,18.135,17.564,9,24E144036484A442,id.csv,10 26\20251026,24E144036484A442_20251026_013402T.WAV,24E144036484A442_20251026_013402_000,NA,NA,NA,21,17.824,136.824,17.851,1.255,4.476,2.661,6.19,NA,2025-10-26T01:34:02Z,LASCIN,2025-10-25
LPO,2025-10-25T00:16:48Z,2025-10-24,19:16:48,19,LASCIN,0.833,21.161,0.39,0,0.296465,EPTFUS,NA,NA,NA,24,24,4.545,1,0,21.41,20.98,9,24E144036484A442,id.csv,10 26\20251025,24E144036484A442_20251025_001648T.WAV,24E144036484A442_20251025_001648_000,NA,NA,NA,20,21.163,40.653,21.191,1.187,0.828,3.046,7.45,NA,2025-10-25T00:16:48Z,LASCIN,2025-10-24
LPO,2025-10-25T00:04:26Z,2025-10-24,19:04:26,19,LASCIN,0.941,18.796,0.19,0,0.276869,EPTFUS,NA,NA,NA,17,17,21.077,1,0,18.977,18.659,9,24E144036484A442,id.csv,10 26\20251025,24E144036484A442_20251025_000426T.WAV,24E144036484A442_20251025_000426_000,NA,NA,NA,16,18.814,468.24,18.819,7.066,3.953,15.358,9.77,NA,2025-10-25T00:04:26Z,LASCIN,2025-10-24
LPO,2025-10-25T04:07:48Z,2025-10-24,23:07:48,23,LASCIN,1,10.184,1.62,0,0.382179,NA,NA,NA,NA,15,15,8.809,1,0,10.28,10.056,9,24E144036484A442,id.csv,10 26\20251025,24E144036484A442_20251025_040748T.WAV,24E144036484A442_20251025_040748_000,NA,NA,NA,15,10.179,39.24,10.202,3.877,-2.861,5.815,2.63,NA,2025-10-25T04:07:48Z,LASCIN,2025-10-24
LPO,2025-10-24T04:56:34Z,2025-10-23,23:56:34,23,LASCIN,1,13.03,0.78,0,0.41829,NA,NA,NA,NA,12,12,7.622,1,0,13.197,12.91,9,24E144036484A442,id.csv,10 26\20251024,24E144036484A442_20251024_045634T.WAV,24E144036484A442_20251024_045634_000,NA,NA,NA,12,13.024,79.698,13.042,2.423,13.898,4.628,2.42,NA,2025-10-24T04:56:34Z,LASCIN,2025-10-23
LPO,2025-10-24T00:26:36Z,2025-10-23,19:26:36,19,LASCIN,0.923,17.797,-1.56,0,0.382404,EPTFUS,NA,NA,NA,13,13,4.741,1,0,17.922,17.66,9,24E144036484A442,id.csv,10 26\20251024,24E144036484A442_20251024_002636T.WAV,24E144036484A442_20251024_002636_000,NA,NA,NA,12,17.79,29.919,17.784,1.316,20.21,3.167,1.38,NA,2025-10-24T00:26:36Z,LASCIN,2025-10-23
LPO,2025-10-25T00:27:46Z,2025-10-24,19:27:46,19,LASCIN,1,13.988,1.28,0,0.441036,NA,NA,NA,NA,10,10,5.602,1,0,14.159,13.85,9,24E144036484A442,id.csv,10 26\20251025,24E144036484A442_20251025_002746T.WAV,24E144036484A442_20251025_002746_000,NA,NA,NA,10,13.999,637.394,14.002,2.454,7.967,3.72,2.7,NA,2025-10-25T00:27:46Z,LASCIN,2025-10-24
LPO,2025-10-24T23:29:12Z,2025-10-24,18:29:12,18,LASCIN,1,10.683,1.4,0,0.410955,NA,NA,NA,NA,9,9,5.894,1,0,10.792,10.622,9,24E144036484A442,id.csv,10 26\20251024,24E144036484A442_20251024_232912T.WAV,24E144036484A442_20251024_232912_000,NA,NA,NA,9,10.689,128.528,10.68,1.662,6.269,3.825,1.3,NA,2025-10-24T23:29:12Z,LASCIN,2025-10-24
LPO,2025-10-24T11:36:02Z,2025-10-24,06:36:02,6,LASCIN,1,10.96,2.27,0,0.405931,NA,NA,NA,NA,8,8,8.568,1,0,11.079,10.87,9,24E144036484A442,id.csv,10 26\20251024,24E144036484A442_20251024_113602T.WAV,24E144036484A442_20251024_113602_000,NA,NA,NA,8,10.959,75.721,10.984,5.421,-6.553,6.833,2.52,NA,2025-10-24T11:36:02Z,LASCIN,2025-10-23
LPO,2025-10-25T02:44:02Z,2025-10-24,21:44:02,21,LASCIN,1,17.553,-5.17,0,0.441682,NA,NA,NA,NA,7,7,3.931,1,0,17.82,17.344,9,24E144036484A442,id.csv,10 26\20251025,24E144036484A442_20251025_024402T.WAV,24E144036484A442_20251025_024402_000,NA,NA,NA,7,17.546,31.965,17.462,1.269,29.813,2.683,1.38,NA,2025-10-25T02:44:02Z,LASCIN,2025-10-24
LPO,2025-10-24T23:10:18Z,2025-10-24,18:10:18,18,LASCIN,1,18.669,3.27,0,0.249862,NA,NA,NA,NA,7,7,27.351,1,0,18.869,18.49,9,24E144036484A442,id.csv,10 26\20251024,24E144036484A442_20251024_231018T.WAV,24E144036484A442_20251024_231018_000,NA,NA,NA,7,18.69,473.108,18.724,11.886,6.447,14.821,1.15,NA,2025-10-24T23:10:18Z,LASCIN,2025-10-24
LPO,2025-10-24T23:10:04Z,2025-10-24,18:10:04,18,LASCIN,1,18.719,0.54,0,0.298919,NA,NA,NA,NA,5,5,21.226,1,0,19.142,18.477,9,24E144036484A442,id.csv,10 26\20251024,24E144036484A442_20251024_231004T.WAV,24E144036484A442_20251024_231004_000,NA,NA,NA,5,18.721,221.407,18.736,6.622,19.879,9.656,1.07,NA,2025-10-24T23:10:04Z,LASCIN,2025-10-24
LPO,2025-10-24T08:55:02Z,2025-10-24,03:55:02,3,LASCIN,1,23.256,19.43,0,0.40758,NA,NA,NA,NA,5,5,6.236,1,0,25.261,23.011,9,24E144036484A442,id.csv,10 26\20251024,24E144036484A442_20251024_085502T.WAV,24E144036484A442_20251024_085502_000,NA,NA,NA,5,23.912,720.107,23.964,2.986,50.139,5.552,1.24,NA,2025-10-24T08:55:02Z,LASCIN,2025-10-23
LPO,2025-10-25T02:57:06Z,2025-10-24,21:57:06,21,LASCIN,1,16.979,14.55,0,0.452103,NA,NA,NA,NA,5,5,3.985,1,0,17.305,16.822,9,24E144036484A442,id.csv,10 26\20251025,24E144036484A442_20251025_025706T.WAV,24E144036484A442_20251025_025706_000,NA,NA,NA,5,17.039,304.257,17.228,0.983,17.409,2.53,2.12,NA,2025-10-25T02:57:06Z,LASCIN,2025-10-24
LPO,2025-10-19T23:42:14Z,2025-10-19,18:42:14,18,LASCIN,1,17.461,0.31,0,0.394134,NA,NA,NA,NA,5,5,13.916,1,0,17.692,17.265,9,24E144036484A442,id.csv,10 21\20251019,24E144036484A442_20251019_234214T.WAV,24E144036484A442_20251019_234214_000,NA,NA,NA,5,17.445,29.785,17.438,9.139,34.906,10.377,1.9,NA,2025-10-19T23:42:14Z,LASCIN,2025-10-19
LPO,2025-10-25T01:37:04Z,2025-10-24,20:37:04,20,LASCIN,1,18.256,0.73,0,0.284742,NA,NA,NA,NA,4,4,24.375,1,0,18.467,18.12,9,24E144036484A442,id.csv,10 26\20251025,24E144036484A442_20251025_013704T.WAV,24E144036484A442_20251025_013704_000,NA,NA,NA,4,18.256,43.827,18.245,6.052,44.852,22.248,2.93,NA,2025-10-25T01:37:04Z,LASCIN,2025-10-24
LPO,2025-10-23T23:40:10Z,2025-10-23,18:40:10,18,LASCIN,1,13.658,2.51,0,0.435681,NA,NA,NA,NA,4,4,5.611,1,0,13.966,13.577,9,24E144036484A442,id.csv,10 26\20251023,24E144036484A442_20251023_234010T.WAV,24E144036484A442_20251023_234010_000,NA,NA,NA,4,13.713,45.14,13.675,2.04,46.995,3.428,0.91,NA,2025-10-23T23:40:10Z,LASCIN,2025-10-23
LPO,2025-10-25T02:03:40Z,2025-10-24,21:03:40,21,LASCIN,1,19.828,5.14,0,0.275252,NA,NA,NA,NA,4,4,28.817,1,0,20.127,19.755,9,24E144036484A442,id.csv,10 26\20251025,24E144036484A442_20251025_020340T.WAV,24E144036484A442_20251025_020340_000,NA,NA,NA,4,19.912,57.115,19.939,12.401,16.865,19.959,2.51,NA,2025-10-25T02:03:40Z,LASCIN,2025-10-24
LPO,2025-10-25T05:58:24Z,2025-10-25,00:58:24,0,LASCIN,1,11.897,-0.06,0,0.419693,NA,NA,NA,NA,4,4,5.944,1,0,12.071,11.848,9,24E144036484A442,id.csv,10 26\20251025,24E144036484A442_20251025_055824T.WAV,24E144036484A442_20251025_055824_000,NA,NA,NA,4,11.924,609.808,11.927,2.672,12.173,5.272,1.03,NA,2025-10-25T05:58:24Z,LASCIN,2025-10-24
LPO,2025-10-25T00:04:12Z,2025-10-24,19:04:12,19,LASCIN,0.8,18.959,-15.53,0,0.210378,EPTFUS,NA,NA,NA,5,5,32.798,1,0,19.078,18.668,9,24E144036484A442,id.csv,10 26\20251025,24E144036484A442_20251025_000412T.WAV,24E144036484A442_20251025_000412_000,NA,NA,NA,4,18.879,388.587,18.781,18.477,61.379,23.855,1.06,NA,2025-10-25T00:04:12Z,LASCIN,2025-10-24
LPO,2025-10-25T00:11:40Z,2025-10-24,19:11:40,19,LASCIN,1,19.632,5.45,0,0.338809,NA,NA,NA,NA,3,3,18.067,1,0,19.987,19.527,9,24E144036484A442,id.csv,10 26\20251025,24E144036484A442_20251025_001140T.WAV,24E144036484A442_20251025_001140_000,NA,NA,NA,3,19.728,234.003,19.749,9.422,-12.837,13.737,0.71,NA,2025-10-25T00:11:40Z,LASCIN,2025-10-24
LPO,2025-10-19T23:57:10Z,2025-10-19,18:57:10,18,LASCIN,0.75,20.318,7.02,0,0.253597,EPTFUS,NA,NA,NA,4,4,4.034,1,0,20.542,20.19,9,24E144036484A442,id.csv,10 21\20251019,24E144036484A442_20251019_235710T.WAV,24E144036484A442_20251019_235710_000,NA,NA,NA,3,20.316,12.572,20.422,1.576,60.122,2.855,0.71,NA,2025-10-19T23:57:10Z,LASCIN,2025-10-19
LPO,2025-10-25T00:32:26Z,2025-10-24,19:32:26,19,LASCIN,1,12.832,-9.04,0,0.4245,NA,NA,NA,NA,2,2,11.755,1,0,12.903,12.639,9,24E144036484A442,id.csv,10 26\20251025,24E144036484A442_20251025_003226T.WAV,24E144036484A442_20251025_003226_000,NA,NA,NA,2,12.764,323.904,12.71,0.94,9.883,3.908,0.53,NA,2025-10-25T00:32:26Z,LASCIN,2025-10-24
LPO,2025-10-25T00:12:22Z,2025-10-24,19:12:22,19,LASCIN,1,11.028,5.46,0,0.410447,NA,NA,NA,NA,2,2,4.334,1,0,11.174,10.945,9,24E144036484A442,id.csv,10 26\20251025,24E144036484A442_20251025_001222T.WAV,24E144036484A442_20251025_001222_000,NA,NA,NA,2,11.058,356.859,11.074,0.364,14.067,1.45,0.41,NA,2025-10-25T00:12:22Z,LASCIN,2025-10-24
LPO,2025-10-25T00:23:06Z,2025-10-24,19:23:06,19,LASCIN,1,22.048,0,0,0.409564,NA,NA,NA,NA,2,2,4.407,1,0,22.308,21.84,9,24E144036484A442,id.csv,10 26\20251025,24E144036484A442_20251025_002306T.WAV,24E144036484A442_20251025_002306_000,NA,NA,NA,2,22.022,925.071,22.048,1.315,53.286,3.196,0.42,NA,2025-10-25T00:23:06Z,LASCIN,2025-10-24
LPO,2025-10-24T03:40:44Z,2025-10-23,22:40:44,22,LASCIN,1,15.588,2.29,0,0.448091,NA,NA,NA,NA,2,2,3.474,1,0,15.74,15.446,9,24E144036484A442,id.csv,10 26\20251024,24E144036484A442_20251024_034044T.WAV,24E144036484A442_20251024_034044_000,NA,NA,NA,2,15.613,645.256,15.636,0.918,-3.942,2.838,0.62,NA,2025-10-24T03:40:44Z,LASCIN,2025-10-23
LPO,2025-10-24T23:53:56Z,2025-10-24,18:53:56,18,LASCIN,1,22.535,-9.42,0,0.38842,NA,NA,NA,NA,2,2,7.283,1,0,22.989,22.131,9,24E144036484A442,id.csv,10 26\20251024,24E144036484A442_20251024_235356T.WAV,24E144036484A442_20251024_235356_000,NA,NA,NA,2,22.506,1309.256,22.379,3.638,-30.485,5.682,1.08,NA,2025-10-24T23:53:56Z,LASCIN,2025-10-24
LPO,2025-10-24T22:57:00Z,2025-10-24,17:57:00,17,LASCIN,1,13.094,3.29,0,0.427934,NA,NA,NA,NA,2,2,4.112,1,0,13.224,13.04,9,24E144036484A442,id.csv,10 26\20251024,24E144036484A442_20251024_225700T.WAV,24E144036484A442_20251024_225700_000,NA,NA,NA,2,13.136,57.312,13.148,1.369,-43.598,3.197,0.44,NA,2025-10-24T22:57:00Z,LASCIN,2025-10-23
LPO,2025-10-24T03:44:00Z,2025-10-23,22:44:00,22,LASCIN,1,22.286,15.32,0,0.391507,NA,NA,NA,NA,2,2,3.484,1,0,22.728,22.072,9,24E144036484A442,id.csv,10 26\20251024,24E144036484A442_20251024_034400T.WAV,24E144036484A442_20251024_034400_000,NA,NA,NA,2,22.388,24.723,22.442,0.98,-11.397,1.876,0.72,NA,2025-10-24T03:44:00Z,LASCIN,2025-10-23
LPO,2025-10-12T23:44:34Z,2025-10-12,18:44:34,18,LASCIN,1,15.646,5.42,0,0.436691,NA,NA,NA,NA,2,2,2.3,1,0,15.893,15.231,9,24E144036484A442,id.csv,10 19\20251012,24E144036484A442_20251012_234434T.WAV,24E144036484A442_20251012_234434_000,NA,NA,NA,2,15.653,2468.256,15.722,1.15,-71.084,1.919,1.21,NA,2025-10-12T23:44:34Z,LASCIN,2025-10-12
LPO,2025-10-24T23:18:42Z,2025-10-24,18:18:42,18,LASCIN,1,21.477,-4.24,0,0.444535,NA,NA,NA,NA,2,2,9.629,1,0,21.652,21.164,9,24E144036484A442,id.csv,10 26\20251024,24E144036484A442_20251024_231842T.WAV,24E144036484A442_20251024_231842_000,NA,NA,NA,2,21.399,55.512,21.37,2.897,121.961,6.355,0.56,NA,2025-10-24T23:18:42Z,LASCIN,2025-10-24
LPO,2025-10-25T01:03:28Z,2025-10-24,20:03:28,20,LASNOC,0.525,26.354,20.14,0,0.223577,EPTFUS,NA,NA,NA,60,59,8.458,1,0,34.981,25.887,9,24E144036484A442,id.csv,10 26\20251025,24E144036484A442_20251025_010328T.WAV,24E144036484A442_20251025_010328_000,NA,NA,NA,31,28.372,149.388,27.294,4.789,222.066,7.594,8.29,NA,2025-10-25T01:03:28Z,LASNOC,2025-10-24
LPO,2025-10-24T03:10:24Z,2025-10-23,22:10:24,22,LASNOC,1,28.401,13.65,0,0.263305,NA,NA,NA,NA,9,9,2.801,1,0,29.028,28.024,9,24E144036484A442,id.csv,10 26\20251024,24E144036484A442_20251024_031024T.WAV,24E144036484A442_20251024_031024_000,NA,NA,NA,9,28.545,63.353,28.656,0.823,-0.164,1.915,2.53,NA,2025-10-24T03:10:24Z,LASNOC,2025-10-23
LPO,2025-10-25T00:45:16Z,2025-10-24,19:45:16,19,LASNOC,1,26.847,22.19,0,0.333072,NA,NA,NA,NA,3,3,2.854,1,0,27.56,26.757,9,24E144036484A442,id.csv,10 26\20251025,24E144036484A442_20251025_004516T.WAV,24E144036484A442_20251025_004516_000,NA,NA,NA,3,27.111,52.749,27.213,1.181,60.287,2.219,0.89,NA,2025-10-25T00:45:16Z,LASNOC,2025-10-24
LPO,2025-10-25T00:34:18Z,2025-10-24,19:34:18,19,LASNOC,0.75,24.964,23.37,0,0.221813,EPTFUS,NA,NA,NA,4,4,3.329,1,0,26.019,24.678,9,24E144036484A442,id.csv,10 26\20251025,24E144036484A442_20251025_003418T.WAV,24E144036484A442_20251025_003418_000,NA,NA,NA,3,25.251,516.21,25.481,1.574,0.592,2.887,1.57,NA,2025-10-25T00:34:18Z,LASNOC,2025-10-24
LPO,2025-10-25T01:33:20Z,2025-10-24,20:33:20,20,LASNOC,1,24.861,17.47,0,0.195086,NA,NA,NA,NA,2,2,4.948,1,0,26.114,24.027,9,24E144036484A442,id.csv,10 26\20251025,24E144036484A442_20251025_013320T.WAV,24E144036484A442_20251025_013320_000,NA,NA,NA,2,25.004,345.987,25.249,1.965,146.611,3.245,0.7,NA,2025-10-25T01:33:20Z,LASNOC,2025-10-24
MCE,2025-10-24T06:30:36Z,2025-10-24,01:30:36,1,EPTFUS,1,27.818,46.51,0,0.345397,NA,NA,NA,NA,7,5,6.405,1,0,37.871,26.961,9,24A04F085FDF19C0,id.csv,10 26\20251024,24A04F085FDF19C0_20251024_063036T.WAV,24A04F085FDF19C0_20251024_063036_000,NA,NA,NA,5,30.757,287.795,29.348,4.386,200.321,5.855,1.8,NA,2025-10-24T06:30:36Z,EPTFUS,2025-10-23
MCE,2025-10-22T00:57:22Z,2025-10-21,19:57:22,19,LASCIN,0.9,23.272,27.19,0,0.244414,EPTFUS,NA,NA,NA,20,20,6.242,1,0,28.803,22.729,9,24A04F085FDF19C0,id.csv,10 23\20251022,24A04F085FDF19C0_20251022_005722T.WAV,24A04F085FDF19C0_20251022_005722_000,NA,NA,NA,18,24.52,362.691,24.477,2.658,143.332,5.311,5.4,NA,2025-10-22T00:57:22Z,LASCIN,2025-10-21
MCE,2025-10-25T02:19:46Z,2025-10-24,21:19:46,21,LASCIN,1,23.287,18.34,0,0.424372,NA,NA,NA,NA,10,10,7.44,1,0,25.312,22.576,9,24A04F085FDF19C0,id.csv,10 26\20251025,24A04F085FDF19C0_20251025_021946T.WAV,24A04F085FDF19C0_20251025_021946_000,NA,NA,NA,10,23.812,527.099,24.304,2.138,60.773,5.605,1.43,NA,2025-10-25T02:19:46Z,LASCIN,2025-10-24
MCE,2025-10-15T05:56:16Z,2025-10-15,00:56:16,0,LASCIN,1,22.204,15.41,0,0.438333,NA,NA,NA,NA,8,8,5.792,1,0,24.284,21.793,9,24A04F085FDF19C0,id.csv,10 17\20251015,24A04F085FDF19C0_20251015_055616T.WAV,24A04F085FDF19C0_20251015_055616_000,NA,NA,NA,8,22.811,430.272,22.793,2.873,70.738,4.895,1.5,NA,2025-10-15T05:56:16Z,LASCIN,2025-10-14
MCE,2025-10-15T05:56:02Z,2025-10-15,00:56:02,0,LASCIN,0.8,23.066,22.58,0,0.33347,LASNOC,NA,NA,NA,5,5,6.63,1,0,26.567,22.749,9,24A04F085FDF19C0,id.csv,10 17\20251015,24A04F085FDF19C0_20251015_055602T.WAV,24A04F085FDF19C0_20251015_055602_000,NA,NA,NA,4,24.261,523.467,23.867,4.175,129,6.139,1.2,NA,2025-10-15T05:56:02Z,LASCIN,2025-10-14
MCE,2025-10-16T00:37:46Z,2025-10-15,19:37:46,19,LASCIN,1,22.884,-5.8,0,0.330121,NA,NA,NA,NA,3,3,4.373,1,0,23.957,22.712,9,24A04F085FDF19C0,id.csv,10 17\20251016,24A04F085FDF19C0_20251016_003746T.WAV,24A04F085FDF19C0_20251016_003746_000,NA,NA,NA,3,23.16,517.243,23.342,0.802,-13.342,3.907,0.67,NA,2025-10-16T00:37:46Z,LASCIN,2025-10-15
MCE,2025-10-25T02:20:00Z,2025-10-24,21:20:00,21,LASCIN,1,21.883,9.11,0,0.451755,NA,NA,NA,NA,2,2,5.776,1,0,23.226,21.278,9,24A04F085FDF19C0,id.csv,10 26\20251025,24A04F085FDF19C0_20251025_022000T.WAV,24A04F085FDF19C0_20251025_022000_000,NA,NA,NA,2,22.173,891.458,22.039,3.237,95.602,4.225,0.67,NA,2025-10-25T02:20:00Z,LASCIN,2025-10-24
SME,2025-10-17T23:54:22Z,2025-10-17,18:54:22,18,EPTFUS,0.881,28.836,51.18,0.000,0.356383,LASNOC,NA,NA,NA,44,42,4.792,1,0,40.963,28.607,9.000,247AA5015FDF19F3,id.csv,10 19\20251017,247AA5015FDF19F3_20251017_235422T.WAV,247AA5015FDF19F3_20251017_235422_000,NA,NA,NA,37,32.375,170.706,30.220,3.332,264.604,4.589,9.66,NA,2025-10-17T23:54:22Z,EPTFUS,2025-10-17
SME,2025-10-20T01:21:38Z,2025-10-19,20:21:38,20,EPTFUS,0.750,27.626,53.89,0.000,0.344487,LASNOC,NA,NA,NA,4,4,3.557,1,0,34.258,27.312,9.000,247AA5015FDF19F3,id.csv,10 26\20251020,247AA5015FDF19F3_20251020_012138T.WAV,247AA5015FDF19F3_20251020_012138_000,NA,NA,NA,3,29.791,390.694,28.756,2.263,158.720,3.302,0.71,NA,2025-10-20T01:21:38Z,EPTFUS,2025-10-19
LPE,2025-10-06T02:52:38Z,2025-10-05,21:52:38,21,MYOLUC,1,51.455,122.43,0,0.407724,LASBOR,NA,NA,NA,4,4,2.289,1,0,67.509,51.041,9,245AAA0666BC1507,Schmeeckle 2025 Master.csv,LPE\10 09\20251006,245AAA0666BC1507_20251006_025238T.WAV,245AAA0666BC1507_20251006_025238_000T.wav,NA,C:\Users\Nancy\Desktop\Bat Files,C:\Users\Nancy\Desktop\AutoID\10 09 Output,4,56.974,183.345,56.752,0.995,323.7,2.191,1.22,NA,2025-10-06T02:52:38Z,MYOLUC,2025-10-05
LPE,2025-10-06T05:05:38Z,2025-10-06,00:05:38,0,LASBOR,0.857,37.278,11.76,0,0.227876,MYOLUC,NA,NA,NA,7,7,4.649,1,0,43.246,37.078,9,245AAA0666BC1507,Schmeeckle 2025 Master.csv,LPE\10 09\20251006,245AAA0666BC1507_20251006_050538T.WAV,245AAA0666BC1507_20251006_050538_000T.wav,NA,C:\Users\Nancy\Desktop\Bat Files,C:\Users\Nancy\Desktop\AutoID\10 09 Output,6,38.446,268.327,37.747,2.423,299.59,4.262,1.86,NA,2025-10-06T05:05:38Z,LASBOR,2025-10-05
LPE,2025-10-06T08:37:58Z,2025-10-06,03:37:58,3,LASNOC,0.412,26.073,15.76,0,0.223275,LASCIN,EPTFUS,NA,NA,17,17,5.988,1,0,28.841,25.769,9,245AAA0666BC1507,Schmeeckle 2025 Master.csv,LPE\10 09\20251006,245AAA0666BC1507_20251006_083758T.WAV,245AAA0666BC1507_20251006_083758_000T.wav,NA,C:\Users\Nancy\Desktop\Bat Files,C:\Users\Nancy\Desktop\AutoID\10 09 Output,7,26.81,446.689,26.673,3.011,101.71,5.182,5.24,NA,2025-10-06T08:37:58Z,LASNOC,2025-10-05
LPE,2025-10-06T09:00:50Z,2025-10-06,04:00:50,4,LASNOC,0.8,28.401,21.41,0,0.329977,EPTFUS,LASCIN,NA,NA,10,10,3.616,1,0,43.332,28.196,9,245AAA0666BC1507,Schmeeckle 2025 Master.csv,LPE\10 09\20251006,245AAA0666BC1507_20251006_090050T.WAV,245AAA0666BC1507_20251006_090050_000T.wav,NA,C:\Users\Nancy\Desktop\Bat Files,C:\Users\Nancy\Desktop\AutoID\10 09 Output,8,32.184,101.707,28.908,2.509,376.52,3.39,2.25,NA,2025-10-06T09:00:50Z,LASNOC,2025-10-05
LPE,2025-10-06T09:03:24Z,2025-10-06,04:03:24,4,LASNOC,0.789,27.553,10.51,0,0.316539,EPTFUS,LASCIN,NA,NA,19,19,5.268,1,0,31.867,27.196,8.746667,245AAA0666BC1507,Schmeeckle 2025 Master.csv,LPE\10 09\20251006,245AAA0666BC1507_20251006_090324T.WAV,245AAA0666BC1507_20251006_090324_000T.wav,NA,C:\Users\Nancy\Desktop\Bat Files,C:\Users\Nancy\Desktop\AutoID\10 09 Output,15,28.594,314.205,28.003,3.084,179.17,4.8,4.68,NA,2025-10-06T09:03:24Z,LASNOC,2025-10-05
LPE,2025-10-06T09:09:00Z,2025-10-06,04:09:00,4,LASNOC,0.625,24.942,15.55,0,0.238506,LASCIN,EPTFUS,NA,NA,8,8,7.273,1,0,26.848,24.71,6.270667,245AAA0666BC1507,Schmeeckle 2025 Master.csv,LPE\10 09\20251006,245AAA0666BC1507_20251006_090900T.WAV,245AAA0666BC1507_20251006_090900_000T.wav,NA,C:\Users\Nancy\Desktop\Bat Files,C:\Users\Nancy\Desktop\AutoID\10 09 Output,5,25.582,440.048,25.205,5.102,57.8,6.294,2.25,NA,2025-10-06T09:09:00Z,LASNOC,2025-10-05
LPE,2025-10-06T09:09:14Z,2025-10-06,04:09:14,4,LASNOC,1,26.754,-4.56,0,0.454002,LASCIN,EPTFUS,NA,NA,6,6,6.196,1,0,29.501,26.344,9,245AAA0666BC1507,Schmeeckle 2025 Master.csv,LPE\10 09\20251006,245AAA0666BC1507_20251006_090914T.WAV,245AAA0666BC1507_20251006_090914_000T.wav,NA,C:\Users\Nancy\Desktop\Bat Files,C:\Users\Nancy\Desktop\AutoID\10 09 Output,6,27.3,356.331,26.96,3.505,192.03,5.015,1.12,NA,2025-10-06T09:09:14Z,LASNOC,2025-10-05
LPE,2025-10-06T09:13:54Z,2025-10-06,04:13:54,4,LASNOC,0.9,27.057,0.35,0,0.330376,LASCIN,EPTFUS,NA,NA,10,10,4.993,1,0,28.125,26.508,9,245AAA0666BC1507,Schmeeckle 2025 Master.csv,LPE\10 09\20251006,245AAA0666BC1507_20251006_091354T.WAV,245AAA0666BC1507_20251006_091354_000T.wav,NA,C:\Users\Nancy\Desktop\Bat Files,C:\Users\Nancy\Desktop\AutoID\10 09 Output,9,27.197,184.621,27.262,2.894,61.36,3.973,2.61,NA,2025-10-06T09:13:54Z,LASNOC,2025-10-05
LPE,2025-10-06T09:14:08Z,2025-10-06,04:14:08,4,LASNOC,1,26.492,5.54,0,0.437335,LASCIN,EPTFUS,NA,NA,3,3,5.168,1,0,26.817,26.345,6.613333,245AAA0666BC1507,Schmeeckle 2025 Master.csv,LPE\10 09\20251006,245AAA0666BC1507_20251006_091408T.WAV,245AAA0666BC1507_20251006_091408_000T.wav,NA,C:\Users\Nancy\Desktop\Bat Files,C:\Users\Nancy\Desktop\AutoID\10 09 Output,3,26.576,702.248,26.671,2.004,37.28,3.71,0.46,NA,2025-10-06T09:14:08Z,LASNOC,2025-10-05
LPE,2025-10-06T09:17:10Z,2025-10-06,04:17:10,4,LASNOC,0.707,27.866,37.13,0,0.372912,EPTFUS,LASCIN,NA,NA,41,41,4.723,1,0,39.942,27.535,9,245AAA0666BC1507,Schmeeckle 2025 Master.csv,LPE\10 09\20251006,245AAA0666BC1507_20251006_091710T.WAV,245AAA0666BC1507_20251006_091710_000T.wav,NA,C:\Users\Nancy\Desktop\Bat Files,C:\Users\Nancy\Desktop\AutoID\10 09 Output,29,30.698,164.684,28.927,2.786,341.24,4.369,6.67,NA,2025-10-06T09:17:10Z,LASNOC,2025-10-05
LPE,2025-10-06T09:17:24Z,2025-10-06,04:17:24,4,LASNOC,0.875,26.139,12.27,0,0.349746,LASCIN,EPTFUS,NA,NA,8,8,5.308,1,0,29.091,25.774,5.758667,245AAA0666BC1507,Schmeeckle 2025 Master.csv,LPE\10 09\20251006,245AAA0666BC1507_20251006_091724T.WAV,245AAA0666BC1507_20251006_091724_000T.wav,NA,C:\Users\Nancy\Desktop\Bat Files,C:\Users\Nancy\Desktop\AutoID\10 09 Output,7,26.817,635.036,26.579,2.483,127.62,4.074,1.58,NA,2025-10-06T09:17:24Z,LASNOC,2025-10-05
LPE,2025-10-06T09:22:32Z,2025-10-06,04:22:32,4,LASNOC,0.824,27.45,16.29,0,0.409604,EPTFUS,LASCIN,NA,NA,17,17,5.346,1,0,33.914,27.019,9,245AAA0666BC1507,Schmeeckle 2025 Master.csv,LPE\10 09\20251006,245AAA0666BC1507_20251006_092232T.WAV,245AAA0666BC1507_20251006_092232_000T.wav,NA,C:\Users\Nancy\Desktop\Bat Files,C:\Users\Nancy\Desktop\AutoID\10 09 Output,14,28.764,352.933,27.991,2.924,230.03,4.506,3.56,NA,2025-10-06T09:22:32Z,LASNOC,2025-10-05
LPE,2025-10-06T09:22:46Z,2025-10-06,04:22:46,4,LASNOC,0.786,27.755,37.39,0,0.47367,EPTFUS,LASCIN,NA,NA,14,14,5.158,1,0,39.949,27.417,9,245AAA0666BC1507,Schmeeckle 2025 Master.csv,LPE\10 09\20251006,245AAA0666BC1507_20251006_092246T.WAV,245AAA0666BC1507_20251006_092246_000T.wav,NA,C:\Users\Nancy\Desktop\Bat Files,C:\Users\Nancy\Desktop\AutoID\10 09 Output,11,30.298,220.991,28.748,3.268,452.71,4.667,3.69,NA,2025-10-06T09:22:46Z,LASNOC,2025-10-05
LPE,2025-10-06T09:23:00Z,2025-10-06,04:23:00,4,LASNOC,0.636,27.36,16.15,0,0.358436,EPTFUS,LASCIN,NA,NA,22,22,5.395,1,0,33.175,26.98,8.916,245AAA0666BC1507,Schmeeckle 2025 Master.csv,LPE\10 09\20251006,245AAA0666BC1507_20251006_092300T.WAV,245AAA0666BC1507_20251006_092300_000T.wav,NA,C:\Users\Nancy\Desktop\Bat Files,C:\Users\Nancy\Desktop\AutoID\10 09 Output,14,28.56,243.093,27.93,3.159,241.2,4.752,3.79,NA,2025-10-06T09:23:00Z,LASNOC,2025-10-05
LPE,2025-10-06T09:25:34Z,2025-10-06,04:25:34,4,LASNOC,1,27.451,18.32,0,0.493579,EPTFUS,LASCIN,NA,NA,2,2,6.872,1,0,32.003,27.08,8.489333,245AAA0666BC1507,Schmeeckle 2025 Master.csv,LPE\10 09\20251006,245AAA0666BC1507_20251006_092534T.WAV,245AAA0666BC1507_20251006_092534_000T.wav,NA,C:\Users\Nancy\Desktop\Bat Files,C:\Users\Nancy\Desktop\AutoID\10 09 Output,2,28.52,470.116,27.928,4.763,145.66,6.213,0.64,NA,2025-10-06T09:25:34Z,LASNOC,2025-10-05
LPE,2025-10-06T09:28:36Z,2025-10-06,04:28:36,4,EPTFUS,1,28.558,20.16,0,0.45106,LASNOC,LASCIN,NA,NA,4,4,5.16,1,0,35.304,28.125,9,245AAA0666BC1507,Schmeeckle 2025 Master.csv,LPE\10 09\20251006,245AAA0666BC1507_20251006_092836T.WAV,245AAA0666BC1507_20251006_092836_000T.wav,NA,C:\Users\Nancy\Desktop\Bat Files,C:\Users\Nancy\Desktop\AutoID\10 09 Output,4,30.586,173.539,29.024,3.677,183.58,4.726,0.78,NA,2025-10-06T09:28:36Z,EPTFUS,2025-10-05
LPE,2025-10-06T09:28:50Z,2025-10-06,04:28:50,4,LASNOC,0.381,26.588,49.8,0,0.28998,LASCIN,EPTFUS,NA,NA,63,63,5.252,1,0,46.025,26.081,9,245AAA0666BC1507,Schmeeckle 2025 Master.csv,LPE\10 09\20251006,245AAA0666BC1507_20251006_092850T.WAV,245AAA0666BC1507_20251006_092850_000T.wav,NA,C:\Users\Nancy\Desktop\Bat Files,C:\Users\Nancy\Desktop\AutoID\10 09 Output,24,30.59,119.852,28.094,3.304,516.05,4.954,8.33,NA,2025-10-06T09:28:50Z,LASNOC,2025-10-05
LPE,2025-10-06T09:31:24Z,2025-10-06,04:31:24,4,LASNOC,0.833,27.516,22.25,0,0.397505,EPTFUS,LASCIN,NA,NA,12,12,6.166,1,0,33.737,27.287,9,245AAA0666BC1507,Schmeeckle 2025 Master.csv,LPE\10 09\20251006,245AAA0666BC1507_20251006_093124T.WAV,245AAA0666BC1507_20251006_093124_000T.wav,NA,C:\Users\Nancy\Desktop\Bat Files,C:\Users\Nancy\Desktop\AutoID\10 09 Output,10,28.912,354.993,28.352,3.614,170.71,5.736,2.32,NA,2025-10-06T09:31:24Z,LASNOC,2025-10-05
LPE,2025-10-06T09:31:38Z,2025-10-06,04:31:38,4,LASNOC,0.667,28.265,14.27,0,0.331578,EPTFUS,LASCIN,NA,NA,6,6,4.451,1,0,33.289,28.083,8.745333,245AAA0666BC1507,Schmeeckle 2025 Master.csv,LPE\10 09\20251006,245AAA0666BC1507_20251006_093138T.WAV,245AAA0666BC1507_20251006_093138_000T.wav,NA,C:\Users\Nancy\Desktop\Bat Files,C:\Users\Nancy\Desktop\AutoID\10 09 Output,4,29.345,728.405,28.716,3.017,228.3,4.288,1.08,NA,2025-10-06T09:31:38Z,LASNOC,2025-10-05
LPE,2025-10-06T09:32:34Z,2025-10-06,04:32:34,4,LASNOC,0.606,27.886,36.42,0,0.27072,EPTFUS,LASCIN,NA,NA,33,33,4.886,1,0,39.069,27.58,9,245AAA0666BC1507,Schmeeckle 2025 Master.csv,LPE\10 09\20251006,245AAA0666BC1507_20251006_093234T.WAV,245AAA0666BC1507_20251006_093234_000T.wav,NA,C:\Users\Nancy\Desktop\Bat Files,C:\Users\Nancy\Desktop\AutoID\10 09 Output,20,30.612,266.737,28.841,3.245,324.28,4.64,5.47,NA,2025-10-06T09:32:34Z,LASNOC,2025-10-05
LPE,2025-10-06T09:33:44Z,2025-10-06,04:33:44,4,LASNOC,0.789,27.666,22.53,0,0.384834,EPTFUS,LASCIN,NA,NA,38,38,6.18,1,0,41.291,27.51,9,245AAA0666BC1507,Schmeeckle 2025 Master.csv,LPE\10 09\20251006,245AAA0666BC1507_20251006_093344T.WAV,245AAA0666BC1507_20251006_093344_000T.wav,NA,C:\Users\Nancy\Desktop\Bat Files,C:\Users\Nancy\Desktop\AutoID\10 09 Output,30,30.296,173.003,28.49,4.077,401.54,5.906,5.43,NA,2025-10-06T09:33:44Z,LASNOC,2025-10-05
LPE,2025-10-06T09:35:36Z,2025-10-06,04:35:36,4,LASNOC,0.5,27.795,9.87,0,0.361001,EPTFUS,LASCIN,NA,NA,10,10,3.991,1,0,38.377,27.334,7.210667,245AAA0666BC1507,Schmeeckle 2025 Master.csv,LPE\10 09\20251006,245AAA0666BC1507_20251006_093536T.WAV,245AAA0666BC1507_20251006_093536_000T.wav,NA,C:\Users\Nancy\Desktop\Bat Files,C:\Users\Nancy\Desktop\AutoID\10 09 Output,5,30.522,104.659,28.207,2.773,234.52,3.697,1.82,NA,2025-10-06T09:35:36Z,LASNOC,2025-10-05
LPE,2025-10-06T09:35:50Z,2025-10-06,04:35:50,4,LASNOC,0.467,27.214,37.16,0,0.330285,EPTFUS,LASCIN,NA,NA,45,45,5.213,1,0,38.807,26.902,7.977333,245AAA0666BC1507,Schmeeckle 2025 Master.csv,LPE\10 09\20251006,245AAA0666BC1507_20251006_093550T.WAV,245AAA0666BC1507_20251006_093550_000T.wav,NA,C:\Users\Nancy\Desktop\Bat Files,C:\Users\Nancy\Desktop\AutoID\10 09 Output,21,30.125,150.859,28.092,3.432,289.52,4.843,6.95,NA,2025-10-06T09:35:50Z,LASNOC,2025-10-05
LPE,2025-10-06T09:36:04Z,2025-10-06,04:36:04,4,LASNOC,0.333,26.46,30.02,0,0.291094,EPTFUS,LASCIN,NA,NA,21,21,5.533,1,0,35.597,26.186,9,245AAA0666BC1507,Schmeeckle 2025 Master.csv,LPE\10 09\20251006,245AAA0666BC1507_20251006_093604T.WAV,245AAA0666BC1507_20251006_093604_000T.wav,NA,C:\Users\Nancy\Desktop\Bat Files,C:\Users\Nancy\Desktop\AutoID\10 09 Output,7,28.494,284.469,27.166,3.729,284.33,4.932,5.7,NA,2025-10-06T09:36:04Z,LASNOC,2025-10-05
LPE,2025-10-06T09:36:46Z,2025-10-06,04:36:46,4,EPTFUS,0.4,29.074,27.12,0,0.250747,LASNOC,NA,NA,NA,5,5,2.69,1,0,33.199,28.632,9,245AAA0666BC1507,Schmeeckle 2025 Master.csv,LPE\10 09\20251006,245AAA0666BC1507_20251006_093646T.WAV,245AAA0666BC1507_20251006_093646_000T.wav,NA,C:\Users\Nancy\Desktop\Bat Files,C:\Users\Nancy\Desktop\AutoID\10 09 Output,2,30.108,1827.449,29.787,1.52,194.73,2.444,1.34,NA,2025-10-06T09:36:46Z,EPTFUS,2025-10-05
LPE,2025-10-06T09:37:00Z,2025-10-06,04:37:00,4,LASNOC,0.533,28.702,76.08,0,0.202096,EPTFUS,NA,NA,NA,15,15,3.342,1,0,38.085,28.343,9,245AAA0666BC1507,Schmeeckle 2025 Master.csv,LPE\10 09\20251006,245AAA0666BC1507_20251006_093700T.WAV,245AAA0666BC1507_20251006_093700_000T.wav,NA,C:\Users\Nancy\Desktop\Bat Files,C:\Users\Nancy\Desktop\AutoID\10 09 Output,8,31.226,527.453,30.112,2.11,323.96,3.169,2.87,NA,2025-10-06T09:37:00Z,LASNOC,2025-10-05
LPE,2025-10-06T09:37:14Z,2025-10-06,04:37:14,4,LASNOC,0.667,26.175,14.35,0,0.357159,EPTFUS,LASCIN,NA,NA,6,6,6.725,1,0,30.997,25.979,9,245AAA0666BC1507,Schmeeckle 2025 Master.csv,LPE\10 09\20251006,245AAA0666BC1507_20251006_093714T.WAV,245AAA0666BC1507_20251006_093714_000T.wav,NA,C:\Users\Nancy\Desktop\Bat Files,C:\Users\Nancy\Desktop\AutoID\10 09 Output,4,27.305,245.782,26.568,4.649,120.7,6.392,1.01,NA,2025-10-06T09:37:14Z,LASNOC,2025-10-05
LPE,2025-10-06T09:37:42Z,2025-10-06,04:37:42,4,LASNOC,0.613,27.589,21.24,0,0.278336,EPTFUS,LASCIN,NA,NA,31,31,4.954,1,0,33.479,27.314,9,245AAA0666BC1507,Schmeeckle 2025 Master.csv,LPE\10 09\20251006,245AAA0666BC1507_20251006_093742T.WAV,245AAA0666BC1507_20251006_093742_000T.wav,NA,C:\Users\Nancy\Desktop\Bat Files,C:\Users\Nancy\Desktop\AutoID\10 09 Output,19,28.977,172.593,28.11,3.287,169.97,4.54,8.88,NA,2025-10-06T09:37:42Z,LASNOC,2025-10-05
LPE,2025-10-06T09:37:56Z,2025-10-06,04:37:56,4,LASNOC,0.615,27.853,61.68,0,0.347798,EPTFUS,LASCIN,NA,NA,13,13,3.846,1,0,40.483,27.623,7.977333,245AAA0666BC1507,Schmeeckle 2025 Master.csv,LPE\10 09\20251006,245AAA0666BC1507_20251006_093756T.WAV,245AAA0666BC1507_20251006_093756_000T.wav,NA,C:\Users\Nancy\Desktop\Bat Files,C:\Users\Nancy\Desktop\AutoID\10 09 Output,8,31.266,169.19,29.427,2.446,341.72,3.745,2.66,NA,2025-10-06T09:37:56Z,LASNOC,2025-10-05
LPE,2025-10-06T09:38:52Z,2025-10-06,04:38:52,4,LASNOC,0.75,27.39,41.27,0,0.224489,EPTFUS,LASCIN,NA,NA,4,4,3.965,1,0,31.843,27.188,5.673333,245AAA0666BC1507,Schmeeckle 2025 Master.csv,LPE\10 09\20251006,245AAA0666BC1507_20251006_093852T.WAV,245AAA0666BC1507_20251006_093852_000T.wav,NA,C:\Users\Nancy\Desktop\Bat Files,C:\Users\Nancy\Desktop\AutoID\10 09 Output,3,28.345,1257.729,27.776,2.525,305.75,3.372,1.49,NA,2025-10-06T09:38:52Z,LASNOC,2025-10-05
LPE,2025-10-06T09:40:19Z,2025-10-06,04:40:19,4,LASNOC,0.375,27.854,49.91,0,0.26982,EPTFUS,LASCIN,NA,NA,16,16,4.223,1,0,35.854,27.514,6,245AAA0666BC1507,Schmeeckle 2025 Master.csv,LPE\10 09\20251006,245AAA0666BC1507_20251006_094019T.WAV,245AAA0666BC1507_20251006_094019_000T.wav,NA,C:\Users\Nancy\Desktop\Bat Files,C:\Users\Nancy\Desktop\AutoID\10 09 Output,6,29.913,307.514,29.42,2.329,294.99,3.903,2.82,NA,2025-10-06T09:40:19Z,LASNOC,2025-10-05
LPE,2025-10-06T09:40:58Z,2025-10-06,04:40:58,4,LASNOC,0.667,27.749,17.29,0,0.372455,EPTFUS,LASCIN,NA,NA,3,3,4.311,1,0,30.97,27.492,6.612,245AAA0666BC1507,Schmeeckle 2025 Master.csv,LPE\10 09\20251006,245AAA0666BC1507_20251006_094058T.WAV,245AAA0666BC1507_20251006_094058_000T.wav,NA,C:\Users\Nancy\Desktop\Bat Files,C:\Users\Nancy\Desktop\AutoID\10 09 Output,2,28.462,503.875,28.173,2.634,251.87,3.877,1.14,NA,2025-10-06T09:40:58Z,LASNOC,2025-10-05
LPE,2025-10-06T09:42:22Z,2025-10-06,04:42:22,4,LASNOC,0.391,27.39,37.19,0,0.292288,EPTFUS,LASCIN,NA,NA,23,23,5.246,1,0,41.178,27.128,9,245AAA0666BC1507,Schmeeckle 2025 Master.csv,LPE\10 09\20251006,245AAA0666BC1507_20251006_094222T.WAV,245AAA0666BC1507_20251006_094222_000T.wav,NA,C:\Users\Nancy\Desktop\Bat Files,C:\Users\Nancy\Desktop\AutoID\10 09 Output,9,30.652,246.455,28.342,3.709,339.7,4.996,4.76,NA,2025-10-06T09:42:22Z,LASNOC,2025-10-05
LPE,2025-10-06T09:43:18Z,2025-10-06,04:43:18,4,LASNOC,0.714,27.354,47.89,0,0.379299,EPTFUS,LASCIN,NA,NA,35,35,5.321,1,0,42.23,27.047,9,245AAA0666BC1507,Schmeeckle 2025 Master.csv,LPE\10 09\20251006,245AAA0666BC1507_20251006_094318T.WAV,245AAA0666BC1507_20251006_094318_000T.wav,NA,C:\Users\Nancy\Desktop\Bat Files,C:\Users\Nancy\Desktop\AutoID\10 09 Output,25,30.629,157.126,28.694,3.362,400.49,4.98,5.93,NA,2025-10-06T09:43:18Z,LASNOC,2025-10-05
LPE,2025-10-06T09:43:46Z,2025-10-06,04:43:46,4,LASNOC,0.5,27.796,47.82,0,0.359544,EPTFUS,LASCIN,NA,NA,28,28,4.14,1,0,39.686,27.371,8.404,245AAA0666BC1507,Schmeeckle 2025 Master.csv,LPE\10 09\20251006,245AAA0666BC1507_20251006_094346T.WAV,245AAA0666BC1507_20251006_094346_000T.wav,NA,C:\Users\Nancy\Desktop\Bat Files,C:\Users\Nancy\Desktop\AutoID\10 09 Output,14,30.592,258.252,29.089,2.399,317.93,3.724,6.01,NA,2025-10-06T09:43:46Z,LASNOC,2025-10-05
LPE,2025-10-06T09:44:42Z,2025-10-06,04:44:42,4,LASNOC,0.464,27.428,43.89,0,0.312973,EPTFUS,LASCIN,NA,NA,28,28,4.428,1,0,40.188,26.962,9,245AAA0666BC1507,Schmeeckle 2025 Master.csv,LPE\10 09\20251006,245AAA0666BC1507_20251006_094442T.WAV,245AAA0666BC1507_20251006_094442_000T.wav,NA,C:\Users\Nancy\Desktop\Bat Files,C:\Users\Nancy\Desktop\AutoID\10 09 Output,13,30.123,173.748,28.515,2.769,424.52,4.062,7.46,NA,2025-10-06T09:44:42Z,LASNOC,2025-10-05
LPE,2025-10-06T09:45:10Z,2025-10-06,04:45:10,4,LASNOC,0.868,28.071,39.45,0,0.391606,EPTFUS,LASCIN,NA,NA,38,38,4.558,1,0,40.563,27.828,9,245AAA0666BC1507,Schmeeckle 2025 Master.csv,LPE\10 09\20251006,245AAA0666BC1507_20251006_094510T.WAV,245AAA0666BC1507_20251006_094510_000T.wav,NA,C:\Users\Nancy\Desktop\Bat Files,C:\Users\Nancy\Desktop\AutoID\10 09 Output,33,30.971,198.603,29.014,3.164,332.15,4.323,9.48,NA,2025-10-06T09:45:10Z,LASNOC,2025-10-05
LPE,2025-10-06T09:46:20Z,2025-10-06,04:46:20,4,EPTFUS,0.591,28.694,47.07,0,0.257694,LASNOC,LASCIN,NA,NA,22,22,4.7,1,0,37.705,28.416,9,245AAA0666BC1507,Schmeeckle 2025 Master.csv,LPE\10 09\20251006,245AAA0666BC1507_20251006_094620T.WAV,245AAA0666BC1507_20251006_094620_000T.wav,NA,C:\Users\Nancy\Desktop\Bat Files,C:\Users\Nancy\Desktop\AutoID\10 09 Output,13,31.18,347.236,30.404,2.824,293.47,4.404,4.26,NA,2025-10-06T09:46:20Z,EPTFUS,2025-10-05
LPE,2025-10-06T09:47:30Z,2025-10-06,04:47:30,4,LASNOC,0.857,28.245,12.4,0,0.381755,EPTFUS,LASCIN,NA,NA,7,7,5.433,1,0,33.836,27.923,8.745333,245AAA0666BC1507,Schmeeckle 2025 Master.csv,LPE\10 09\20251006,245AAA0666BC1507_20251006_094730T.WAV,245AAA0666BC1507_20251006_094730_000T.wav,NA,C:\Users\Nancy\Desktop\Bat Files,C:\Users\Nancy\Desktop\AutoID\10 09 Output,6,29.603,234.26,28.719,3.538,193.46,5.005,1.22,NA,2025-10-06T09:47:30Z,LASNOC,2025-10-05
LPE,2025-10-06T09:48:12Z,2025-10-06,04:48:12,4,LASNOC,0.762,27.524,24.5,0,0.377064,EPTFUS,LASCIN,NA,NA,42,42,6.639,1,0,35.987,27.271,8.830667,245AAA0666BC1507,Schmeeckle 2025 Master.csv,LPE\10 09\20251006,245AAA0666BC1507_20251006_094812T.WAV,245AAA0666BC1507_20251006_094812_000T.wav,NA,C:\Users\Nancy\Desktop\Bat Files,C:\Users\Nancy\Desktop\AutoID\10 09 Output,32,29.511,198.646,28.376,4.32,273.42,6.166,7.39,NA,2025-10-06T09:48:12Z,LASNOC,2025-10-05
LPE,2025-10-06T09:52:38Z,2025-10-06,04:52:38,4,LASNOC,0.674,27.732,32.4,0,0.338652,EPTFUS,LASCIN,NA,NA,46,46,4.962,1,0,38.843,27.518,9,245AAA0666BC1507,Schmeeckle 2025 Master.csv,LPE\10 09\20251006,245AAA0666BC1507_20251006_095238T.WAV,245AAA0666BC1507_20251006_095238_000T.wav,NA,C:\Users\Nancy\Desktop\Bat Files,C:\Users\Nancy\Desktop\AutoID\10 09 Output,31,30.342,191.922,28.728,3.264,324.58,4.742,9.49,NA,2025-10-06T09:52:38Z,LASNOC,2025-10-05
LPE,2025-10-06T09:53:06Z,2025-10-06,04:53:06,4,LASNOC,0.625,27.293,37.24,0,0.522943,EPTFUS,LASCIN,NA,NA,8,8,5.142,1,0,41.585,27,7.465333,245AAA0666BC1507,Schmeeckle 2025 Master.csv,LPE\10 09\20251006,245AAA0666BC1507_20251006_095306T.WAV,245AAA0666BC1507_20251006_095306_000T.wav,NA,C:\Users\Nancy\Desktop\Bat Files,C:\Users\Nancy\Desktop\AutoID\10 09 Output,5,30.559,131.962,28.698,3.197,394.51,4.831,1.57,NA,2025-10-06T09:53:06Z,LASNOC,2025-10-05
LPE,2025-10-06T09:53:20Z,2025-10-06,04:53:20,4,LASNOC,0.393,26.354,57.58,0,0.287192,LASCIN,EPTFUS,NA,NA,28,28,5.482,1,0,43.408,25.768,8.916,245AAA0666BC1507,Schmeeckle 2025 Master.csv,LPE\10 09\20251006,245AAA0666BC1507_20251006_095320T.WAV,245AAA0666BC1507_20251006_095320_000T.wav,NA,C:\Users\Nancy\Desktop\Bat Files,C:\Users\Nancy\Desktop\AutoID\10 09 Output,11,30.312,153.952,28.476,3.273,460.85,5.128,4.39,NA,2025-10-06T09:53:20Z,LASNOC,2025-10-05
LPE,2025-10-06T09:53:48Z,2025-10-06,04:53:48,4,LASNOC,0.694,27.657,67.03,0,0.42052,EPTFUS,LASCIN,NA,NA,36,36,4.319,1,0,45.222,27.484,8.318667,245AAA0666BC1507,Schmeeckle 2025 Master.csv,LPE\10 09\20251006,245AAA0666BC1507_20251006_095348T.WAV,245AAA0666BC1507_20251006_095348_000T.wav,NA,C:\Users\Nancy\Desktop\Bat Files,C:\Users\Nancy\Desktop\AutoID\10 09 Output,25,32.073,185.505,29.301,2.896,438.45,4.21,5.29,NA,2025-10-06T09:53:48Z,LASNOC,2025-10-05
LPE,2025-10-06T09:54:58Z,2025-10-06,04:54:58,4,LASNOC,0.556,27.633,20.48,0,0.33181,EPTFUS,LASCIN,NA,NA,9,9,4.687,1,0,34.749,27.405,7.892,245AAA0666BC1507,Schmeeckle 2025 Master.csv,LPE\10 09\20251006,245AAA0666BC1507_20251006_095458T.WAV,245AAA0666BC1507_20251006_095458_000T.wav,NA,C:\Users\Nancy\Desktop\Bat Files,C:\Users\Nancy\Desktop\AutoID\10 09 Output,5,29.325,722.586,28.423,2.759,234.39,4.21,1.9,NA,2025-10-06T09:54:58Z,LASNOC,2025-10-05
LPE,2025-10-06T09:55:26Z,2025-10-06,04:55:26,4,LASNOC,0.514,27.579,62.24,0,0.326314,EPTFUS,LASCIN,NA,NA,35,35,4.445,1,0,44.366,27.129,9,245AAA0666BC1507,Schmeeckle 2025 Master.csv,LPE\10 09\20251006,245AAA0666BC1507_20251006_095526T.WAV,245AAA0666BC1507_20251006_095526_000T.wav,NA,C:\Users\Nancy\Desktop\Bat Files,C:\Users\Nancy\Desktop\AutoID\10 09 Output,18,31.468,153.601,29.24,2.753,461.94,4.174,5.06,NA,2025-10-06T09:55:26Z,LASNOC,2025-10-05
LPE,2025-10-06T10:01:16Z,2025-10-06,05:01:16,5,LASNOC,0.667,28.543,12.15,0,0.339341,EPTFUS,LASCIN,NA,NA,3,3,2.587,1,0,34.991,28.141,7.977333,245AAA0666BC1507,Schmeeckle 2025 Master.csv,LPE\10 09\20251006,245AAA0666BC1507_20251006_100116T.WAV,245AAA0666BC1507_20251006_100116_000T.wav,NA,C:\Users\Nancy\Desktop\Bat Files,C:\Users\Nancy\Desktop\AutoID\10 09 Output,2,29.894,359.405,28.918,1.65,302.95,2.35,0.81,NA,2025-10-06T10:01:16Z,LASNOC,2025-10-05
LPE,2025-10-06T10:02:12Z,2025-10-06,05:02:12,5,LASBOR,1,45.341,99.46,0,0.49548,PERSUB,MYOLUC,NA,NA,2,2,2.794,1,0,58.887,44.577,9,245AAA0666BC1507,Schmeeckle 2025 Master.csv,LPE\10 09\20251006,245AAA0666BC1507_20251006_100212T.WAV,245AAA0666BC1507_20251006_100212_000T.wav,NA,C:\Users\Nancy\Desktop\Bat Files,C:\Users\Nancy\Desktop\AutoID\10 09 Output,2,49.429,129.596,50.166,1.046,358.51,2.615,0.51,NA,2025-10-06T10:02:12Z,LASBOR,2025-10-05
LPE,2025-10-06T10:03:08Z,2025-10-06,05:03:08,5,LASNOC,0.871,28.614,85.79,0,0.29975,EPTFUS,LASCIN,NA,NA,31,31,4.11,1,0,43.005,28.374,9,245AAA0666BC1507,Schmeeckle 2025 Master.csv,LPE\10 09\20251006,245AAA0666BC1507_20251006_100308T.WAV,245AAA0666BC1507_20251006_100308_000T.wav,NA,C:\Users\Nancy\Desktop\Bat Files,C:\Users\Nancy\Desktop\AutoID\10 09 Output,27,32.46,277.757,30.558,2.715,420.52,3.95,4.14,NA,2025-10-06T10:03:08Z,LASNOC,2025-10-05
LPE,2025-10-06T10:04:46Z,2025-10-06,05:04:46,5,LASNOC,0.385,27.176,61,0,0.292044,EPTFUS,LASCIN,NA,NA,52,52,4.068,1,0,39.64,26.827,8.830667,245AAA0666BC1507,Schmeeckle 2025 Master.csv,LPE\10 09\20251006,245AAA0666BC1507_20251006_100446T.WAV,245AAA0666BC1507_20251006_100446_000T.wav,NA,C:\Users\Nancy\Desktop\Bat Files,C:\Users\Nancy\Desktop\AutoID\10 09 Output,20,30.188,153.899,28.677,2.401,447.32,3.795,11.01,NA,2025-10-06T10:04:46Z,LASNOC,2025-10-05
LPE,2025-10-06T10:05:00Z,2025-10-06,05:05:00,5,LASNOC,0.526,27.208,51.95,0,0.369973,EPTFUS,LASCIN,NA,NA,19,19,3.996,1,0,41.182,27.07,9,245AAA0666BC1507,Schmeeckle 2025 Master.csv,LPE\10 09\20251006,245AAA0666BC1507_20251006_100500T.WAV,245AAA0666BC1507_20251006_100500_000T.wav,NA,C:\Users\Nancy\Desktop\Bat Files,C:\Users\Nancy\Desktop\AutoID\10 09 Output,10,30.417,262.269,29.005,2.118,428.43,3.87,3.66,NA,2025-10-06T10:05:00Z,LASNOC,2025-10-05
LPE,2025-10-06T10:08:16Z,2025-10-06,05:08:16,5,LASNOC,0.429,27.037,36.86,0,0.282647,EPTFUS,LASCIN,NA,NA,14,14,5.236,1,0,37.658,26.914,9,245AAA0666BC1507,Schmeeckle 2025 Master.csv,LPE\10 09\20251006,245AAA0666BC1507_20251006_100816T.WAV,245AAA0666BC1507_20251006_100816_000T.wav,NA,C:\Users\Nancy\Desktop\Bat Files,C:\Users\Nancy\Desktop\AutoID\10 09 Output,6,29.822,159.912,28.004,3.51,277.69,5.068,3,NA,2025-10-06T10:08:16Z,LASNOC,2025-10-05
LPE,2025-10-06T10:08:58Z,2025-10-06,05:08:58,5,LASNOC,1,29.746,48.7,0,0.278417,EPTFUS,NA,NA,NA,3,3,2.864,1,0,43.489,29.158,9,245AAA0666BC1507,Schmeeckle 2025 Master.csv,LPE\10 09\20251006,245AAA0666BC1507_20251006_100858T.WAV,245AAA0666BC1507_20251006_100858_000T.wav,NA,C:\Users\Nancy\Desktop\Bat Files,C:\Users\Nancy\Desktop\AutoID\10 09 Output,3,33.589,139.126,30.349,2.14,377.34,2.723,0.62,NA,2025-10-06T10:08:58Z,LASNOC,2025-10-05
LPE,2025-10-06T10:09:40Z,2025-10-06,05:09:40,5,LASNOC,0.778,27.859,18.75,0,0.362247,EPTFUS,LASCIN,NA,NA,36,36,5.38,1,0,35.545,27.502,8.318667,245AAA0666BC1507,Schmeeckle 2025 Master.csv,LPE\10 09\20251006,245AAA0666BC1507_20251006_100940T.WAV,245AAA0666BC1507_20251006_100940_000T.wav,NA,C:\Users\Nancy\Desktop\Bat Files,C:\Users\Nancy\Desktop\AutoID\10 09 Output,28,29.604,179.115,28.368,3.627,240.34,4.959,8.59,NA,2025-10-06T10:09:40Z,LASNOC,2025-10-05
LPE,2025-10-06T10:13:10Z,2025-10-06,05:13:10,5,LASNOC,0.442,27.109,52.01,0,0.263835,EPTFUS,LASCIN,NA,NA,43,43,5.12,1,0,43.328,26.719,9,245AAA0666BC1507,Schmeeckle 2025 Master.csv,LPE\10 09\20251006,245AAA0666BC1507_20251006_101310T.WAV,245AAA0666BC1507_20251006_101310_000T.wav,NA,C:\Users\Nancy\Desktop\Bat Files,C:\Users\Nancy\Desktop\AutoID\10 09 Output,19,30.845,202.39,28.454,3.477,393.79,4.812,8.73,NA,2025-10-06T10:13:10Z,LASNOC,2025-10-05
LPE,2025-10-06T10:13:24Z,2025-10-06,05:13:24,5,LASNOC,0.75,26.894,17.54,0,0.397774,EPTFUS,LASCIN,NA,NA,4,4,8.551,1,0,34.048,26.499,5.588,245AAA0666BC1507,Schmeeckle 2025 Master.csv,LPE\10 09\20251006,245AAA0666BC1507_20251006_101324T.WAV,245AAA0666BC1507_20251006_101324_000T.wav,NA,C:\Users\Nancy\Desktop\Bat Files,C:\Users\Nancy\Desktop\AutoID\10 09 Output,3,28.401,331.805,27.912,4.06,133.92,7.172,0.93,NA,2025-10-06T10:13:24Z,LASNOC,2025-10-05
LPE,2025-10-06T10:13:38Z,2025-10-06,05:13:38,5,LASNOC,1,27.08,38.6,0,0.501629,EPTFUS,LASCIN,NA,NA,5,5,6.096,1,0,35.153,26.93,4.821333,245AAA0666BC1507,Schmeeckle 2025 Master.csv,LPE\10 09\20251006,245AAA0666BC1507_20251006_101338T.WAV,245AAA0666BC1507_20251006_101338_000T.wav,NA,C:\Users\Nancy\Desktop\Bat Files,C:\Users\Nancy\Desktop\AutoID\10 09 Output,5,29.067,301.696,27.52,5.168,224.49,5.947,1.05,NA,2025-10-06T10:13:38Z,LASNOC,2025-10-05
LPE,2025-10-06T10:16:40Z,2025-10-06,05:16:40,5,LASNOC,0.776,28.105,39.86,0,0.337816,EPTFUS,LASCIN,NA,NA,49,49,5.084,1,0,39.555,27.739,9,245AAA0666BC1507,Schmeeckle 2025 Master.csv,LPE\10 09\20251006,245AAA0666BC1507_20251006_101640T.WAV,245AAA0666BC1507_20251006_101640_000T.wav,NA,C:\Users\Nancy\Desktop\Bat Files,C:\Users\Nancy\Desktop\AutoID\10 09 Output,38,30.928,171.959,29.117,3.541,333.18,4.733,8.15,NA,2025-10-06T10:16:40Z,LASNOC,2025-10-05
LPE,2025-10-06T10:18:46Z,2025-10-06,05:18:46,5,LASNOC,0.867,28.35,51.81,0,0.332315,EPTFUS,LASCIN,NA,NA,45,45,4.805,1,0,44.891,28.117,7.465333,245AAA0666BC1507,Schmeeckle 2025 Master.csv,LPE\10 09\20251006,245AAA0666BC1507_20251006_101846T.WAV,245AAA0666BC1507_20251006_101846_000T.wav,NA,C:\Users\Nancy\Desktop\Bat Files,C:\Users\Nancy\Desktop\AutoID\10 09 Output,39,32.364,144.253,29.706,3.243,485.62,4.624,7.53,NA,2025-10-06T10:18:46Z,LASNOC,2025-10-05
LPE,2025-10-06T10:19:00Z,2025-10-06,05:19:00,5,LASNOC,0.333,28.623,59.71,0,0.35074,EPTFUS,NA,NA,NA,3,3,2.495,1,0,36.005,28.115,6.014667,245AAA0666BC1507,Schmeeckle 2025 Master.csv,LPE\10 09\20251006,245AAA0666BC1507_20251006_101900T.WAV,245AAA0666BC1507_20251006_101900_000T.wav,NA,C:\Users\Nancy\Desktop\Bat Files,C:\Users\Nancy\Desktop\AutoID\10 09 Output,1,30.473,144.174,30.083,1.25,328.93,2.305,0.71,NA,2025-10-06T10:19:00Z,LASNOC,2025-10-05
LPE,2025-10-06T10:19:14Z,2025-10-06,05:19:14,5,LASNOC,0.545,27.989,34.63,0,0.286257,EPTFUS,LASCIN,NA,NA,77,77,5.559,1,0,41.867,27.668,9,245AAA0666BC1507,Schmeeckle 2025 Master.csv,LPE\10 09\20251006,245AAA0666BC1507_20251006_101914T.WAV,245AAA0666BC1507_20251006_101914_000T.wav,NA,C:\Users\Nancy\Desktop\Bat Files,C:\Users\Nancy\Desktop\AutoID\10 09 Output,42,31.201,116.424,29.069,3.7,405.75,5.197,13.88,NA,2025-10-06T10:19:14Z,LASNOC,2025-10-05
LPE,2025-10-06T10:21:20Z,2025-10-06,05:21:20,5,LASNOC,0.182,26.349,57,0,0.263843,LASCIN,EPTFUS,NA,NA,22,22,4.806,1,0,39.609,25.917,8.830667,245AAA0666BC1507,Schmeeckle 2025 Master.csv,LPE\10 09\20251006,245AAA0666BC1507_20251006_102120T.WAV,245AAA0666BC1507_20251006_102120_000T.wav,NA,C:\Users\Nancy\Desktop\Bat Files,C:\Users\Nancy\Desktop\AutoID\10 09 Output,4,29.536,258.7,28.125,2.65,415.21,4.455,3.64,NA,2025-10-06T10:21:20Z,LASNOC,2025-10-05
LPE,2025-10-06T10:23:12Z,2025-10-06,05:23:12,5,LASBOR,0.5,40.726,33.85,0,0.237973,PERSUB,MYOLUC,NA,NA,2,2,4.154,1,0,46.123,40.726,8.66,245AAA0666BC1507,Schmeeckle 2025 Master.csv,LPE\10 09\20251006,245AAA0666BC1507_20251006_102312T.WAV,245AAA0666BC1507_20251006_102312_000T.wav,NA,C:\Users\Nancy\Desktop\Bat Files,C:\Users\Nancy\Desktop\AutoID\10 09 Output,1,42.494,318.351,43.613,0.951,237.88,4.009,0.46,NA,2025-10-06T10:23:12Z,LASBOR,2025-10-05
LPE,2025-10-06T10:23:40Z,2025-10-06,05:23:40,5,LASNOC,0.783,27.972,21.52,0,0.358029,EPTFUS,LASCIN,NA,NA,23,23,4.489,1,0,34.899,27.627,8.830667,245AAA0666BC1507,Schmeeckle 2025 Master.csv,LPE\10 09\20251006,245AAA0666BC1507_20251006_102340T.WAV,245AAA0666BC1507_20251006_102340_000T.wav,NA,C:\Users\Nancy\Desktop\Bat Files,C:\Users\Nancy\Desktop\AutoID\10 09 Output,18,29.673,388.42,28.571,2.968,258.51,4.132,6.57,NA,2025-10-06T10:23:40Z,LASNOC,2025-10-05
LPE,2025-10-06T10:23:54Z,2025-10-06,05:23:54,5,LASNOC,0.656,28.297,57.08,0,0.317486,EPTFUS,LASCIN,NA,NA,32,32,4.507,1,0,43.046,27.922,7.550667,245AAA0666BC1507,Schmeeckle 2025 Master.csv,LPE\10 09\20251006,245AAA0666BC1507_20251006_102354T.WAV,245AAA0666BC1507_20251006_102354_000T.wav,NA,C:\Users\Nancy\Desktop\Bat Files,C:\Users\Nancy\Desktop\AutoID\10 09 Output,21,31.886,155.642,30.032,2.632,457.49,4.215,5.64,NA,2025-10-06T10:23:54Z,LASNOC,2025-10-05
LPE,2025-10-06T10:24:08Z,2025-10-06,05:24:08,5,LASNOC,0.667,28.379,52.26,0,0.263867,EPTFUS,LASCIN,NA,NA,21,21,4.846,1,0,45.863,28.048,8.318667,245AAA0666BC1507,Schmeeckle 2025 Master.csv,LPE\10 09\20251006,245AAA0666BC1507_20251006_102408T.WAV,245AAA0666BC1507_20251006_102408_000T.wav,NA,C:\Users\Nancy\Desktop\Bat Files,C:\Users\Nancy\Desktop\AutoID\10 09 Output,14,32.483,130.378,29.643,3.391,461,4.68,2.67,NA,2025-10-06T10:24:08Z,LASNOC,2025-10-05
LPE,2025-10-06T10:24:36Z,2025-10-06,05:24:36,5,LASNOC,0.471,26.894,57.7,0,0.374105,LASCIN,EPTFUS,NA,NA,17,17,5.415,1,0,44.37,26.638,9,245AAA0666BC1507,Schmeeckle 2025 Master.csv,LPE\10 09\20251006,245AAA0666BC1507_20251006_102436T.WAV,245AAA0666BC1507_20251006_102436_000T.wav,NA,C:\Users\Nancy\Desktop\Bat Files,C:\Users\Nancy\Desktop\AutoID\10 09 Output,8,31.093,217.779,28.703,3.357,364.93,5.115,3.55,NA,2025-10-06T10:24:36Z,LASNOC,2025-10-05
LPE,2025-10-06T10:25:04Z,2025-10-06,05:25:04,5,LASNOC,0.667,28.288,28.81,0,0.314441,EPTFUS,LASCIN,NA,NA,9,9,5.543,1,0,40.967,27.912,7.210667,245AAA0666BC1507,Schmeeckle 2025 Master.csv,LPE\10 09\20251006,245AAA0666BC1507_20251006_102504T.WAV,245AAA0666BC1507_20251006_102504_000T.wav,NA,C:\Users\Nancy\Desktop\Bat Files,C:\Users\Nancy\Desktop\AutoID\10 09 Output,6,31.267,174.566,29.22,3.529,325.65,5.08,1.28,NA,2025-10-06T10:25:04Z,LASNOC,2025-10-05
LPE,2025-10-06T10:29:03Z,2025-10-06,05:29:03,5,LASNOC,1,27.638,23.52,0,0.36965,LASCIN,EPTFUS,NA,NA,4,4,5.098,1,0,30.415,27.168,2.369333,245AAA0666BC1507,Schmeeckle 2025 Master.csv,LPE\10 09\20251006,245AAA0666BC1507_20251006_102903T.WAV,245AAA0666BC1507_20251006_102903_000T.wav,NA,C:\Users\Nancy\Desktop\Bat Files,C:\Users\Nancy\Desktop\AutoID\10 09 Output,4,28.137,581.275,27.978,2.994,39.69,3.679,0.88,NA,2025-10-06T10:29:03Z,LASNOC,2025-10-05
LPE,2025-10-06T10:29:44Z,2025-10-06,05:29:44,5,LASNOC,0.481,27.574,38.7,0,0.468291,EPTFUS,LASCIN,NA,NA,27,27,5.248,1,0,39.092,27.09,8.318667,245AAA0666BC1507,Schmeeckle 2025 Master.csv,LPE\10 09\20251006,245AAA0666BC1507_20251006_102944T.WAV,245AAA0666BC1507_20251006_102944_000T.wav,NA,C:\Users\Nancy\Desktop\Bat Files,C:\Users\Nancy\Desktop\AutoID\10 09 Output,13,30.102,159.558,29.02,2.849,382.89,4.735,3.9,NA,2025-10-06T10:29:44Z,LASNOC,2025-10-05
LPE,2025-10-06T10:32:04Z,2025-10-06,05:32:04,5,LASNOC,0.904,27.712,93.76,0,0.25766,EPTFUS,LASCIN,NA,NA,52,52,3.87,1,0,45.145,27.303,8.916,245AAA0666BC1507,Schmeeckle 2025 Master.csv,LPE\10 09\20251006,245AAA0666BC1507_20251006_103204T.WAV,245AAA0666BC1507_20251006_103204_000T.wav,NA,C:\Users\Nancy\Desktop\Bat Files,C:\Users\Nancy\Desktop\AutoID\10 09 Output,47,32.132,142.796,29.89,2.529,510.31,3.715,10.2,NA,2025-10-06T10:32:04Z,LASNOC,2025-10-05
LPE,2025-10-06T10:32:32Z,2025-10-06,05:32:32,5,LASNOC,0.6,27.388,45.17,0,0.307281,EPTFUS,LASCIN,NA,NA,55,55,4.824,1,0,39.643,26.906,9,245AAA0666BC1507,Schmeeckle 2025 Master.csv,LPE\10 09\20251006,245AAA0666BC1507_20251006_103232T.WAV,245AAA0666BC1507_20251006_103232_000T.wav,NA,C:\Users\Nancy\Desktop\Bat Files,C:\Users\Nancy\Desktop\AutoID\10 09 Output,33,30.168,124.808,28.751,2.882,417.72,4.387,8.82,NA,2025-10-06T10:32:32Z,LASNOC,2025-10-05
LPE,2025-10-06T10:35:06Z,2025-10-06,05:35:06,5,LASNOC,0.5,26.888,5.5,0,0.380059,EPTFUS,LASCIN,NA,NA,2,2,5.024,1,0,29.924,26.317,3.285333,245AAA0666BC1507,Schmeeckle 2025 Master.csv,LPE\10 09\20251006,245AAA0666BC1507_20251006_103506T.WAV,245AAA0666BC1507_20251006_103506_000T.wav,NA,C:\Users\Nancy\Desktop\Bat Files,C:\Users\Nancy\Desktop\AutoID\10 09 Output,1,27.173,1038.347,26.949,3.128,236.7,3.724,0.42,NA,2025-10-06T10:35:06Z,LASNOC,2025-10-05
LPE,2025-10-06T10:41:24Z,2025-10-06,05:41:24,5,LASNOC,0.812,26.918,28.51,0,0.449438,EPTFUS,LASCIN,NA,NA,16,16,6.344,1,0,44.356,26.651,7.38,245AAA0666BC1507,Schmeeckle 2025 Master.csv,LPE\10 09\20251006,245AAA0666BC1507_20251006_104124T.WAV,245AAA0666BC1507_20251006_104124_000T.wav,NA,C:\Users\Nancy\Desktop\Bat Files,C:\Users\Nancy\Desktop\AutoID\10 09 Output,13,30.724,212.016,27.977,4.331,467.51,6.055,2.63,NA,2025-10-06T10:41:24Z,LASNOC,2025-10-05
LPE,2025-10-06T10:43:30Z,2025-10-06,05:43:30,5,LASNOC,0.688,27.753,65.65,0,0.401744,EPTFUS,LASCIN,NA,NA,16,16,3.86,1,0,42.822,27.572,6.014667,245AAA0666BC1507,Schmeeckle 2025 Master.csv,LPE\10 09\20251006,245AAA0666BC1507_20251006_104330T.WAV,245AAA0666BC1507_20251006_104330_000T.wav,NA,C:\Users\Nancy\Desktop\Bat Files,C:\Users\Nancy\Desktop\AutoID\10 09 Output,11,31.708,161.082,29.48,2.283,372.73,3.734,2.68,NA,2025-10-06T10:43:30Z,LASNOC,2025-10-05
LPE,2025-10-06T10:54:42Z,2025-10-06,05:54:42,5,LASNOC,0.371,25.871,68.62,0,0.283614,LASCIN,EPTFUS,NA,NA,35,35,4.947,1,0,39.427,25.554,7.124,245AAA0666BC1507,Schmeeckle 2025 Master.csv,LPE\10 09\20251006,245AAA0666BC1507_20251006_105442T.WAV,245AAA0666BC1507_20251006_105442_000T.wav,NA,C:\Users\Nancy\Desktop\Bat Files,C:\Users\Nancy\Desktop\AutoID\10 09 Output,13,29.051,135.891,27.587,3.136,448.52,4.615,4.83,NA,2025-10-06T10:54:42Z,LASNOC,2025-10-05
LPE,2025-10-06T10:59:50Z,2025-10-06,05:59:50,5,LASBOR,0.5,43.754,35.52,0,0.175883,MYOLUC,PERSUB,NA,NA,4,4,3.929,1,0,53.839,43.591,7.381333,245AAA0666BC1507,Schmeeckle 2025 Master.csv,LPE\10 09\20251006,245AAA0666BC1507_20251006_105950T.WAV,245AAA0666BC1507_20251006_105950_000T.wav,NA,C:\Users\Nancy\Desktop\Bat Files,C:\Users\Nancy\Desktop\AutoID\10 09 Output,2,46.56,382.487,45.212,2.256,260,3.686,1.18,NA,2025-10-06T10:59:50Z,LASBOR,2025-10-05
LPE,2025-10-06T11:00:04Z,2025-10-06,06:00:04,6,MYOLUC,0.818,51.274,96.27,0,0.162473,NA,NA,NA,NA,22,22,3.22,1,0,77.028,50.446,8.746667,245AAA0666BC1507,Schmeeckle 2025 Master.csv,LPE\10 09\20251006,245AAA0666BC1507_20251006_110004T.WAV,245AAA0666BC1507_20251006_110004_000T.wav,NA,C:\Users\Nancy\Desktop\Bat Files,C:\Users\Nancy\Desktop\AutoID\10 09 Output,18,57.93,196.53,56.078,1.614,502.5,3.042,4.49,NA,2025-10-06T11:00:04Z,MYOLUC,2025-10-05
LPE,2025-10-06T11:04:16Z,2025-10-06,06:04:16,6,LASNOC,0.385,26.591,110.64,0,0.374097,LASCIN,EPTFUS,NA,NA,13,13,3.354,1,0,43.102,26.53,8.404,245AAA0666BC1507,Schmeeckle 2025 Master.csv,LPE\10 09\20251006,245AAA0666BC1507_20251006_110416T.WAV,245AAA0666BC1507_20251006_110416_000T.wav,NA,C:\Users\Nancy\Desktop\Bat Files,C:\Users\Nancy\Desktop\AutoID\10 09 Output,5,30.918,146.253,29.512,1.946,600.77,3.33,2.42,NA,2025-10-06T11:04:16Z,LASNOC,2025-10-05
LPE,2025-10-06T11:14:18Z,2025-10-06,06:14:18,6,LASNOC,0.8,27.127,25.45,0,0.452833,EPTFUS,LASCIN,NA,NA,5,5,5.934,1,0,35.705,26.947,2.430667,245AAA0666BC1507,Schmeeckle 2025 Master.csv,LPE\10 09\20251006,245AAA0666BC1507_20251006_111418T.WAV,245AAA0666BC1507_20251006_111418_000T.wav,NA,C:\Users\Nancy\Desktop\Bat Files,C:\Users\Nancy\Desktop\AutoID\10 09 Output,4,29.239,276.575,27.916,3.856,221.2,5.549,1.03,NA,2025-10-06T11:14:18Z,LASNOC,2025-10-05
LPE,2025-10-06T11:14:32Z,2025-10-06,06:14:32,6,LASNOC,0.846,28.388,66.56,0,0.385507,EPTFUS,LASCIN,NA,NA,26,26,4.106,1,0,42.775,28.116,8.746667,245AAA0666BC1507,Schmeeckle 2025 Master.csv,LPE\10 09\20251006,245AAA0666BC1507_20251006_111432T.WAV,245AAA0666BC1507_20251006_111432_000T.wav,NA,C:\Users\Nancy\Desktop\Bat Files,C:\Users\Nancy\Desktop\AutoID\10 09 Output,22,31.948,277.408,30.314,2.523,520.17,3.908,4.21,NA,2025-10-06T11:14:32Z,LASNOC,2025-10-05
LPE,2025-10-06T11:15:14Z,2025-10-06,06:15:14,6,LASNOC,0.429,27.735,92.38,0,0.291832,EPTFUS,NA,NA,NA,14,14,3.478,1,0,39.361,27.315,4.478667,245AAA0666BC1507,Schmeeckle 2025 Master.csv,LPE\10 09\20251006,245AAA0666BC1507_20251006_111514T.WAV,245AAA0666BC1507_20251006_111514_000T.wav,NA,C:\Users\Nancy\Desktop\Bat Files,C:\Users\Nancy\Desktop\AutoID\10 09 Output,6,31.061,116.414,30.64,1.815,392.09,3.279,2.51,NA,2025-10-06T11:15:14Z,LASNOC,2025-10-05
LPE,2025-10-06T23:57:38Z,2025-10-06,18:57:38,18,LASNOC,0.381,26.729,29.47,0,0.291114,EPTFUS,LASCIN,NA,NA,21,21,5.921,1,0,35.949,26.475,9,245AAA0666BC1507,Schmeeckle 2025 Master.csv,LPE\10 09\20251006,245AAA0666BC1507_20251006_235738T.WAV,245AAA0666BC1507_20251006_235738_000T.wav,NA,C:\Users\Nancy\Desktop\Bat Files,C:\Users\Nancy\Desktop\AutoID\10 09 Output,8,28.828,158.865,27.53,3.911,305.86,5.436,3.38,NA,2025-10-06T23:57:38Z,LASNOC,2025-10-06
LPE,2025-10-07T00:11:24Z,2025-10-06,19:11:24,19,LASCIN,1,20.734,-0.51,0,0.405543,NA,NA,NA,NA,12,12,3.578,1,0,21.206,20.475,9,245AAA0666BC1507,Schmeeckle 2025 Master.csv,LPE\10 09\20251007,245AAA0666BC1507_20251007_001124T.WAV,245AAA0666BC1507_20251007_001124_000T.wav,NA,C:\Users\Nancy\Desktop\Bat Files,C:\Users\Nancy\Desktop\AutoID\10 09 Output,12,20.739,610.95,20.741,1.548,61.09,2.686,2.67,NA,2025-10-07T00:11:24Z,LASCIN,2025-10-06
LPE,2025-10-07T01:48:28Z,2025-10-06,20:48:28,20,LASNOC,1,28.348,10.71,0,0.524261,EPTFUS,LASCIN,NA,NA,3,3,6.178,1,0,37.751,27.477,4.138667,245AAA0666BC1507,Schmeeckle 2025 Master.csv,LPE\10 09\20251007,245AAA0666BC1507_20251007_014828T.WAV,245AAA0666BC1507_20251007_014828_000T.wav,NA,C:\Users\Nancy\Desktop\Bat Files,C:\Users\Nancy\Desktop\AutoID\10 09 Output,3,30.059,267.712,28.625,3.941,327.92,4.925,0.74,NA,2025-10-07T01:48:28Z,LASNOC,2025-10-06
LPE,2025-10-07T01:51:02Z,2025-10-06,20:51:02,20,LASNOC,1,27.773,19.16,0,0.375684,EPTFUS,LASCIN,NA,NA,6,6,3.778,1,0,30.598,27.472,9,245AAA0666BC1507,Schmeeckle 2025 Master.csv,LPE\10 09\20251007,245AAA0666BC1507_20251007_015102T.WAV,245AAA0666BC1507_20251007_015102_000T.wav,NA,C:\Users\Nancy\Desktop\Bat Files,C:\Users\Nancy\Desktop\AutoID\10 09 Output,6,28.331,434.865,28.127,2.041,153.09,3.145,1.56,NA,2025-10-07T01:51:02Z,LASNOC,2025-10-06
LPE,2025-10-07T01:51:16Z,2025-10-06,20:51:16,20,LASNOC,0.4,27.899,56.03,0,0.296909,EPTFUS,LASCIN,NA,NA,40,40,4.538,1,0,40.806,27.158,9,245AAA0666BC1507,Schmeeckle 2025 Master.csv,LPE\10 09\20251007,245AAA0666BC1507_20251007_015116T.WAV,245AAA0666BC1507_20251007_015116_000T.wav,NA,C:\Users\Nancy\Desktop\Bat Files,C:\Users\Nancy\Desktop\AutoID\10 09 Output,16,30.779,158.034,29.556,2.559,400.65,4.134,7.67,NA,2025-10-07T01:51:16Z,LASNOC,2025-10-06
LPE,2025-10-07T01:51:58Z,2025-10-06,20:51:58,20,EPTFUS,0.5,29.359,32.86,0,0.331439,LASNOC,NA,NA,NA,2,2,3.906,1,0,37.972,29.041,9,245AAA0666BC1507,Schmeeckle 2025 Master.csv,LPE\10 09\20251007,245AAA0666BC1507_20251007_015158T.WAV,245AAA0666BC1507_20251007_015158_000T.wav,NA,C:\Users\Nancy\Desktop\Bat Files,C:\Users\Nancy\Desktop\AutoID\10 09 Output,1,31.659,117.406,30.191,2.553,269.53,3.767,0.47,NA,2025-10-07T01:51:58Z,EPTFUS,2025-10-06
LPE,2025-10-07T01:52:12Z,2025-10-06,20:52:12,20,LASNOC,0.739,28.902,27.81,0,0.272894,EPTFUS,LASCIN,NA,NA,23,23,4.96,1,0,42.779,28.623,9,245AAA0666BC1507,Schmeeckle 2025 Master.csv,LPE\10 09\20251007,245AAA0666BC1507_20251007_015212T.WAV,245AAA0666BC1507_20251007_015212_000T.wav,NA,C:\Users\Nancy\Desktop\Bat Files,C:\Users\Nancy\Desktop\AutoID\10 09 Output,17,32.047,146.161,29.668,3.391,407.86,4.789,4.28,NA,2025-10-07T01:52:12Z,LASNOC,2025-10-06
LPE,2025-10-07T01:52:54Z,2025-10-06,20:52:54,20,LASNOC,0.556,28.049,22.49,0,0.285675,EPTFUS,LASCIN,NA,NA,18,18,4.544,1,0,35.287,27.902,9,245AAA0666BC1507,Schmeeckle 2025 Master.csv,LPE\10 09\20251007,245AAA0666BC1507_20251007_015254T.WAV,245AAA0666BC1507_20251007_015254_000T.wav,NA,C:\Users\Nancy\Desktop\Bat Files,C:\Users\Nancy\Desktop\AutoID\10 09 Output,10,29.864,301.891,28.819,2.778,191.55,4.351,3.62,NA,2025-10-07T01:52:54Z,LASNOC,2025-10-06
LPE,2025-10-07T01:53:08Z,2025-10-06,20:53:08,20,EPTFUS,1,29.471,35.28,0,0.33495,LASNOC,LASBOR,NA,NA,2,2,2.789,1,0,33.219,29.471,9,245AAA0666BC1507,Schmeeckle 2025 Master.csv,LPE\10 09\20251007,245AAA0666BC1507_20251007_015308T.WAV,245AAA0666BC1507_20251007_015308_000T.wav,NA,C:\Users\Nancy\Desktop\Bat Files,C:\Users\Nancy\Desktop\AutoID\10 09 Output,2,30.794,244.528,30.37,1.583,90.52,2.721,0.69,NA,2025-10-07T01:53:08Z,EPTFUS,2025-10-06
LPE,2025-10-07T01:53:36Z,2025-10-06,20:53:36,20,LASNOC,0.721,27.512,24.49,0,0.342294,EPTFUS,LASCIN,NA,NA,43,43,6.104,1,0,37.651,27.273,9,245AAA0666BC1507,Schmeeckle 2025 Master.csv,LPE\10 09\20251007,245AAA0666BC1507_20251007_015336T.WAV,245AAA0666BC1507_20251007_015336_000T.wav,NA,C:\Users\Nancy\Desktop\Bat Files,C:\Users\Nancy\Desktop\AutoID\10 09 Output,31,29.821,148.812,28.343,3.804,300.29,5.657,6.4,NA,2025-10-07T01:53:36Z,LASNOC,2025-10-06
LPE,2025-10-07T01:54:18Z,2025-10-06,20:54:18,20,LASNOC,0.68,27.734,22.71,0,0.285251,EPTFUS,LASCIN,NA,NA,25,25,5.738,1,0,37.173,27.453,9,245AAA0666BC1507,Schmeeckle 2025 Master.csv,LPE\10 09\20251007,245AAA0666BC1507_20251007_015418T.WAV,245AAA0666BC1507_20251007_015418_000T.wav,NA,C:\Users\Nancy\Desktop\Bat Files,C:\Users\Nancy\Desktop\AutoID\10 09 Output,17,29.941,186.551,28.424,3.816,325.96,5.239,4.58,NA,2025-10-07T01:54:18Z,LASNOC,2025-10-06
LPE,2025-10-07T01:55:14Z,2025-10-06,20:55:14,20,LASNOC,0.688,27.534,19.44,0,0.358419,EPTFUS,LASCIN,NA,NA,16,16,5.723,1,0,31.395,27.184,9,245AAA0666BC1507,Schmeeckle 2025 Master.csv,LPE\10 09\20251007,245AAA0666BC1507_20251007_015514T.WAV,245AAA0666BC1507_20251007_015514_000T.wav,NA,C:\Users\Nancy\Desktop\Bat Files,C:\Users\Nancy\Desktop\AutoID\10 09 Output,11,28.424,294.215,28.007,3.6,174.37,4.925,2.49,NA,2025-10-07T01:55:14Z,LASNOC,2025-10-06
LPE,2025-10-07T01:55:42Z,2025-10-06,20:55:42,20,LASNOC,0.56,28.02,20.88,0,0.275337,EPTFUS,LASCIN,NA,NA,25,25,4.899,1,0,35.721,27.586,9,245AAA0666BC1507,Schmeeckle 2025 Master.csv,LPE\10 09\20251007,245AAA0666BC1507_20251007_015542T.WAV,245AAA0666BC1507_20251007_015542_000T.wav,NA,C:\Users\Nancy\Desktop\Bat Files,C:\Users\Nancy\Desktop\AutoID\10 09 Output,14,29.728,252.666,28.535,3.315,234.14,4.346,7.48,NA,2025-10-07T01:55:42Z,LASNOC,2025-10-06
LPE,2025-10-07T01:56:10Z,2025-10-06,20:56:10,20,LASNOC,0.889,26.715,12.33,0,0.474678,EPTFUS,LASCIN,NA,NA,9,9,7.69,1,0,34.13,26.274,9,245AAA0666BC1507,Schmeeckle 2025 Master.csv,LPE\10 09\20251007,245AAA0666BC1507_20251007_015610T.WAV,245AAA0666BC1507_20251007_015610_000T.wav,NA,C:\Users\Nancy\Desktop\Bat Files,C:\Users\Nancy\Desktop\AutoID\10 09 Output,8,28.051,262.595,27.086,5.076,282.89,6.629,1.93,NA,2025-10-07T01:56:10Z,LASNOC,2025-10-06
LPE,2025-10-07T02:00:11Z,2025-10-06,21:00:11,21,LASNOC,0.75,25.594,6.75,0,0.351499,LASCIN,EPTFUS,NA,NA,4,4,8.005,1,0,27.949,25.269,4.637333,245AAA0666BC1507,Schmeeckle 2025 Master.csv,LPE\10 09\20251007,245AAA0666BC1507_20251007_020011T.WAV,245AAA0666BC1507_20251007_020011_000T.wav,NA,C:\Users\Nancy\Desktop\Bat Files,C:\Users\Nancy\Desktop\AutoID\10 09 Output,3,26.276,662.337,25.883,5.566,43.23,7.605,1.24,NA,2025-10-07T02:00:11Z,LASNOC,2025-10-06
LPE,2025-10-07T02:01:04Z,2025-10-06,21:01:04,21,LASNOC,0.741,27.206,12.5,0,0.341411,EPTFUS,LASCIN,NA,NA,27,27,6.151,1,0,33.958,26.835,7.806667,245AAA0666BC1507,Schmeeckle 2025 Master.csv,LPE\10 09\20251007,245AAA0666BC1507_20251007_020104T.WAV,245AAA0666BC1507_20251007_020104_000T.wav,NA,C:\Users\Nancy\Desktop\Bat Files,C:\Users\Nancy\Desktop\AutoID\10 09 Output,20,28.676,278.48,27.653,4.269,168.39,5.621,4.82,NA,2025-10-07T02:01:04Z,LASNOC,2025-10-06
LPE,2025-10-07T02:05:16Z,2025-10-06,21:05:16,21,LASNOC,1,26.73,7.49,0,0.38958,LASCIN,EPTFUS,NA,NA,8,8,6.119,1,0,27.928,26.446,5.162667,245AAA0666BC1507,Schmeeckle 2025 Master.csv,LPE\10 09\20251007,245AAA0666BC1507_20251007_020516T.WAV,245AAA0666BC1507_20251007_020516_000T.wav,NA,C:\Users\Nancy\Desktop\Bat Files,C:\Users\Nancy\Desktop\AutoID\10 09 Output,8,27.049,353.053,27.123,2.347,45.81,5.141,1.91,NA,2025-10-07T02:05:16Z,LASNOC,2025-10-06
LPE,2025-10-07T02:29:46Z,2025-10-06,21:29:46,21,LASNOC,0.9,25.53,6.48,0,0.307504,LASCIN,EPTFUS,NA,NA,10,10,4.579,1,0,26.756,24.966,9,245AAA0666BC1507,Schmeeckle 2025 Master.csv,LPE\10 09\20251007,245AAA0666BC1507_20251007_022946T.WAV,245AAA0666BC1507_20251007_022946_000T.wav,NA,C:\Users\Nancy\Desktop\Bat Files,C:\Users\Nancy\Desktop\AutoID\10 09 Output,9,25.762,379.604,25.673,2.046,73.29,3.588,2.15,NA,2025-10-07T02:29:46Z,LASNOC,2025-10-06
LPE,2025-10-07T02:47:30Z,2025-10-06,21:47:30,21,LASNOC,1,26.305,12.97,0,0.468811,LASCIN,EPTFUS,NA,NA,4,4,5.782,1,0,28.711,25.907,9,245AAA0666BC1507,Schmeeckle 2025 Master.csv,LPE\10 09\20251007,245AAA0666BC1507_20251007_024730T.WAV,245AAA0666BC1507_20251007_024730_000T.wav,NA,C:\Users\Nancy\Desktop\Bat Files,C:\Users\Nancy\Desktop\AutoID\10 09 Output,4,26.856,1737.387,26.769,2.431,130.44,4.626,1.33,NA,2025-10-07T02:47:30Z,LASNOC,2025-10-06
LPE,2025-10-07T02:48:12Z,2025-10-06,21:48:12,21,LASNOC,1,26.818,5.67,0,0.388827,LASCIN,EPTFUS,NA,NA,2,2,4.882,1,0,27.635,26.381,8.062667,245AAA0666BC1507,Schmeeckle 2025 Master.csv,LPE\10 09\20251007,245AAA0666BC1507_20251007_024812T.WAV,245AAA0666BC1507_20251007_024812_000T.wav,NA,C:\Users\Nancy\Desktop\Bat Files,C:\Users\Nancy\Desktop\AutoID\10 09 Output,2,26.928,556.639,26.991,2.095,-48.01,3.661,0.4,NA,2025-10-07T02:48:12Z,LASNOC,2025-10-06
LPE,2025-10-07T02:57:18Z,2025-10-06,21:57:18,21,LASNOC,1,26.02,9.88,0,0.314658,LASCIN,EPTFUS,NA,NA,2,2,4.671,1,0,26.405,25.849,7.806667,245AAA0666BC1507,Schmeeckle 2025 Master.csv,LPE\10 09\20251007,245AAA0666BC1507_20251007_025718T.WAV,245AAA0666BC1507_20251007_025718_000T.wav,NA,C:\Users\Nancy\Desktop\Bat Files,C:\Users\Nancy\Desktop\AutoID\10 09 Output,2,26.107,866.681,26.231,2.601,38.04,3.904,0.63,NA,2025-10-07T02:57:18Z,LASNOC,2025-10-06
LPE,2025-10-07T03:00:48Z,2025-10-06,22:00:48,22,LASNOC,0.739,25.486,0.97,0,0.175588,LASCIN,EPTFUS,NA,NA,23,23,6.39,1,0,26.066,25.152,9,245AAA0666BC1507,Schmeeckle 2025 Master.csv,LPE\10 09\20251007,245AAA0666BC1507_20251007_030048T.WAV,245AAA0666BC1507_20251007_030048_000T.wav,NA,C:\Users\Nancy\Desktop\Bat Files,C:\Users\Nancy\Desktop\AutoID\10 09 Output,17,25.382,294.492,25.555,2.329,33.8,4.206,5.61,NA,2025-10-07T03:00:48Z,LASNOC,2025-10-06
LPE,2025-10-07T03:01:58Z,2025-10-06,22:01:58,22,LASNOC,1,24.747,36.54,0,0.35386,EPTFUS,LASCIN,NA,NA,3,3,3.848,1,0,25.372,24.619,8.830667,245AAA0666BC1507,Schmeeckle 2025 Master.csv,LPE\10 09\20251007,245AAA0666BC1507_20251007_030158T.WAV,245AAA0666BC1507_20251007_030158_000T.wav,NA,C:\Users\Nancy\Desktop\Bat Files,C:\Users\Nancy\Desktop\AutoID\10 09 Output,3,24.959,227.66,25.109,1.171,-68.53,3.154,0.9,NA,2025-10-07T03:01:58Z,LASNOC,2025-10-06
LPE,2025-10-07T03:08:58Z,2025-10-06,22:08:58,22,LASNOC,1,27.001,-5.62,0,0.40415,LASCIN,EPTFUS,NA,NA,12,12,6.385,1,0,27.66,26.621,8.574667,245AAA0666BC1507,Schmeeckle 2025 Master.csv,LPE\10 09\20251007,245AAA0666BC1507_20251007_030858T.WAV,245AAA0666BC1507_20251007_030858_000T.wav,NA,C:\Users\Nancy\Desktop\Bat Files,C:\Users\Nancy\Desktop\AutoID\10 09 Output,12,27.027,653.379,27.037,1.434,55.38,4.723,2.93,NA,2025-10-07T03:08:58Z,LASNOC,2025-10-06
LPE,2025-10-07T03:16:12Z,2025-10-06,22:16:12,22,LASNOC,1,26.93,16.32,0,0.458123,EPTFUS,LASCIN,NA,NA,12,12,9.158,1,0,30,26.499,7.721333,245AAA0666BC1507,Schmeeckle 2025 Master.csv,LPE\10 09\20251007,245AAA0666BC1507_20251007_031612T.WAV,245AAA0666BC1507_20251007_031612_000T.wav,NA,C:\Users\Nancy\Desktop\Bat Files,C:\Users\Nancy\Desktop\AutoID\10 09 Output,12,27.523,237.161,27.508,5.073,198.58,7.347,1.67,NA,2025-10-07T03:16:12Z,LASNOC,2025-10-06
LPE,2025-10-07T03:24:50Z,2025-10-06,22:24:50,22,LASBOR,1,42.904,55.2,0,0.359284,PERSUB,MYOLUC,NA,NA,2,2,3.016,1,0,52.992,42.339,5.076,245AAA0666BC1507,Schmeeckle 2025 Master.csv,LPE\10 09\20251007,245AAA0666BC1507_20251007_032450T.WAV,245AAA0666BC1507_20251007_032450_000T.wav,NA,C:\Users\Nancy\Desktop\Bat Files,C:\Users\Nancy\Desktop\AutoID\10 09 Output,2,45.719,134.298,45.038,1.65,296.21,2.737,0.4,NA,2025-10-07T03:24:50Z,LASBOR,2025-10-06
LPE,2025-10-07T03:34:24Z,2025-10-06,22:34:24,22,LASNOC,1,26.012,-11.71,0,0.302128,LASCIN,EPTFUS,NA,NA,3,3,6.418,1,0,27.318,25.677,8.745333,245AAA0666BC1507,Schmeeckle 2025 Master.csv,LPE\10 09\20251007,245AAA0666BC1507_20251007_033424T.WAV,245AAA0666BC1507_20251007_033424_000T.wav,NA,C:\Users\Nancy\Desktop\Bat Files,C:\Users\Nancy\Desktop\AutoID\10 09 Output,3,26.363,445.962,26.281,3.927,9.33,5.238,0.94,NA,2025-10-07T03:34:24Z,LASNOC,2025-10-06
LPE,2025-10-07T03:40:42Z,2025-10-06,22:40:42,22,LASNOC,1,26.335,3.32,0,0.407001,LASCIN,EPTFUS,NA,NA,5,5,6.263,1,0,27.086,26.081,7.552,245AAA0666BC1507,Schmeeckle 2025 Master.csv,LPE\10 09\20251007,245AAA0666BC1507_20251007_034042T.WAV,245AAA0666BC1507_20251007_034042_000T.wav,NA,C:\Users\Nancy\Desktop\Bat Files,C:\Users\Nancy\Desktop\AutoID\10 09 Output,5,26.472,377.186,26.463,3.283,57.63,5.497,0.72,NA,2025-10-07T03:40:42Z,LASNOC,2025-10-06
LPE,2025-10-07T03:42:20Z,2025-10-06,22:42:20,22,LASNOC,1,28.407,32.42,0,0.375898,EPTFUS,NA,NA,NA,4,4,4.771,1,0,39.688,27.952,9,245AAA0666BC1507,Schmeeckle 2025 Master.csv,LPE\10 09\20251007,245AAA0666BC1507_20251007_034220T.WAV,245AAA0666BC1507_20251007_034220_000T.wav,NA,C:\Users\Nancy\Desktop\Bat Files,C:\Users\Nancy\Desktop\AutoID\10 09 Output,4,31.267,111.728,29.118,3.293,304.91,4.41,1.01,NA,2025-10-07T03:42:20Z,LASNOC,2025-10-06
LPE,2025-10-07T03:43:30Z,2025-10-06,22:43:30,22,LASNOC,0.833,26.178,3.57,0,0.255889,LASCIN,EPTFUS,NA,NA,6,6,3.578,1,0,26.835,25.752,5.161333,245AAA0666BC1507,Schmeeckle 2025 Master.csv,LPE\10 09\20251007,245AAA0666BC1507_20251007_034330T.WAV,245AAA0666BC1507_20251007_034330_000T.wav,NA,C:\Users\Nancy\Desktop\Bat Files,C:\Users\Nancy\Desktop\AutoID\10 09 Output,5,26.292,474.866,26.264,1.339,62.84,2.232,1.29,NA,2025-10-07T03:43:30Z,LASNOC,2025-10-06
LPE,2025-10-07T03:48:52Z,2025-10-06,22:48:52,22,LASNOC,0.545,24.728,1.65,0,0.243134,LASCIN,EPTFUS,NA,NA,11,11,6.515,1,0,25.505,24.532,9,245AAA0666BC1507,Schmeeckle 2025 Master.csv,LPE\10 09\20251007,245AAA0666BC1507_20251007_034852T.WAV,245AAA0666BC1507_20251007_034852_000T.wav,NA,C:\Users\Nancy\Desktop\Bat Files,C:\Users\Nancy\Desktop\AutoID\10 09 Output,6,24.895,312.535,24.829,2.582,37.8,5.019,2.15,NA,2025-10-07T03:48:52Z,LASNOC,2025-10-06
LPE,2025-10-07T03:49:34Z,2025-10-06,22:49:34,22,LASCIN,1,18.548,12.34,0,0.502381,NA,NA,NA,NA,2,2,4.638,1,0,18.812,18.417,7.636,245AAA0666BC1507,Schmeeckle 2025 Master.csv,LPE\10 09\20251007,245AAA0666BC1507_20251007_034934T.WAV,245AAA0666BC1507_20251007_034934_000T.wav,NA,C:\Users\Nancy\Desktop\Bat Files,C:\Users\Nancy\Desktop\AutoID\10 09 Output,2,18.597,855.896,18.616,1.845,88.75,2.869,0.48,NA,2025-10-07T03:49:34Z,LASCIN,2025-10-06
LPE,2025-10-07T03:49:48Z,2025-10-06,22:49:48,22,LASNOC,1,26.408,1,0,0.412772,LASCIN,EPTFUS,NA,NA,2,2,8.979,1,0,30.654,26.19,2.773333,245AAA0666BC1507,Schmeeckle 2025 Master.csv,LPE\10 09\20251007,245AAA0666BC1507_20251007_034948T.WAV,245AAA0666BC1507_20251007_034948_000T.wav,NA,C:\Users\Nancy\Desktop\Bat Files,C:\Users\Nancy\Desktop\AutoID\10 09 Output,2,27.407,238.299,26.828,5.926,164.39,8.151,0.43,NA,2025-10-07T03:49:48Z,LASNOC,2025-10-06
LPE,2025-10-07T03:50:02Z,2025-10-06,22:50:02,22,LASNOC,0.818,26.565,15.16,0,0.463295,EPTFUS,LASCIN,NA,NA,11,11,6.93,1,0,31.589,26.309,9,245AAA0666BC1507,Schmeeckle 2025 Master.csv,LPE\10 09\20251007,245AAA0666BC1507_20251007_035002T.WAV,245AAA0666BC1507_20251007_035002_000T.wav,NA,C:\Users\Nancy\Desktop\Bat Files,C:\Users\Nancy\Desktop\AutoID\10 09 Output,9,27.563,275.865,27.333,3.571,255.99,6.18,2.07,NA,2025-10-07T03:50:02Z,LASNOC,2025-10-06
LPE,2025-10-07T03:50:16Z,2025-10-06,22:50:16,22,LASNOC,1,26.489,7.73,0,0.364546,LASCIN,EPTFUS,NA,NA,7,7,4.781,1,0,28.196,26.022,5.845333,245AAA0666BC1507,Schmeeckle 2025 Master.csv,LPE\10 09\20251007,245AAA0666BC1507_20251007_035016T.WAV,245AAA0666BC1507_20251007_035016_000T.wav,NA,C:\Users\Nancy\Desktop\Bat Files,C:\Users\Nancy\Desktop\AutoID\10 09 Output,7,26.804,931.461,26.704,2.449,50.18,3.86,2.23,NA,2025-10-07T03:50:16Z,LASNOC,2025-10-06
LPE,2025-10-07T03:50:58Z,2025-10-06,22:50:58,22,EPTFUS,0.273,26.022,29.4,0,0.30774,LASNOC,LASCIN,NA,NA,11,11,6.12,1,0,31.9,25.819,8.66,245AAA0666BC1507,Schmeeckle 2025 Master.csv,LPE\10 09\20251007,245AAA0666BC1507_20251007_035058T.WAV,245AAA0666BC1507_20251007_035058_000T.wav,NA,C:\Users\Nancy\Desktop\Bat Files,C:\Users\Nancy\Desktop\AutoID\10 09 Output,3,27.832,438.703,26.849,4.141,177.55,5.705,2.77,NA,2025-10-07T03:50:58Z,EPTFUS,2025-10-06
LPE,2025-10-07T03:55:52Z,2025-10-06,22:55:52,22,LASNOC,0.889,27.482,24.89,0,0.38192,EPTFUS,LASCIN,NA,NA,9,9,5.018,1,0,31.996,27.145,9,245AAA0666BC1507,Schmeeckle 2025 Master.csv,LPE\10 09\20251007,245AAA0666BC1507_20251007_035552T.WAV,245AAA0666BC1507_20251007_035552_000T.wav,NA,C:\Users\Nancy\Desktop\Bat Files,C:\Users\Nancy\Desktop\AutoID\10 09 Output,8,28.374,326.755,28.192,2.64,260.61,4.113,2.64,NA,2025-10-07T03:55:52Z,LASNOC,2025-10-06
LPE,2025-10-07T04:16:10Z,2025-10-06,23:16:10,23,LASNOC,1,27.139,3.1,0,0.412772,LASCIN,EPTFUS,NA,NA,2,2,7.843,1,0,29.266,26.904,3.029333,245AAA0666BC1507,Schmeeckle 2025 Master.csv,LPE\10 09\20251007,245AAA0666BC1507_20251007_041610T.WAV,245AAA0666BC1507_20251007_041610_000T.wav,NA,C:\Users\Nancy\Desktop\Bat Files,C:\Users\Nancy\Desktop\AutoID\10 09 Output,2,27.716,748.88,27.232,6.362,97.14,7.767,0.84,NA,2025-10-07T04:16:10Z,LASNOC,2025-10-06
LPE,2025-10-07T04:23:52Z,2025-10-06,23:23:52,23,LASNOC,1,27.423,-0.33,0,0.410425,LASCIN,EPTFUS,NA,NA,4,4,6.097,1,0,30.063,26.835,4.650667,245AAA0666BC1507,Schmeeckle 2025 Master.csv,LPE\10 09\20251007,245AAA0666BC1507_20251007_042352T.WAV,245AAA0666BC1507_20251007_042352_000T.wav,NA,C:\Users\Nancy\Desktop\Bat Files,C:\Users\Nancy\Desktop\AutoID\10 09 Output,4,27.83,798.56,27.499,3.214,96.83,4.049,1.18,NA,2025-10-07T04:23:52Z,LASNOC,2025-10-06
LPE,2025-10-07T06:14:14Z,2025-10-07,01:14:14,1,LASNOC,0.909,26.171,25.55,0,0.322881,LASCIN,EPTFUS,NA,NA,11,11,6.258,1,0,27.402,25.837,7.550667,245AAA0666BC1507,Schmeeckle 2025 Master.csv,LPE\10 09\20251007,245AAA0666BC1507_20251007_061414T.WAV,245AAA0666BC1507_20251007_061414_000T.wav,NA,C:\Users\Nancy\Desktop\Bat Files,C:\Users\Nancy\Desktop\AutoID\10 09 Output,10,26.483,618.974,26.468,2.857,50.73,4.875,2.94,NA,2025-10-07T06:14:14Z,LASNOC,2025-10-06
LPE,2025-10-07T07:00:12Z,2025-10-07,02:00:12,2,LASNOC,0.5,26.378,26.02,0,0.334187,LASCIN,EPTFUS,NA,NA,24,24,5.63,1,0,36.452,26.142,7.381333,245AAA0666BC1507,Schmeeckle 2025 Master.csv,LPE\10 09\20251007,245AAA0666BC1507_20251007_070012T.WAV,245AAA0666BC1507_20251007_070012_000T.wav,NA,C:\Users\Nancy\Desktop\Bat Files,C:\Users\Nancy\Desktop\AutoID\10 09 Output,12,28.526,188.16,27.161,3.554,346.88,5.199,4.2,NA,2025-10-07T07:00:12Z,LASNOC,2025-10-06
LPE,2025-10-07T07:47:48Z,2025-10-07,02:47:48,2,LASNOC,0.857,27.88,28.52,0,0.340226,EPTFUS,LASCIN,NA,NA,28,28,6.421,1,0,39.951,27.629,6.1,245AAA0666BC1507,Schmeeckle 2025 Master.csv,LPE\10 09\20251007,245AAA0666BC1507_20251007_074748T.WAV,245AAA0666BC1507_20251007_074748_000T.wav,NA,C:\Users\Nancy\Desktop\Bat Files,C:\Users\Nancy\Desktop\AutoID\10 09 Output,24,30.561,192.866,29.082,4.082,433.46,6.021,4.91,NA,2025-10-07T07:47:48Z,LASNOC,2025-10-06
LPE,2025-10-07T07:48:02Z,2025-10-07,02:48:02,2,LASNOC,0.722,28.029,30.43,0,0.355077,EPTFUS,LASCIN,NA,NA,18,18,4.723,1,0,40.465,27.693,7.381333,245AAA0666BC1507,Schmeeckle 2025 Master.csv,LPE\10 09\20251007,245AAA0666BC1507_20251007_074802T.WAV,245AAA0666BC1507_20251007_074802_000T.wav,NA,C:\Users\Nancy\Desktop\Bat Files,C:\Users\Nancy\Desktop\AutoID\10 09 Output,13,31.081,291.861,28.884,3.323,354.79,4.44,3.53,NA,2025-10-07T07:48:02Z,LASNOC,2025-10-06
LPE,2025-10-07T07:53:10Z,2025-10-07,02:53:10,2,LASNOC,1,28.026,8.59,0,0.454886,EPTFUS,LASCIN,NA,NA,2,2,4.189,1,0,31.326,27.496,2.688,245AAA0666BC1507,Schmeeckle 2025 Master.csv,LPE\10 09\20251007,245AAA0666BC1507_20251007_075310T.WAV,245AAA0666BC1507_20251007_075310_000T.wav,NA,C:\Users\Nancy\Desktop\Bat Files,C:\Users\Nancy\Desktop\AutoID\10 09 Output,2,28.507,1550.997,28.372,1.967,214.09,3.175,0.9,NA,2025-10-07T07:53:10Z,LASNOC,2025-10-06
LPE,2025-10-07T07:54:34Z,2025-10-07,02:54:34,2,LASNOC,0.75,26.409,23.25,0,0.369184,EPTFUS,LASCIN,NA,NA,4,4,7.858,1,0,32.076,26.024,3.541333,245AAA0666BC1507,Schmeeckle 2025 Master.csv,LPE\10 09\20251007,245AAA0666BC1507_20251007_075434T.WAV,245AAA0666BC1507_20251007_075434_000T.wav,NA,C:\Users\Nancy\Desktop\Bat Files,C:\Users\Nancy\Desktop\AutoID\10 09 Output,3,27.661,181.184,26.926,5.707,202.81,6.978,1.41,NA,2025-10-07T07:54:34Z,LASNOC,2025-10-06
LPE,2025-10-07T08:18:22Z,2025-10-07,03:18:22,3,LASNOC,0.537,26.604,81.51,0,0.255817,LASCIN,EPTFUS,NA,NA,41,41,4.675,1,0,44.94,26.102,7.721333,245AAA0666BC1507,Schmeeckle 2025 Master.csv,LPE\10 09\20251007,245AAA0666BC1507_20251007_081822T.WAV,245AAA0666BC1507_20251007_081822_000T.wav,NA,C:\Users\Nancy\Desktop\Bat Files,C:\Users\Nancy\Desktop\AutoID\10 09 Output,22,31.03,155.667,28.605,2.953,537.75,4.33,7.23,NA,2025-10-07T08:18:22Z,LASNOC,2025-10-06
LPE,2025-10-07T08:21:24Z,2025-10-07,03:21:24,3,LASNOC,0.786,28.744,17.87,0,0.345556,EPTFUS,LASCIN,NA,NA,14,14,5.194,1,0,35.144,28.324,6.613333,245AAA0666BC1507,Schmeeckle 2025 Master.csv,LPE\10 09\20251007,245AAA0666BC1507_20251007_082124T.WAV,245AAA0666BC1507_20251007_082124_000T.wav,NA,C:\Users\Nancy\Desktop\Bat Files,C:\Users\Nancy\Desktop\AutoID\10 09 Output,11,29.997,469.776,29.521,3.439,275.42,4.637,4.94,NA,2025-10-07T08:21:24Z,LASNOC,2025-10-06
LPE,2025-10-08T00:51:46Z,2025-10-07,19:51:46,19,LASCIN,0.5,23.623,4.33,0,0.357406,EPTFUS,NA,NA,NA,2,2,6.572,1,0,24.482,22.742,4.82,245AAA0666BC1507,Schmeeckle 2025 Master.csv,LPE\10 09\20251008,245AAA0666BC1507_20251008_005146T.WAV,245AAA0666BC1507_20251008_005146_000T.wav,NA,C:\Users\Nancy\Desktop\Bat Files,C:\Users\Nancy\Desktop\AutoID\10 09 Output,1,23.649,2097.573,23.727,3.445,-11.99,4.992,1.55,NA,2025-10-08T00:51:46Z,LASCIN,2025-10-07
LPE,2025-10-08T01:02:02Z,2025-10-07,20:02:02,20,LASBOR,1,43.845,19.68,0,0.207442,MYOLUC,PERSUB,NA,NA,2,2,3.685,1,0,50.54,43.598,4.138667,245AAA0666BC1507,Schmeeckle 2025 Master.csv,LPE\10 09\20251008,245AAA0666BC1507_20251008_010202T.WAV,245AAA0666BC1507_20251008_010202_000T.wav,NA,C:\Users\Nancy\Desktop\Bat Files,C:\Users\Nancy\Desktop\AutoID\10 09 Output,2,45.816,2488.768,44.947,1.923,253.49,3.593,0.84,NA,2025-10-08T01:02:02Z,LASBOR,2025-10-07
LPE,2025-10-08T02:08:04Z,2025-10-07,21:08:04,21,LASNOC,0.5,26.335,13.66,0,0.363568,EPTFUS,LASCIN,NA,NA,2,2,6.471,1,0,28.022,26.334,1.321333,245AAA0666BC1507,Schmeeckle 2025 Master.csv,LPE\10 09\20251008,245AAA0666BC1507_20251008_020804T.WAV,245AAA0666BC1507_20251008_020804_000T.wav,NA,C:\Users\Nancy\Desktop\Bat Files,C:\Users\Nancy\Desktop\AutoID\10 09 Output,1,26.915,882.178,26.877,3.656,40.66,6.471,0.68,NA,2025-10-08T02:08:04Z,LASNOC,2025-10-07
LPE,2025-10-08T02:08:18Z,2025-10-07,21:08:18,21,LASNOC,0.667,25.507,14.59,0,0.296419,LASCIN,EPTFUS,NA,NA,3,3,8.393,1,0,28.946,25.193,4.564,245AAA0666BC1507,Schmeeckle 2025 Master.csv,LPE\10 09\20251008,245AAA0666BC1507_20251008_020818T.WAV,245AAA0666BC1507_20251008_020818_000T.wav,NA,C:\Users\Nancy\Desktop\Bat Files,C:\Users\Nancy\Desktop\AutoID\10 09 Output,2,26.381,284.719,26.32,3.821,169.65,7.177,0.49,NA,2025-10-08T02:08:18Z,LASNOC,2025-10-07
LPE,2025-10-08T02:17:24Z,2025-10-07,21:17:24,21,LASCIN,1,24.112,16.18,0,0.326903,LASNOC,EPTFUS,NA,NA,6,6,5.722,1,0,25.657,23.696,6.014667,245AAA0666BC1507,Schmeeckle 2025 Master.csv,LPE\10 09\20251008,245AAA0666BC1507_20251008_021724T.WAV,245AAA0666BC1507_20251008_021724_000T.wav,NA,C:\Users\Nancy\Desktop\Bat Files,C:\Users\Nancy\Desktop\AutoID\10 09 Output,6,24.536,336.947,24.527,3.058,55.54,4.603,1.75,NA,2025-10-08T02:17:24Z,LASCIN,2025-10-07
LPE,2025-10-08T02:17:38Z,2025-10-07,21:17:38,21,EPTFUS,0.615,26.54,40.61,0,0.364396,LASNOC,LASCIN,NA,NA,26,26,7.036,1,0,42.887,25.918,8.489333,245AAA0666BC1507,Schmeeckle 2025 Master.csv,LPE\10 09\20251008,245AAA0666BC1507_20251008_021738T.WAV,245AAA0666BC1507_20251008_021738_000T.wav,NA,C:\Users\Nancy\Desktop\Bat Files,C:\Users\Nancy\Desktop\AutoID\10 09 Output,16,30.356,226.065,27.976,4.573,329.65,6.437,4.62,NA,2025-10-08T02:17:38Z,EPTFUS,2025-10-07
LPE,2025-10-08T02:18:34Z,2025-10-07,21:18:34,21,EPTFUS,1,29.322,47.74,0,0.318435,LASNOC,NA,NA,NA,5,5,4.076,1,0,36.814,28.563,2.004,245AAA0666BC1507,Schmeeckle 2025 Master.csv,LPE\10 09\20251008,245AAA0666BC1507_20251008_021834T.WAV,245AAA0666BC1507_20251008_021834_000T.wav,NA,C:\Users\Nancy\Desktop\Bat Files,C:\Users\Nancy\Desktop\AutoID\10 09 Output,5,31.512,391.815,30.379,2.852,197.11,3.626,1.55,NA,2025-10-08T02:18:34Z,EPTFUS,2025-10-07
LPE,2025-10-08T02:32:20Z,2025-10-07,21:32:20,21,LASNOC,0.944,26.472,19.53,0,0.409703,EPTFUS,LASCIN,NA,NA,18,18,7.515,1,0,31.326,26.1,8.062667,245AAA0666BC1507,Schmeeckle 2025 Master.csv,LPE\10 09\20251008,245AAA0666BC1507_20251008_023220T.WAV,245AAA0666BC1507_20251008_023220_000T.wav,NA,C:\Users\Nancy\Desktop\Bat Files,C:\Users\Nancy\Desktop\AutoID\10 09 Output,17,27.405,378.469,26.984,4.949,225.75,6.328,3.68,NA,2025-10-08T02:32:20Z,LASNOC,2025-10-07
LPE,2025-10-08T03:19:00Z,2025-10-07,22:19:00,22,LASNOC,1,28.493,12.14,0,0.302424,EPTFUS,LASCIN,NA,NA,8,8,4.948,1,0,38.8,27.899,8.405333,245AAA0666BC1507,Schmeeckle 2025 Master.csv,LPE\10 09\20251008,245AAA0666BC1507_20251008_031900T.WAV,245AAA0666BC1507_20251008_031900_000T.wav,NA,C:\Users\Nancy\Desktop\Bat Files,C:\Users\Nancy\Desktop\AutoID\10 09 Output,8,30.732,494.505,28.87,3.362,334.62,4.255,1.78,NA,2025-10-08T03:19:00Z,LASNOC,2025-10-07
LPE,2025-10-08T03:55:10Z,2025-10-07,22:55:10,22,LASNOC,1,26.438,10.74,0,0.425765,LASCIN,EPTFUS,NA,NA,11,11,8.348,1,0,30.42,26.154,4.478667,245AAA0666BC1507,Schmeeckle 2025 Master.csv,LPE\10 09\20251008,245AAA0666BC1507_20251008_035510T.WAV,245AAA0666BC1507_20251008_035510_000T.wav,NA,C:\Users\Nancy\Desktop\Bat Files,C:\Users\Nancy\Desktop\AutoID\10 09 Output,11,27.39,278.103,26.738,5.771,126.87,7.437,1.62,NA,2025-10-08T03:55:10Z,LASNOC,2025-10-07
LPE,2025-10-08T04:11:30Z,2025-10-07,23:11:30,23,LASNOC,1,26.078,11.24,0,0.366897,LASCIN,EPTFUS,NA,NA,18,18,7.817,1,0,28.718,25.742,5.929333,245AAA0666BC1507,Schmeeckle 2025 Master.csv,LPE\10 09\20251008,245AAA0666BC1507_20251008_041130T.WAV,245AAA0666BC1507_20251008_041130_000T.wav,NA,C:\Users\Nancy\Desktop\Bat Files,C:\Users\Nancy\Desktop\AutoID\10 09 Output,18,26.619,307.216,26.329,5.252,189.52,6.457,4.2,NA,2025-10-08T04:11:30Z,LASNOC,2025-10-07
LPE,2025-10-08T04:22:28Z,2025-10-07,23:22:28,23,LASNOC,0.889,26.329,12.33,0,0.496229,EPTFUS,LASCIN,NA,NA,9,9,7.728,1,0,37.09,26.047,6.954667,245AAA0666BC1507,Schmeeckle 2025 Master.csv,LPE\10 09\20251008,245AAA0666BC1507_20251008_042228T.WAV,245AAA0666BC1507_20251008_042228_000T.wav,NA,C:\Users\Nancy\Desktop\Bat Files,C:\Users\Nancy\Desktop\AutoID\10 09 Output,8,28.231,340.467,27.072,4.23,330.44,6.81,1.7,NA,2025-10-08T04:22:28Z,LASNOC,2025-10-07
LPE,2025-10-08T04:49:18Z,2025-10-07,23:49:18,23,LASNOC,0.654,27.474,23.07,0,0.397474,EPTFUS,LASCIN,NA,NA,26,26,4.838,1,0,34.132,27.155,7.977333,245AAA0666BC1507,Schmeeckle 2025 Master.csv,LPE\10 09\20251008,245AAA0666BC1507_20251008_044918T.WAV,245AAA0666BC1507_20251008_044918_000T.wav,NA,C:\Users\Nancy\Desktop\Bat Files,C:\Users\Nancy\Desktop\AutoID\10 09 Output,17,28.998,235.388,28.047,3.17,236.52,4.419,5.82,NA,2025-10-08T04:49:18Z,LASNOC,2025-10-07
LPE,2025-10-08T04:50:00Z,2025-10-07,23:50:00,23,LASNOC,0.917,26.368,5.15,0,0.379219,LASCIN,EPTFUS,NA,NA,12,12,8.166,1,0,29.063,25.749,7.721333,245AAA0666BC1507,Schmeeckle 2025 Master.csv,LPE\10 09\20251008,245AAA0666BC1507_20251008_045000T.WAV,245AAA0666BC1507_20251008_045000_000T.wav,NA,C:\Users\Nancy\Desktop\Bat Files,C:\Users\Nancy\Desktop\AutoID\10 09 Output,11,26.715,591.075,26.709,3.703,168.36,5.892,4,NA,2025-10-08T04:50:00Z,LASNOC,2025-10-07
LPE,2025-10-08T05:05:52Z,2025-10-08,00:05:52,0,EPTFUS,0.545,27.912,74.8,0,0.348267,LASNOC,NA,NA,NA,22,22,4.571,1,0,44.865,27.589,8.66,245AAA0666BC1507,Schmeeckle 2025 Master.csv,LPE\10 09\20251008,245AAA0666BC1507_20251008_050552T.WAV,245AAA0666BC1507_20251008_050552_000T.wav,NA,C:\Users\Nancy\Desktop\Bat Files,C:\Users\Nancy\Desktop\AutoID\10 09 Output,12,32.861,289.295,30.265,3.043,427.12,4.421,4.26,NA,2025-10-08T05:05:52Z,EPTFUS,2025-10-07
LPE,2025-10-09T00:31:42Z,2025-10-08,19:31:42,19,EPTFUS,0.111,25.362,4.55,0,0.245967,LASCIN,LASNOC,NA,NA,9,9,11.394,1,0,32.816,24.396,4.734667,245AAA0666BC1507,Schmeeckle 2025 Master.csv,LPE\10 09\20251009,245AAA0666BC1507_20251009_003142T.WAV,245AAA0666BC1507_20251009_003142_000T.wav,NA,C:\Users\Nancy\Desktop\Bat Files,C:\Users\Nancy\Desktop\AutoID\10 09 Output,1,26.815,272.032,25.518,8.551,178.81,9.304,1.96,NA,2025-10-09T00:31:42Z,EPTFUS,2025-10-08
LPE,2025-10-10T00:16:18Z,2025-10-09,19:16:18,19,LASBOR,0.75,40.808,46.02,0,0.314232,MYOLUC,PERSUB,NA,NA,4,4,3.338,1,0,47.988,40.635,9,245AAA0666BC1507,Schmeeckle 2025 Master.csv,LPE\10 14\20251010,245AAA0666BC1507_20251010_001618T.WAV,245AAA0666BC1507_20251010_001618_000T.wav,NA,C:\Users\Nancy\Desktop\Bat Files,C:\Users\Nancy\Desktop\AutoID\10 14 Output,3,43.049,798.846,43.506,1.203,131.65,3.314,0.97,NA,2025-10-10T00:16:18Z,LASBOR,2025-10-09
LPE,2025-10-10T00:32:10Z,2025-10-09,19:32:10,19,LASBOR,1,40.101,28.08,0,0.416552,MYOLUC,PERSUB,NA,NA,3,3,2.967,1,0,43.996,39.967,9,245AAA0666BC1507,Schmeeckle 2025 Master.csv,LPE\10 14\20251010,245AAA0666BC1507_20251010_003210T.WAV,245AAA0666BC1507_20251010_003210_000T.wav,NA,C:\Users\Nancy\Desktop\Bat Files,C:\Users\Nancy\Desktop\AutoID\10 14 Output,3,41.397,851.352,41.712,1.084,141.49,2.898,0.54,NA,2025-10-10T00:32:10Z,LASBOR,2025-10-09
LPE,2025-10-10T00:35:40Z,2025-10-09,19:35:40,19,LASBOR,0.667,43.466,53.1,0,0.289147,PERSUB,MYOLUC,NA,NA,3,3,4.242,1,0,59.628,43.396,9,245AAA0666BC1507,Schmeeckle 2025 Master.csv,LPE\10 14\20251010,245AAA0666BC1507_20251010_003540T.WAV,245AAA0666BC1507_20251010_003540_000T.wav,NA,C:\Users\Nancy\Desktop\Bat Files,C:\Users\Nancy\Desktop\AutoID\10 14 Output,2,47.922,115.294,46.72,2.13,310.57,4.053,0.58,NA,2025-10-10T00:35:40Z,LASBOR,2025-10-09
LPE,2025-10-10T01:09:16Z,2025-10-09,20:09:16,20,LASBOR,1,42.36,43.53,0,0.518878,MYOLUC,PERSUB,NA,NA,2,2,3.084,1,0,50.273,42.241,9,245AAA0666BC1507,Schmeeckle 2025 Master.csv,LPE\10 14\20251010,245AAA0666BC1507_20251010_010916T.WAV,245AAA0666BC1507_20251010_010916_000T.wav,NA,C:\Users\Nancy\Desktop\Bat Files,C:\Users\Nancy\Desktop\AutoID\10 14 Output,2,44.911,622.441,44.476,1.564,127.61,2.988,0.35,NA,2025-10-10T01:09:16Z,LASBOR,2025-10-09
LPE,2025-10-10T01:13:00Z,2025-10-09,20:13:00,20,LASCIN,1,14.261,-1.41,0,0.647769,NA,NA,NA,NA,2,2,4.476,1,0,14.456,14.198,9,245AAA0666BC1507,Schmeeckle 2025 Master.csv,LPE\10 14\20251010,245AAA0666BC1507_20251010_011300T.WAV,245AAA0666BC1507_20251010_011300_000T.wav,NA,C:\Users\Nancy\Desktop\Bat Files,C:\Users\Nancy\Desktop\AutoID\10 14 Output,2,14.292,16.502,14.273,2.933,25.82,4.476,0.72,NA,2025-10-10T01:13:00Z,LASCIN,2025-10-09
LPE,2025-10-11T00:17:28Z,2025-10-10,19:17:28,19,LASNOC,0.545,27.117,19.96,0,0.289932,EPTFUS,LASCIN,NA,NA,11,11,5.08,1,0,33.542,26.646,9,245AAA0666BC1507,Schmeeckle 2025 Master.csv,LPE\10 14\20251011,245AAA0666BC1507_20251011_001728T.WAV,245AAA0666BC1507_20251011_001728_000T.wav,NA,C:\Users\Nancy\Desktop\Bat Files,C:\Users\Nancy\Desktop\AutoID\10 14 Output,6,28.554,232.412,27.588,3.231,134.82,4.133,2.74,NA,2025-10-11T00:17:28Z,LASNOC,2025-10-10
LPE,2025-10-11T00:26:48Z,2025-10-10,19:26:48,19,EPTFUS,0.214,25.095,25.43,0,0.239749,LASNOC,LASCIN,NA,NA,14,14,6.888,1,0,31.487,24.879,9,245AAA0666BC1507,Schmeeckle 2025 Master.csv,LPE\10 14\20251011,245AAA0666BC1507_20251011_002648T.WAV,245AAA0666BC1507_20251011_002648_000T.wav,NA,C:\Users\Nancy\Desktop\Bat Files,C:\Users\Nancy\Desktop\AutoID\10 14 Output,3,26.853,408.669,25.591,4.993,116.39,6.339,4.51,NA,2025-10-11T00:26:48Z,EPTFUS,2025-10-10
LPE,2025-10-11T00:27:16Z,2025-10-10,19:27:16,19,LASCIN,1,23.29,8.98,0,0.278309,LASNOC,EPTFUS,NA,NA,6,6,5.366,1,0,24.922,22.819,9,245AAA0666BC1507,Schmeeckle 2025 Master.csv,LPE\10 14\20251011,245AAA0666BC1507_20251011_002716T.WAV,245AAA0666BC1507_20251011_002716_000T.wav,NA,C:\Users\Nancy\Desktop\Bat Files,C:\Users\Nancy\Desktop\AutoID\10 14 Output,6,23.647,581.722,23.494,2.84,48.41,4.121,1.71,NA,2025-10-11T00:27:16Z,LASCIN,2025-10-10
LPE,2025-10-11T00:30:18Z,2025-10-10,19:30:18,19,EPTFUS,0.576,26.122,48.89,0,0.363029,LASNOC,LASCIN,NA,NA,59,59,6.525,1,0,43.659,25.864,9,245AAA0666BC1507,Schmeeckle 2025 Master.csv,LPE\10 14\20251011,245AAA0666BC1507_20251011_003018T.WAV,245AAA0666BC1507_20251011_003018_000T.wav,NA,C:\Users\Nancy\Desktop\Bat Files,C:\Users\Nancy\Desktop\AutoID\10 14 Output,34,30.938,152.568,27.451,4.821,366.56,6.276,11.79,NA,2025-10-11T00:30:18Z,EPTFUS,2025-10-10
LPE,2025-10-11T00:33:34Z,2025-10-10,19:33:34,19,EPTFUS,1,29.428,56.44,0,0.264472,LASNOC,NA,NA,NA,5,5,3.032,1,0,36.915,29.213,9,245AAA0666BC1507,Schmeeckle 2025 Master.csv,LPE\10 14\20251011,245AAA0666BC1507_20251011_003334T.WAV,245AAA0666BC1507_20251011_003334_000T.wav,NA,C:\Users\Nancy\Desktop\Bat Files,C:\Users\Nancy\Desktop\AutoID\10 14 Output,5,31.976,129.966,30.624,2.145,211.51,2.921,1.23,NA,2025-10-11T00:33:34Z,EPTFUS,2025-10-10
LPE,2025-10-11T00:42:40Z,2025-10-10,19:42:40,19,LASCIN,1,24.408,22.94,0,0.238712,LASNOC,EPTFUS,NA,NA,3,3,4.195,1,0,25.681,24.226,9,245AAA0666BC1507,Schmeeckle 2025 Master.csv,LPE\10 14\20251011,245AAA0666BC1507_20251011_004240T.WAV,245AAA0666BC1507_20251011_004240_000T.wav,NA,C:\Users\Nancy\Desktop\Bat Files,C:\Users\Nancy\Desktop\AutoID\10 14 Output,3,24.889,252.059,24.826,2.838,52.42,4.031,0.9,NA,2025-10-11T00:42:40Z,LASCIN,2025-10-10
LPE,2025-10-11T01:03:26Z,2025-10-10,20:03:26,20,LASNOC,0.545,27.178,17.38,0,0.35203,EPTFUS,LASCIN,NA,NA,11,11,4.907,1,0,33.441,26.977,9,245AAA0666BC1507,Schmeeckle 2025 Master.csv,LPE\10 14\20251011,245AAA0666BC1507_20251011_010326T.WAV,245AAA0666BC1507_20251011_010326_000T.wav,NA,C:\Users\Nancy\Desktop\Bat Files,C:\Users\Nancy\Desktop\AutoID\10 14 Output,6,28.591,380.189,27.75,3.044,230.87,4.705,2.85,NA,2025-10-11T01:03:26Z,LASNOC,2025-10-10
LPE,2025-10-11T01:04:50Z,2025-10-10,20:04:50,20,EPTFUS,0.6,26.223,39.58,0,0.259193,LASNOC,LASCIN,NA,NA,10,10,4.916,1,0,33.785,25.689,9,245AAA0666BC1507,Schmeeckle 2025 Master.csv,LPE\10 14\20251011,245AAA0666BC1507_20251011_010450T.WAV,245AAA0666BC1507_20251011_010450_000T.wav,NA,C:\Users\Nancy\Desktop\Bat Files,C:\Users\Nancy\Desktop\AutoID\10 14 Output,6,28.534,558.995,27.17,3.087,184.95,4.276,2.42,NA,2025-10-11T01:04:50Z,EPTFUS,2025-10-10
LPE,2025-10-11T01:12:18Z,2025-10-10,20:12:18,20,EPTFUS,0.545,25.991,23.72,0,0.307764,LASNOC,LASCIN,NA,NA,11,11,6.723,1,0,32.128,25.642,9,245AAA0666BC1507,Schmeeckle 2025 Master.csv,LPE\10 14\20251011,245AAA0666BC1507_20251011_011218T.WAV,245AAA0666BC1507_20251011_011218_000T.wav,NA,C:\Users\Nancy\Desktop\Bat Files,C:\Users\Nancy\Desktop\AutoID\10 14 Output,6,27.517,348.105,26.737,4.482,170.83,5.98,3.04,NA,2025-10-11T01:12:18Z,EPTFUS,2025-10-10
LPE,2025-10-11T01:28:10Z,2025-10-10,20:28:10,20,EPTFUS,1,26.772,44.16,0,0.409652,LASNOC,LASCIN,NA,NA,8,8,5.752,1,0,38.6,26.067,9,245AAA0666BC1507,Schmeeckle 2025 Master.csv,LPE\10 14\20251011,245AAA0666BC1507_20251011_012810T.WAV,245AAA0666BC1507_20251011_012810_000T.wav,NA,C:\Users\Nancy\Desktop\Bat Files,C:\Users\Nancy\Desktop\AutoID\10 14 Output,8,29.681,380.22,28.199,3.439,265.35,5.194,1.27,NA,2025-10-11T01:28:10Z,EPTFUS,2025-10-10
LPE,2025-10-11T01:34:14Z,2025-10-10,20:34:14,20,EPTFUS,1,29.365,66.88,0,0.335327,LASNOC,NA,NA,NA,3,3,4.706,1,0,34.934,27.197,9,245AAA0666BC1507,Schmeeckle 2025 Master.csv,LPE\10 14\20251011,245AAA0666BC1507_20251011_013414T.WAV,245AAA0666BC1507_20251011_013414_000T.wav,NA,C:\Users\Nancy\Desktop\Bat Files,C:\Users\Nancy\Desktop\AutoID\10 14 Output,3,30.525,1082.9,32.176,1.472,107.78,3.317,0.85,NA,2025-10-11T01:34:14Z,EPTFUS,2025-10-10
LPE,2025-10-11T01:35:24Z,2025-10-10,20:35:24,20,EPTFUS,0.333,24.549,15.88,0,0.198291,LASCIN,LASNOC,NA,NA,9,9,9.027,1,0,31.523,24.275,9,245AAA0666BC1507,Schmeeckle 2025 Master.csv,LPE\10 14\20251011,245AAA0666BC1507_20251011_013524T.WAV,245AAA0666BC1507_20251011_013524_000T.wav,NA,C:\Users\Nancy\Desktop\Bat Files,C:\Users\Nancy\Desktop\AutoID\10 14 Output,3,26.739,486.771,24.982,7.154,119.42,8.666,1.78,NA,2025-10-11T01:35:24Z,EPTFUS,2025-10-10
LPE,2025-10-11T01:43:20Z,2025-10-10,20:43:20,20,EPTFUS,0.667,27.125,37,0,0.278811,LASNOC,LASCIN,NA,NA,9,9,3.339,1,0,31.76,26.763,9,245AAA0666BC1507,Schmeeckle 2025 Master.csv,LPE\10 14\20251011,245AAA0666BC1507_20251011_014320T.WAV,245AAA0666BC1507_20251011_014320_000T.wav,NA,C:\Users\Nancy\Desktop\Bat Files,C:\Users\Nancy\Desktop\AutoID\10 14 Output,6,28.46,529.114,27.885,1.894,76.08,2.846,2.36,NA,2025-10-11T01:43:20Z,EPTFUS,2025-10-10
LPE,2025-10-11T01:43:34Z,2025-10-10,20:43:34,20,EPTFUS,0.905,28.6,42.11,0,0.444442,LASNOC,NA,NA,NA,21,21,5.345,1,0,39.993,27.997,9,245AAA0666BC1507,Schmeeckle 2025 Master.csv,LPE\10 14\20251011,245AAA0666BC1507_20251011_014334T.WAV,245AAA0666BC1507_20251011_014334_000T.wav,NA,C:\Users\Nancy\Desktop\Bat Files,C:\Users\Nancy\Desktop\AutoID\10 14 Output,19,32.026,128.647,29.922,3.791,217.17,5.006,5.61,NA,2025-10-11T01:43:34Z,EPTFUS,2025-10-10
LPE,2025-10-11T01:59:54Z,2025-10-10,20:59:54,20,LASCIN,1,23.042,4.42,0,0.346129,EPTFUS,LASNOC,NA,NA,4,4,4.762,1,0,24.551,22.736,9,245AAA0666BC1507,Schmeeckle 2025 Master.csv,LPE\10 14\20251011,245AAA0666BC1507_20251011_015954T.WAV,245AAA0666BC1507_20251011_015954_000T.wav,NA,C:\Users\Nancy\Desktop\Bat Files,C:\Users\Nancy\Desktop\AutoID\10 14 Output,4,23.44,639.62,23.188,3.006,90.33,4.497,1.16,NA,2025-10-11T01:59:54Z,LASCIN,2025-10-10
LPE,2025-10-11T02:23:42Z,2025-10-10,21:23:42,21,EPTFUS,0.5,27.393,27.75,0,0.306546,LASNOC,NA,NA,NA,10,10,4.999,1,0,35.006,26.821,9,245AAA0666BC1507,Schmeeckle 2025 Master.csv,LPE\10 14\20251011,245AAA0666BC1507_20251011_022342T.WAV,245AAA0666BC1507_20251011_022342_000T.wav,NA,C:\Users\Nancy\Desktop\Bat Files,C:\Users\Nancy\Desktop\AutoID\10 14 Output,5,29.601,490.288,28.072,3.608,252.57,4.538,3.62,NA,2025-10-11T02:23:42Z,EPTFUS,2025-10-10
LPE,2025-10-11T03:20:52Z,2025-10-10,22:20:52,22,LASNOC,0.727,27.256,23.96,0,0.381251,EPTFUS,LASCIN,NA,NA,11,11,5.217,1,0,38.118,26.858,9,245AAA0666BC1507,Schmeeckle 2025 Master.csv,LPE\10 14\20251011,245AAA0666BC1507_20251011_032052T.WAV,245AAA0666BC1507_20251011_032052_000T.wav,NA,C:\Users\Nancy\Desktop\Bat Files,C:\Users\Nancy\Desktop\AutoID\10 14 Output,8,29.557,166.443,27.775,3.927,417.58,4.788,3.59,NA,2025-10-11T03:20:52Z,LASNOC,2025-10-10
LPE,2025-10-11T03:50:30Z,2025-10-10,22:50:30,22,LASNOC,0.744,27.984,22.62,0,0.289616,EPTFUS,LASCIN,NA,NA,39,39,4.275,1,0,40.275,27.79,9,245AAA0666BC1507,Schmeeckle 2025 Master.csv,LPE\10 14\20251011,245AAA0666BC1507_20251011_035030T.WAV,245AAA0666BC1507_20251011_035030_000T.wav,NA,C:\Users\Nancy\Desktop\Bat Files,C:\Users\Nancy\Desktop\AutoID\10 14 Output,29,30.816,156.097,28.517,2.924,376.76,4.033,7.67,NA,2025-10-11T03:50:30Z,LASNOC,2025-10-10
LPE,2025-10-11T06:59:58Z,2025-10-11,01:59:58,1,LASCIN,1,23.569,-10.73,0,0.338181,LASNOC,EPTFUS,NA,NA,4,4,8.767,1,0,26.081,22.991,9,245AAA0666BC1507,Schmeeckle 2025 Master.csv,LPE\10 14\20251011,245AAA0666BC1507_20251011_065958T.WAV,245AAA0666BC1507_20251011_065958_000T.wav,NA,C:\Users\Nancy\Desktop\Bat Files,C:\Users\Nancy\Desktop\AutoID\10 14 Output,4,23.979,492.231,23.465,6.074,91.73,7.055,1.5,NA,2025-10-11T06:59:58Z,LASCIN,2025-10-10
LPE,2025-10-11T07:53:10Z,2025-10-11,02:53:10,2,LASCIN,1,25,11.98,0,0.390387,EPTFUS,LASNOC,NA,NA,2,2,4.621,1,0,29.855,24.961,9,245AAA0666BC1507,Schmeeckle 2025 Master.csv,LPE\10 14\20251011,245AAA0666BC1507_20251011_075310T.WAV,245AAA0666BC1507_20251011_075310_000T.wav,NA,C:\Users\Nancy\Desktop\Bat Files,C:\Users\Nancy\Desktop\AutoID\10 14 Output,2,26.109,1232.303,25.201,3.507,156.63,4.542,1.03,NA,2025-10-11T07:53:10Z,LASCIN,2025-10-10
LPE,2025-10-12T00:08:36Z,2025-10-11,19:08:36,19,EPTFUS,0.5,27.497,32.18,0,0.360412,LASNOC,LASCIN,NA,NA,4,4,3.094,1,0,33.413,27.334,9,245AAA0666BC1507,Schmeeckle 2025 Master.csv,LPE\10 14\20251012,245AAA0666BC1507_20251012_000836T.WAV,245AAA0666BC1507_20251012_000836_000T.wav,NA,C:\Users\Nancy\Desktop\Bat Files,C:\Users\Nancy\Desktop\AutoID\10 14 Output,2,29.1,195.582,28.276,1.938,232.01,2.948,0.88,NA,2025-10-12T00:08:36Z,EPTFUS,2025-10-11
LPE,2025-10-12T00:18:10Z,2025-10-11,19:18:10,19,LASCIN,1,14.68,-10.87,0,0.402165,NA,NA,NA,NA,2,2,3.015,1,0,14.747,14.415,9,245AAA0666BC1507,Schmeeckle 2025 Master.csv,LPE\10 14\20251012,245AAA0666BC1507_20251012_001810T.WAV,245AAA0666BC1507_20251012_001810_000T.wav,NA,C:\Users\Nancy\Desktop\Bat Files,C:\Users\Nancy\Desktop\AutoID\10 14 Output,2,14.592,103.273,14.508,0.552,13.58,2.329,0.58,NA,2025-10-12T00:18:10Z,LASCIN,2025-10-11
LPE,2025-10-12T01:19:32Z,2025-10-11,20:19:32,20,LASCIN,0.667,22.212,8.16,0,0.412309,NA,NA,NA,NA,3,3,3.512,1,0,22.55,21.88,9,245AAA0666BC1507,Schmeeckle 2025 Master.csv,LPE\10 14\20251012,245AAA0666BC1507_20251012_011932T.WAV,245AAA0666BC1507_20251012_011932_000T.wav,NA,C:\Users\Nancy\Desktop\Bat Files,C:\Users\Nancy\Desktop\AutoID\10 14 Output,2,22.212,1281.042,22.192,1.512,28.95,2.825,1.2,NA,2025-10-12T01:19:32Z,LASCIN,2025-10-11
LPE,2025-10-14T00:18:38Z,2025-10-13,19:18:38,19,LASCIN,0.88,24.89,33.33,0,0.220193,LASNOC,EPTFUS,NA,NA,25,25,6.495,1,0,34.797,24.554,9,245AAA0666BC1507,Schmeeckle 2025 Master.csv,LPE\10 14\20251014,245AAA0666BC1507_20251014_001838T.WAV,245AAA0666BC1507_20251014_001838_000T.wav,NA,C:\Users\Nancy\Desktop\Bat Files,C:\Users\Nancy\Desktop\AutoID\10 14 Output,22,27.538,284.868,25.849,4.376,228.94,5.989,5.12,NA,2025-10-14T00:18:38Z,LASCIN,2025-10-13
LPE,2025-10-14T00:18:52Z,2025-10-13,19:18:52,19,LASNOC,0.255,27.09,56.33,0,0.247734,EPTFUS,LASCIN,NA,NA,55,55,4.648,1,0,42.295,26.872,9,245AAA0666BC1507,Schmeeckle 2025 Master.csv,LPE\10 14\20251014,245AAA0666BC1507_20251014_001852T.WAV,245AAA0666BC1507_20251014_001852_000T.wav,NA,C:\Users\Nancy\Desktop\Bat Files,C:\Users\Nancy\Desktop\AutoID\10 14 Output,14,31.255,133.62,28.413,3.422,377.33,4.513,10.8,NA,2025-10-14T00:18:52Z,LASNOC,2025-10-13
LPE,2025-10-14T00:37:04Z,2025-10-13,19:37:04,19,EPTFUS,0.5,26.225,30.39,0,0.256981,LASNOC,LASCIN,NA,NA,6,6,5.452,1,0,30.88,25.822,9,245AAA0666BC1507,Schmeeckle 2025 Master.csv,LPE\10 14\20251014,245AAA0666BC1507_20251014_003704T.WAV,245AAA0666BC1507_20251014_003704_000T.wav,NA,C:\Users\Nancy\Desktop\Bat Files,C:\Users\Nancy\Desktop\AutoID\10 14 Output,3,27.618,896.302,27.171,3.204,87.75,4.741,1.42,NA,2025-10-14T00:37:04Z,EPTFUS,2025-10-13
LPE,2025-10-14T00:40:34Z,2025-10-13,19:40:34,19,LASCIN,1,23.293,15.28,0,0.341181,LASNOC,EPTFUS,NA,NA,2,2,2.622,1,0,24.138,23.291,9,245AAA0666BC1507,Schmeeckle 2025 Master.csv,LPE\10 14\20251014,245AAA0666BC1507_20251014_004034T.WAV,245AAA0666BC1507_20251014_004034_000T.wav,NA,C:\Users\Nancy\Desktop\Bat Files,C:\Users\Nancy\Desktop\AutoID\10 14 Output,2,23.594,483.438,23.705,0.917,83.47,2.622,0.64,NA,2025-10-14T00:40:34Z,LASCIN,2025-10-13
LPE,2025-10-14T00:41:58Z,2025-10-13,19:41:58,19,EPTFUS,0.741,27.074,28.52,0,0.404763,LASNOC,LASCIN,NA,NA,27,27,5.761,1,0,35.719,26.693,9,245AAA0666BC1507,Schmeeckle 2025 Master.csv,LPE\10 14\20251014,245AAA0666BC1507_20251014_004158T.WAV,245AAA0666BC1507_20251014_004158_000T.wav,NA,C:\Users\Nancy\Desktop\Bat Files,C:\Users\Nancy\Desktop\AutoID\10 14 Output,20,29.614,202.772,27.744,4.163,164.53,5.283,6.51,NA,2025-10-14T00:41:58Z,EPTFUS,2025-10-13
LPE,2025-10-14T00:42:12Z,2025-10-13,19:42:12,19,EPTFUS,0.8,27.273,40.5,0,0.397135,LASNOC,LASCIN,NA,NA,5,5,6.355,1,0,34.222,26.568,9,245AAA0666BC1507,Schmeeckle 2025 Master.csv,LPE\10 14\20251014,245AAA0666BC1507_20251014_004212T.WAV,245AAA0666BC1507_20251014_004212_000T.wav,NA,C:\Users\Nancy\Desktop\Bat Files,C:\Users\Nancy\Desktop\AutoID\10 14 Output,4,29.136,435.168,28.329,4.09,175.91,5.488,2.01,NA,2025-10-14T00:42:12Z,EPTFUS,2025-10-13
LPE,2025-10-14T00:50:22Z,2025-10-13,19:50:22,19,EPTFUS,0.452,25.83,42.23,0,0.241391,LASNOC,LASCIN,NA,NA,42,42,6.198,1,0,34.878,25.473,9,245AAA0666BC1507,Schmeeckle 2025 Master.csv,LPE\10 14\20251014,245AAA0666BC1507_20251014_005022T.WAV,245AAA0666BC1507_20251014_005022_000T.wav,NA,C:\Users\Nancy\Desktop\Bat Files,C:\Users\Nancy\Desktop\AutoID\10 14 Output,19,28.502,217.456,26.869,4.434,224.86,5.641,10.03,NA,2025-10-14T00:50:22Z,EPTFUS,2025-10-13
LPE,2025-10-14T00:54:20Z,2025-10-13,19:54:20,19,EPTFUS,0.171,25.272,29.61,0,0.213951,LASNOC,LASCIN,NA,NA,35,35,7.444,1,0,36.032,24.793,9,245AAA0666BC1507,Schmeeckle 2025 Master.csv,LPE\10 14\20251014,245AAA0666BC1507_20251014_005420T.WAV,245AAA0666BC1507_20251014_005420_000T.wav,NA,C:\Users\Nancy\Desktop\Bat Files,C:\Users\Nancy\Desktop\AutoID\10 14 Output,6,28.071,228.714,26.061,5.187,262.72,6.642,8.71,NA,2025-10-14T00:54:20Z,EPTFUS,2025-10-13
LPE,2025-10-14T01:09:58Z,2025-10-13,20:09:58,20,LASCIN,1,20.857,7.12,0,0.380503,NA,NA,NA,NA,3,3,4.021,1,0,22.967,20.203,9,245AAA0666BC1507,Schmeeckle 2025 Master.csv,LPE\10 14\20251014,245AAA0666BC1507_20251014_010958T.WAV,245AAA0666BC1507_20251014_010958_000T.wav,NA,C:\Users\Nancy\Desktop\Bat Files,C:\Users\Nancy\Desktop\AutoID\10 14 Output,3,21.243,31.59,21.193,2.092,131.39,3.362,0.85,NA,2025-10-14T01:09:58Z,LASCIN,2025-10-13
LPE,2025-10-14T01:58:58Z,2025-10-13,20:58:58,20,LASCIN,1,23.243,16.94,0,0.359413,EPTFUS,LASNOC,NA,NA,11,11,10.068,1,0,27.621,22.025,9,245AAA0666BC1507,Schmeeckle 2025 Master.csv,LPE\10 14\20251014,245AAA0666BC1507_20251014_015858T.WAV,245AAA0666BC1507_20251014_015858_000T.wav,NA,C:\Users\Nancy\Desktop\Bat Files,C:\Users\Nancy\Desktop\AutoID\10 14 Output,11,24.017,328.225,23.795,5.345,152.04,7.241,3.42,NA,2025-10-14T01:58:58Z,LASCIN,2025-10-13
LPE,2025-10-14T02:19:16Z,2025-10-13,21:19:16,21,EPTFUS,0.708,26.922,28.62,0,0.404678,LASNOC,LASCIN,NA,NA,48,48,6.782,1,0,38.21,26.613,9,245AAA0666BC1507,Schmeeckle 2025 Master.csv,LPE\10 14\20251014,245AAA0666BC1507_20251014_021916T.WAV,245AAA0666BC1507_20251014_021916_000T.wav,NA,C:\Users\Nancy\Desktop\Bat Files,C:\Users\Nancy\Desktop\AutoID\10 14 Output,34,30.098,187.582,27.733,4.982,252.41,6.307,8.43,NA,2025-10-14T02:19:16Z,EPTFUS,2025-10-13
LPE,2025-10-14T02:19:30Z,2025-10-13,21:19:30,21,EPTFUS,1,27.985,41.94,0,0.387087,LASNOC,NA,NA,NA,2,2,3.273,1,0,34.666,27.732,9,245AAA0666BC1507,Schmeeckle 2025 Master.csv,LPE\10 14\20251014,245AAA0666BC1507_20251014_021930T.WAV,245AAA0666BC1507_20251014_021930_000T.wav,NA,C:\Users\Nancy\Desktop\Bat Files,C:\Users\Nancy\Desktop\AutoID\10 14 Output,2,30.553,255.586,28.536,2.56,148.31,3.201,0.71,NA,2025-10-14T02:19:30Z,EPTFUS,2025-10-13
LPE,2025-10-14T02:22:18Z,2025-10-13,21:22:18,21,LASCIN,1,22.601,13.95,0,0.353036,EPTFUS,NA,NA,NA,2,2,8.483,1,0,25.004,21.96,9,245AAA0666BC1507,Schmeeckle 2025 Master.csv,LPE\10 14\20251014,245AAA0666BC1507_20251014_022218T.WAV,245AAA0666BC1507_20251014_022218_000T.wav,NA,C:\Users\Nancy\Desktop\Bat Files,C:\Users\Nancy\Desktop\AutoID\10 14 Output,2,23.359,622.485,23.132,4.869,-31.39,7.215,0.46,NA,2025-10-14T02:22:18Z,LASCIN,2025-10-13
LPE,2025-10-14T02:32:06Z,2025-10-13,21:32:06,21,EPTFUS,1,30.201,90.5,0,0.394358,LASNOC,NA,NA,NA,26,26,4.662,1,0,50.029,29.229,9,245AAA0666BC1507,Schmeeckle 2025 Master.csv,LPE\10 14\20251014,245AAA0666BC1507_20251014_023206T.WAV,245AAA0666BC1507_20251014_023206_000T.wav,NA,C:\Users\Nancy\Desktop\Bat Files,C:\Users\Nancy\Desktop\AutoID\10 14 Output,26,35.453,129.883,33.438,2.906,446.66,4.329,6.38,NA,2025-10-14T02:32:06Z,EPTFUS,2025-10-13
LPE,2025-10-14T03:08:16Z,2025-10-13,22:08:16,22,EPTFUS,0.3,26.806,39.71,0,0.230267,LASNOC,LASCIN,NA,NA,10,10,4.908,1,0,33.992,26.388,9,245AAA0666BC1507,Schmeeckle 2025 Master.csv,LPE\10 14\20251014,245AAA0666BC1507_20251014_030816T.WAV,245AAA0666BC1507_20251014_030816_000T.wav,NA,C:\Users\Nancy\Desktop\Bat Files,C:\Users\Nancy\Desktop\AutoID\10 14 Output,3,28.937,299.006,27.856,3.196,178.14,4.578,2.61,NA,2025-10-14T03:08:16Z,EPTFUS,2025-10-13
LPE,2025-10-14T03:25:46Z,2025-10-13,22:25:46,22,LASNOC,0.542,26.112,14.85,0,0.274544,EPTFUS,LASCIN,NA,NA,24,24,5.604,1,0,32.764,25.734,9,245AAA0666BC1507,Schmeeckle 2025 Master.csv,LPE\10 14\20251014,245AAA0666BC1507_20251014_032546T.WAV,245AAA0666BC1507_20251014_032546_000T.wav,NA,C:\Users\Nancy\Desktop\Bat Files,C:\Users\Nancy\Desktop\AutoID\10 14 Output,13,27.492,325.393,26.527,3.563,232.41,4.896,5.26,NA,2025-10-14T03:25:46Z,LASNOC,2025-10-13
LPE,2025-10-14T03:27:10Z,2025-10-13,22:27:10,22,EPTFUS,1,30.129,63.39,0,0.314828,LASNOC,NA,NA,NA,8,8,3.204,1,0,35.256,27.591,9,245AAA0666BC1507,Schmeeckle 2025 Master.csv,LPE\10 14\20251014,245AAA0666BC1507_20251014_032710T.WAV,245AAA0666BC1507_20251014_032710_000T.wav,NA,C:\Users\Nancy\Desktop\Bat Files,C:\Users\Nancy\Desktop\AutoID\10 14 Output,8,30.921,243.998,31.854,1.19,175.34,2.24,1.46,NA,2025-10-14T03:27:10Z,EPTFUS,2025-10-13
LPE,2025-10-14T04:44:10Z,2025-10-13,23:44:10,23,LASNOC,0.467,27.399,40.72,0,0.256062,EPTFUS,LASCIN,NA,NA,30,30,4.278,1,0,36.201,27.076,9,245AAA0666BC1507,Schmeeckle 2025 Master.csv,LPE\10 14\20251014,245AAA0666BC1507_20251014_044410T.WAV,245AAA0666BC1507_20251014_044410_000T.wav,NA,C:\Users\Nancy\Desktop\Bat Files,C:\Users\Nancy\Desktop\AutoID\10 14 Output,14,29.638,229.689,28.355,2.763,267.84,3.936,6.59,NA,2025-10-14T04:44:10Z,LASNOC,2025-10-13
LPE,2025-10-14T05:20:48Z,2025-10-14,00:20:48,0,EPTFUS,0.5,28.102,37.95,0,0.270636,LASNOC,LASCIN,NA,NA,10,10,4.451,1,0,32.808,27.561,9,245AAA0666BC1507,Schmeeckle 2025 Master.csv,LPE\10 14\20251014,245AAA0666BC1507_20251014_052048T.WAV,245AAA0666BC1507_20251014_052048_000T.wav,NA,C:\Users\Nancy\Desktop\Bat Files,C:\Users\Nancy\Desktop\AutoID\10 14 Output,5,29.408,435.644,28.976,2.607,139.45,3.895,2.77,NA,2025-10-14T05:20:48Z,EPTFUS,2025-10-13
LPI,2025-10-05T00:05:34Z,2025-10-04,19:05:34,19,EPTFUS,0.4,25.598,12.38,0,0.222503,LASNOC,LASCIN,NA,NA,5,5,5.351,1,0,27.743,25.296,7.721333,245AAA0666BC08AE,Schmeeckle 2025 Master.csv,LPI\10 09\20251005,245AAA0666BC08AE_20251005_000534T.WAV,245AAA0666BC08AE_20251005_000534_000T.wav,NA,C:\Users\Nancy\Desktop\Bat Files,C:\Users\Nancy\Desktop\AutoID\10 09 Output,2,26.144,273.832,25.919,3.893,123.43,4.918,1.52,NA,2025-10-05T00:05:34Z,EPTFUS,2025-10-04
LPI,2025-10-05T00:06:02Z,2025-10-04,19:06:02,19,EPTFUS,0.44,27.167,35.61,0,0.248791,LASNOC,LASCIN,NA,NA,25,25,4.714,1,0,36.044,26.586,9,245AAA0666BC08AE,Schmeeckle 2025 Master.csv,LPI\10 09\20251005,245AAA0666BC08AE_20251005_000602T.WAV,245AAA0666BC08AE_20251005_000602_000T.wav,NA,C:\Users\Nancy\Desktop\Bat Files,C:\Users\Nancy\Desktop\AutoID\10 09 Output,11,29.351,212.789,28.159,3.285,243.77,4.322,6.85,NA,2025-10-05T00:06:02Z,EPTFUS,2025-10-04
LPI,2025-10-05T00:26:34Z,2025-10-04,19:26:34,19,LASNOC,0.667,25.525,27.82,0,0.308296,EPTFUS,LASCIN,NA,NA,3,3,4.6,1,0,28.323,25.443,4.905333,245AAA0666BC08AE,Schmeeckle 2025 Master.csv,LPI\10 09\20251005,245AAA0666BC08AE_20251005_002634T.WAV,245AAA0666BC08AE_20251005_002634_000T.wav,NA,C:\Users\Nancy\Desktop\Bat Files,C:\Users\Nancy\Desktop\AutoID\10 09 Output,2,26.464,346.159,26.047,2.675,220.17,4.091,1.05,NA,2025-10-05T00:26:34Z,LASNOC,2025-10-04
LPI,2025-10-05T00:28:26Z,2025-10-04,19:28:26,19,LASNOC,0.75,26.063,19.09,0,0.304164,LASCIN,EPTFUS,NA,NA,4,4,4.631,1,0,27.871,25.886,5.504,245AAA0666BC08AE,Schmeeckle 2025 Master.csv,LPI\10 09\20251005,245AAA0666BC08AE_20251005_002826T.WAV,245AAA0666BC08AE_20251005_002826_000T.wav,NA,C:\Users\Nancy\Desktop\Bat Files,C:\Users\Nancy\Desktop\AutoID\10 09 Output,3,26.626,1064.487,26.799,1.948,44.15,4.067,0.85,NA,2025-10-05T00:28:26Z,LASNOC,2025-10-04
LPI,2025-10-05T00:29:50Z,2025-10-04,19:29:50,19,LASNOC,1,26.113,1.2,0,0.314658,LASCIN,EPTFUS,NA,NA,2,2,2.299,1,0,26.768,25.683,3.712,245AAA0666BC08AE,Schmeeckle 2025 Master.csv,LPI\10 09\20251005,245AAA0666BC08AE_20251005_002950T.WAV,245AAA0666BC08AE_20251005_002950_000T.wav,NA,C:\Users\Nancy\Desktop\Bat Files,C:\Users\Nancy\Desktop\AutoID\10 09 Output,2,26.104,1471.084,26.157,0.607,-83.56,1.449,0.62,NA,2025-10-05T00:29:50Z,LASNOC,2025-10-04
LPI,2025-10-05T00:33:48Z,2025-10-04,19:33:48,19,LASNOC,1,25.832,11.73,0,0.3654,LASCIN,EPTFUS,NA,NA,4,4,5.333,1,0,27.522,25.423,7.552,245AAA0666BC08AE,Schmeeckle 2025 Master.csv,LPI\10 09\20251005,245AAA0666BC08AE_20251005_003348T.WAV,245AAA0666BC08AE_20251005_003348_000T.wav,NA,C:\Users\Nancy\Desktop\Bat Files,C:\Users\Nancy\Desktop\AutoID\10 09 Output,4,26.328,1824.151,26.305,2.365,49.49,4.125,1.01,NA,2025-10-05T00:33:48Z,LASNOC,2025-10-04
LPI,2025-10-05T00:36:36Z,2025-10-04,19:36:36,19,LASNOC,0.667,27.761,56.88,0,0.315418,EPTFUS,LASCIN,NA,NA,3,3,4.064,1,0,30.874,27.19,8.405333,245AAA0666BC08AE,Schmeeckle 2025 Master.csv,LPI\10 09\20251005,245AAA0666BC08AE_20251005_003636T.WAV,245AAA0666BC08AE_20251005_003636_000T.wav,NA,C:\Users\Nancy\Desktop\Bat Files,C:\Users\Nancy\Desktop\AutoID\10 09 Output,2,28.583,562.055,28.604,2.197,97.18,3.097,1.14,NA,2025-10-05T00:36:36Z,LASNOC,2025-10-04
LPI,2025-10-05T00:38:28Z,2025-10-04,19:38:28,19,LASCIN,1,24.57,13.53,0,0.288079,EPTFUS,LASNOC,NA,NA,5,5,6.105,1,0,25.969,24.173,5.077333,245AAA0666BC08AE,Schmeeckle 2025 Master.csv,LPI\10 09\20251005,245AAA0666BC08AE_20251005_003828T.WAV,245AAA0666BC08AE_20251005_003828_000T.wav,NA,C:\Users\Nancy\Desktop\Bat Files,C:\Users\Nancy\Desktop\AutoID\10 09 Output,5,24.942,272.915,24.826,3.462,86.83,4.983,1.68,NA,2025-10-05T00:38:28Z,LASCIN,2025-10-04
LPI,2025-10-05T00:38:56Z,2025-10-04,19:38:56,19,LASNOC,0.4,26.394,4.2,0,0.227492,LASCIN,EPTFUS,NA,NA,5,5,5.219,1,0,28.191,25.809,6.357333,245AAA0666BC08AE,Schmeeckle 2025 Master.csv,LPI\10 09\20251005,245AAA0666BC08AE_20251005_003856T.WAV,245AAA0666BC08AE_20251005_003856_000T.wav,NA,C:\Users\Nancy\Desktop\Bat Files,C:\Users\Nancy\Desktop\AutoID\10 09 Output,2,26.731,359.281,26.533,3.006,113.45,4.068,2.42,NA,2025-10-05T00:38:56Z,LASNOC,2025-10-04
LPI,2025-10-05T00:41:02Z,2025-10-04,19:41:02,19,EPTFUS,0.857,28.192,45.5,0,0.354841,LASNOC,LASCIN,NA,NA,7,7,3.541,1,0,33.85,27.827,8.490667,245AAA0666BC08AE,Schmeeckle 2025 Master.csv,LPI\10 09\20251005,245AAA0666BC08AE_20251005_004102T.WAV,245AAA0666BC08AE_20251005_004102_000T.wav,NA,C:\Users\Nancy\Desktop\Bat Files,C:\Users\Nancy\Desktop\AutoID\10 09 Output,6,29.913,304.333,29.61,1.782,229.32,3.126,2.08,NA,2025-10-05T00:41:02Z,EPTFUS,2025-10-04
LPI,2025-10-05T00:44:32Z,2025-10-04,19:44:32,19,LASNOC,0.667,25.409,15.12,0,0.252709,LASCIN,EPTFUS,NA,NA,6,6,5.824,1,0,27.272,25.099,6.613333,245AAA0666BC08AE,Schmeeckle 2025 Master.csv,LPI\10 09\20251005,245AAA0666BC08AE_20251005_004432T.WAV,245AAA0666BC08AE_20251005_004432_000T.wav,NA,C:\Users\Nancy\Desktop\Bat Files,C:\Users\Nancy\Desktop\AutoID\10 09 Output,4,25.905,533.826,25.726,3.489,48.65,4.797,1.17,NA,2025-10-05T00:44:32Z,LASNOC,2025-10-04
LPI,2025-10-05T00:45:14Z,2025-10-04,19:45:14,19,LASNOC,1,26.813,-13.86,0,0.314658,LASCIN,EPTFUS,NA,NA,2,2,3.692,1,0,28.06,26.191,4.052,245AAA0666BC08AE,Schmeeckle 2025 Master.csv,LPI\10 09\20251005,245AAA0666BC08AE_20251005_004514T.WAV,245AAA0666BC08AE_20251005_004514_000T.wav,NA,C:\Users\Nancy\Desktop\Bat Files,C:\Users\Nancy\Desktop\AutoID\10 09 Output,2,26.977,1807.862,27.269,0.854,55.53,2.41,0.69,NA,2025-10-05T00:45:14Z,LASNOC,2025-10-04
LPI,2025-10-05T00:47:48Z,2025-10-04,19:47:48,19,LASNOC,0.5,25.285,-5.99,0,0.236504,LASCIN,EPTFUS,NA,NA,2,2,3.581,1,0,25.895,24.891,2.772,245AAA0666BC08AE,Schmeeckle 2025 Master.csv,LPI\10 09\20251005,245AAA0666BC08AE_20251005_004748T.WAV,245AAA0666BC08AE_20251005_004748_000T.wav,NA,C:\Users\Nancy\Desktop\Bat Files,C:\Users\Nancy\Desktop\AutoID\10 09 Output,1,25.217,1463.057,25.282,1.342,14.75,2.3,0.78,NA,2025-10-05T00:47:48Z,LASNOC,2025-10-04
LPI,2025-10-05T00:48:30Z,2025-10-04,19:48:30,19,LASNOC,0.667,25.863,4.42,0,0.237375,LASCIN,EPTFUS,NA,NA,3,3,5.647,1,0,26.995,25.371,8.062667,245AAA0666BC08AE,Schmeeckle 2025 Master.csv,LPI\10 09\20251005,245AAA0666BC08AE_20251005_004830T.WAV,245AAA0666BC08AE_20251005_004830_000T.wav,NA,C:\Users\Nancy\Desktop\Bat Files,C:\Users\Nancy\Desktop\AutoID\10 09 Output,2,25.98,237.588,26.007,2.074,120.36,3.562,0.83,NA,2025-10-05T00:48:30Z,LASNOC,2025-10-04
LPI,2025-10-05T00:51:04Z,2025-10-04,19:51:04,19,LASNOC,0.5,26.935,24.84,0,0.25549,EPTFUS,LASCIN,NA,NA,14,14,5.159,1,0,34.072,26.549,6.697333,245AAA0666BC08AE,Schmeeckle 2025 Master.csv,LPI\10 09\20251005,245AAA0666BC08AE_20251005_005104T.WAV,245AAA0666BC08AE_20251005_005104_000T.wav,NA,C:\Users\Nancy\Desktop\Bat Files,C:\Users\Nancy\Desktop\AutoID\10 09 Output,7,28.624,496.501,27.424,3.505,241.35,4.664,2.81,NA,2025-10-05T00:51:04Z,LASNOC,2025-10-04
LPI,2025-10-05T00:58:18Z,2025-10-04,19:58:18,19,LASCIN,1,22.832,12.26,0,0.316382,EPTFUS,NA,NA,NA,4,4,5.339,1,0,24.341,22.291,8.916,245AAA0666BC08AE,Schmeeckle 2025 Master.csv,LPI\10 09\20251005,245AAA0666BC08AE_20251005_005818T.WAV,245AAA0666BC08AE_20251005_005818_000T.wav,NA,C:\Users\Nancy\Desktop\Bat Files,C:\Users\Nancy\Desktop\AutoID\10 09 Output,4,23.092,710.547,22.992,2.733,106.28,3.955,1.24,NA,2025-10-05T00:58:18Z,LASCIN,2025-10-04
LPI,2025-10-05T02:02:00Z,2025-10-04,21:02:00,21,LASNOC,0.5,26.289,17.03,0,0.264551,EPTFUS,LASCIN,NA,NA,4,4,6.29,1,0,30.016,25.731,2.26,245AAA0666BC08AE,Schmeeckle 2025 Master.csv,LPI\10 09\20251005,245AAA0666BC08AE_20251005_020200T.WAV,245AAA0666BC08AE_20251005_020200_000T.wav,NA,C:\Users\Nancy\Desktop\Bat Files,C:\Users\Nancy\Desktop\AutoID\10 09 Output,2,27.163,558.038,27.451,2.472,107.71,5.122,0.86,NA,2025-10-05T02:02:00Z,LASNOC,2025-10-04
LPI,2025-10-05T03:37:54Z,2025-10-04,22:37:54,22,LASCIN,0.75,20.282,12.36,0,0.333029,NA,NA,NA,NA,4,4,2.623,1,0,21.737,20.217,8.745333,245AAA0666BC08AE,Schmeeckle 2025 Master.csv,LPI\10 09\20251005,245AAA0666BC08AE_20251005_033754T.WAV,245AAA0666BC08AE_20251005_033754_000T.wav,NA,C:\Users\Nancy\Desktop\Bat Files,C:\Users\Nancy\Desktop\AutoID\10 09 Output,3,20.714,1814.947,20.404,1.635,120.07,2.27,0.92,NA,2025-10-05T03:37:54Z,LASCIN,2025-10-04
LPI,2025-10-05T08:10:40Z,2025-10-05,03:10:40,3,LASCIN,1,20.239,17.5,0,0.431025,NA,NA,NA,NA,3,3,6.069,1,0,22.251,19.925,7.381333,245AAA0666BC08AE,Schmeeckle 2025 Master.csv,LPI\10 09\20251005,245AAA0666BC08AE_20251005_081040T.WAV,245AAA0666BC08AE_20251005_081040_000T.wav,NA,C:\Users\Nancy\Desktop\Bat Files,C:\Users\Nancy\Desktop\AutoID\10 09 Output,3,20.738,2615.077,20.541,4.014,80.22,5.462,0.99,NA,2025-10-05T08:10:40Z,LASCIN,2025-10-04
LPI,2025-10-05T08:54:18Z,2025-10-05,03:54:18,3,LASCIN,1,21.221,-6.74,0,0.140722,NA,NA,NA,NA,2,2,3.007,1,0,24.059,20.797,5.161333,245AAA0666BC08AE,Schmeeckle 2025 Master.csv,LPI\10 09\20251005,245AAA0666BC08AE_20251005_085418T.WAV,245AAA0666BC08AE_20251005_085418_000T.wav,NA,C:\Users\Nancy\Desktop\Bat Files,C:\Users\Nancy\Desktop\AutoID\10 09 Output,2,21.701,1000.075,21.254,1.865,286.3,2.522,0.95,NA,2025-10-05T08:54:18Z,LASCIN,2025-10-04
LPI,2025-10-06T00:23:32Z,2025-10-05,19:23:32,19,LASCIN,0.857,20.098,1.87,0,0.374337,NA,NA,NA,NA,7,7,2.693,1,0,20.668,19.83,7.296,245AAA0666BC08AE,Schmeeckle 2025 Master.csv,LPI\10 09\20251006,245AAA0666BC08AE_20251006_002332T.WAV,245AAA0666BC08AE_20251006_002332_000T.wav,NA,C:\Users\Nancy\Desktop\Bat Files,C:\Users\Nancy\Desktop\AutoID\10 09 Output,6,20.18,773.623,20.126,1.041,41.67,2.033,1.81,NA,2025-10-06T00:23:32Z,LASCIN,2025-10-05
LPI,2025-10-06T00:26:34Z,2025-10-05,19:26:34,19,EPTFUS,0.444,25.757,25.3,0,0.331199,LASNOC,LASCIN,NA,NA,18,18,5.089,1,0,30.514,25.286,7.637333,245AAA0666BC08AE,Schmeeckle 2025 Master.csv,LPI\10 09\20251006,245AAA0666BC08AE_20251006_002634T.WAV,245AAA0666BC08AE_20251006_002634_000T.wav,NA,C:\Users\Nancy\Desktop\Bat Files,C:\Users\Nancy\Desktop\AutoID\10 09 Output,8,27.081,443.52,26.587,2.98,165.75,4.484,4.13,NA,2025-10-06T00:26:34Z,EPTFUS,2025-10-05
LPI,2025-10-06T01:14:24Z,2025-10-05,20:14:24,20,EPTFUS,0.714,31.341,100.8,0,0.211482,LASNOC,NA,NA,NA,7,7,3.113,1,0,44.195,30.182,4.224,245AAA0666BC08AE,Schmeeckle 2025 Master.csv,LPI\10 09\20251006,245AAA0666BC08AE_20251006_011424T.WAV,245AAA0666BC08AE_20251006_011424_000T.wav,NA,C:\Users\Nancy\Desktop\Bat Files,C:\Users\Nancy\Desktop\AutoID\10 09 Output,5,35.066,217.486,33.308,2.006,356.19,2.824,2.34,NA,2025-10-06T01:14:24Z,EPTFUS,2025-10-05
LPI,2025-10-06T01:24:12Z,2025-10-05,20:24:12,20,LASNOC,0.8,28.397,23.88,0,0.160471,EPTFUS,LASCIN,NA,NA,5,5,2.767,1,0,35.912,27.715,6.868,245AAA0666BC08AE,Schmeeckle 2025 Master.csv,LPI\10 09\20251006,245AAA0666BC08AE_20251006_012412T.WAV,245AAA0666BC08AE_20251006_012412_000T.wav,NA,C:\Users\Nancy\Desktop\Bat Files,C:\Users\Nancy\Desktop\AutoID\10 09 Output,4,30.381,401.104,29.012,1.785,383.25,2.487,1.92,NA,2025-10-06T01:24:12Z,LASNOC,2025-10-05
LPI,2025-10-06T08:55:56Z,2025-10-06,03:55:56,3,LASNOC,0.8,27.841,6.29,0,0.248998,LASCIN,EPTFUS,NA,NA,5,5,3.906,1,0,31.802,27.252,8.916,245AAA0666BC08AE,Schmeeckle 2025 Master.csv,LPI\10 09\20251006,245AAA0666BC08AE_20251006_085556T.WAV,245AAA0666BC08AE_20251006_085556_000T.wav,NA,C:\Users\Nancy\Desktop\Bat Files,C:\Users\Nancy\Desktop\AutoID\10 09 Output,4,28.644,872.819,28.112,2.212,264.03,3.404,2.26,NA,2025-10-06T08:55:56Z,LASNOC,2025-10-05
LPI,2025-10-06T09:13:40Z,2025-10-06,04:13:40,4,LASNOC,0.889,27.177,-7.38,0,0.375021,LASCIN,EPTFUS,NA,NA,9,9,4.474,1,0,30.724,26.705,7.721333,245AAA0666BC08AE,Schmeeckle 2025 Master.csv,LPI\10 09\20251006,245AAA0666BC08AE_20251006_091340T.WAV,245AAA0666BC08AE_20251006_091340_000T.wav,NA,C:\Users\Nancy\Desktop\Bat Files,C:\Users\Nancy\Desktop\AutoID\10 09 Output,8,27.642,361.617,27.164,2.828,176.57,3.854,1.77,NA,2025-10-06T09:13:40Z,LASNOC,2025-10-05
LPI,2025-10-06T09:14:08Z,2025-10-06,04:14:08,4,LASNOC,0.8,26.804,14.69,0,0.276738,LASCIN,EPTFUS,NA,NA,5,5,3.715,1,0,28.799,26.441,3.028,245AAA0666BC08AE,Schmeeckle 2025 Master.csv,LPI\10 09\20251006,245AAA0666BC08AE_20251006_091408T.WAV,245AAA0666BC08AE_20251006_091408_000T.wav,NA,C:\Users\Nancy\Desktop\Bat Files,C:\Users\Nancy\Desktop\AutoID\10 09 Output,4,27.168,519.489,27.083,1.812,184.56,2.818,1.76,NA,2025-10-06T09:14:08Z,LASNOC,2025-10-05
LPI,2025-10-06T09:17:24Z,2025-10-06,04:17:24,4,LASNOC,1,27.985,16.9,0,0.315408,LASCIN,EPTFUS,NA,NA,2,2,3.863,1,0,28.44,27.169,2.176,245AAA0666BC08AE,Schmeeckle 2025 Master.csv,LPI\10 09\20251006,245AAA0666BC08AE_20251006_091724T.WAV,245AAA0666BC08AE_20251006_091724_000T.wav,NA,C:\Users\Nancy\Desktop\Bat Files,C:\Users\Nancy\Desktop\AutoID\10 09 Output,2,27.761,1261.589,28.345,0.434,-5.36,1.427,0.66,NA,2025-10-06T09:17:24Z,LASNOC,2025-10-05
LPI,2025-10-06T09:17:38Z,2025-10-06,04:17:38,4,LASNOC,1,27.124,8.75,0,0.35368,LASCIN,EPTFUS,NA,NA,9,9,4.733,1,0,28.43,26.77,7.465333,245AAA0666BC08AE,Schmeeckle 2025 Master.csv,LPI\10 09\20251006,245AAA0666BC08AE_20251006_091738T.WAV,245AAA0666BC08AE_20251006_091738_000T.wav,NA,C:\Users\Nancy\Desktop\Bat Files,C:\Users\Nancy\Desktop\AutoID\10 09 Output,9,27.361,258.38,27.341,2.331,99.97,3.59,2.04,NA,2025-10-06T09:17:38Z,LASNOC,2025-10-05
LPI,2025-10-06T09:18:20Z,2025-10-06,04:18:20,4,LASNOC,0.643,27.054,8.99,0,0.247535,EPTFUS,LASCIN,NA,NA,14,14,3.483,1,0,29.911,26.721,8.233333,245AAA0666BC08AE,Schmeeckle 2025 Master.csv,LPI\10 09\20251006,245AAA0666BC08AE_20251006_091820T.WAV,245AAA0666BC08AE_20251006_091820_000T.wav,NA,C:\Users\Nancy\Desktop\Bat Files,C:\Users\Nancy\Desktop\AutoID\10 09 Output,9,27.671,383.895,27.314,2.157,167.25,3.034,4.4,NA,2025-10-06T09:18:20Z,LASNOC,2025-10-05
LPI,2025-10-06T09:19:44Z,2025-10-06,04:19:44,4,LASNOC,1,26.909,29.2,0,0.358145,LASCIN,EPTFUS,NA,NA,7,7,5.431,1,0,27.828,26.575,4.393333,245AAA0666BC08AE,Schmeeckle 2025 Master.csv,LPI\10 09\20251006,245AAA0666BC08AE_20251006_091944T.WAV,245AAA0666BC08AE_20251006_091944_000T.wav,NA,C:\Users\Nancy\Desktop\Bat Files,C:\Users\Nancy\Desktop\AutoID\10 09 Output,7,27.111,402.998,27.346,1.452,62.68,2.92,1.52,NA,2025-10-06T09:19:44Z,LASNOC,2025-10-05
LPI,2025-10-06T09:22:46Z,2025-10-06,04:22:46,4,LASNOC,0.8,26.884,5.75,0,0.294033,LASCIN,EPTFUS,NA,NA,5,5,2.643,1,0,27.825,26.387,8.745333,245AAA0666BC08AE,Schmeeckle 2025 Master.csv,LPI\10 09\20251006,245AAA0666BC08AE_20251006_092246T.WAV,245AAA0666BC08AE_20251006_092246_000T.wav,NA,C:\Users\Nancy\Desktop\Bat Files,C:\Users\Nancy\Desktop\AutoID\10 09 Output,4,26.953,1802.692,27.025,1.117,78.66,1.686,1.6,NA,2025-10-06T09:22:46Z,LASNOC,2025-10-05
LPI,2025-10-06T09:23:28Z,2025-10-06,04:23:28,4,LASNOC,1,27.077,23.74,0,0.388827,LASCIN,EPTFUS,NA,NA,2,2,3.378,1,0,27.783,26.938,2.857333,245AAA0666BC08AE,Schmeeckle 2025 Master.csv,LPI\10 09\20251006,245AAA0666BC08AE_20251006_092328T.WAV,245AAA0666BC08AE_20251006_092328_000T.wav,NA,C:\Users\Nancy\Desktop\Bat Files,C:\Users\Nancy\Desktop\AutoID\10 09 Output,2,27.238,558.221,27.408,1.979,86.97,2.642,0.66,NA,2025-10-06T09:23:28Z,LASNOC,2025-10-05
LPI,2025-10-06T09:24:38Z,2025-10-06,04:24:38,4,LASNOC,0.875,26.611,-8.7,0,0.322398,LASCIN,EPTFUS,NA,NA,16,16,4.201,1,0,28.132,25.937,8.66,245AAA0666BC08AE,Schmeeckle 2025 Master.csv,LPI\10 09\20251006,245AAA0666BC08AE_20251006_092438T.WAV,245AAA0666BC08AE_20251006_092438_000T.wav,NA,C:\Users\Nancy\Desktop\Bat Files,C:\Users\Nancy\Desktop\AutoID\10 09 Output,14,26.722,500.884,26.529,2.241,178.59,3.141,5.28,NA,2025-10-06T09:24:38Z,LASNOC,2025-10-05
LPI,2025-10-06T09:27:54Z,2025-10-06,04:27:54,4,LASNOC,0.8,25.988,9.7,0,0.278936,LASCIN,EPTFUS,NA,NA,10,10,5.199,1,0,27.499,25.404,9,245AAA0666BC08AE,Schmeeckle 2025 Master.csv,LPI\10 09\20251006,245AAA0666BC08AE_20251006_092754T.WAV,245AAA0666BC08AE_20251006_092754_000T.wav,NA,C:\Users\Nancy\Desktop\Bat Files,C:\Users\Nancy\Desktop\AutoID\10 09 Output,8,26.218,402.972,26.184,2.78,26.88,3.839,3.97,NA,2025-10-06T09:27:54Z,LASNOC,2025-10-05
LPI,2025-10-06T09:28:36Z,2025-10-06,04:28:36,4,LASNOC,0.714,27.96,8.09,0,0.265368,EPTFUS,LASCIN,NA,NA,7,7,4.76,1,0,31.98,27.674,7.125333,245AAA0666BC08AE,Schmeeckle 2025 Master.csv,LPI\10 09\20251006,245AAA0666BC08AE_20251006_092836T.WAV,245AAA0666BC08AE_20251006_092836_000T.wav,NA,C:\Users\Nancy\Desktop\Bat Files,C:\Users\Nancy\Desktop\AutoID\10 09 Output,5,29.134,319.328,28.139,3.384,163.58,4.203,1.8,NA,2025-10-06T09:28:36Z,LASNOC,2025-10-05
LPI,2025-10-06T09:30:28Z,2025-10-06,04:30:28,4,LASNOC,1,26.823,7.26,0,0.416919,LASCIN,EPTFUS,NA,NA,3,3,3.147,1,0,27.436,26.411,8.916,245AAA0666BC08AE,Schmeeckle 2025 Master.csv,LPI\10 09\20251006,245AAA0666BC08AE_20251006_093028T.WAV,245AAA0666BC08AE_20251006_093028_000T.wav,NA,C:\Users\Nancy\Desktop\Bat Files,C:\Users\Nancy\Desktop\AutoID\10 09 Output,3,26.903,1325.044,27.102,0.49,2.73,2.447,0.66,NA,2025-10-06T09:30:28Z,LASNOC,2025-10-05
LPI,2025-10-06T09:30:56Z,2025-10-06,04:30:56,4,LASNOC,0.5,27.207,2.15,0,0.317632,EPTFUS,LASCIN,NA,NA,10,10,5.511,1,0,32.254,26.784,4.734667,245AAA0666BC08AE,Schmeeckle 2025 Master.csv,LPI\10 09\20251006,245AAA0666BC08AE_20251006_093056T.WAV,245AAA0666BC08AE_20251006_093056_000T.wav,NA,C:\Users\Nancy\Desktop\Bat Files,C:\Users\Nancy\Desktop\AutoID\10 09 Output,5,28.308,284.885,27.494,3.896,234.2,5.049,4.79,NA,2025-10-06T09:30:56Z,LASNOC,2025-10-05
LPI,2025-10-06T09:31:38Z,2025-10-06,04:31:38,4,LASNOC,0.933,27.233,10.62,0,0.340758,EPTFUS,LASCIN,NA,NA,15,15,5.254,1,0,30.847,26.776,6.442667,245AAA0666BC08AE,Schmeeckle 2025 Master.csv,LPI\10 09\20251006,245AAA0666BC08AE_20251006_093138T.WAV,245AAA0666BC08AE_20251006_093138_000T.wav,NA,C:\Users\Nancy\Desktop\Bat Files,C:\Users\Nancy\Desktop\AutoID\10 09 Output,14,27.972,274.068,27.436,3.035,185.25,4.394,3.72,NA,2025-10-06T09:31:38Z,LASNOC,2025-10-05
LPI,2025-10-06T09:33:02Z,2025-10-06,04:33:02,4,LASNOC,0.8,28.051,30.91,0,0.283234,EPTFUS,LASCIN,NA,NA,5,5,4.265,1,0,34.075,27.53,6.272,245AAA0666BC08AE,Schmeeckle 2025 Master.csv,LPI\10 09\20251006,245AAA0666BC08AE_20251006_093302T.WAV,245AAA0666BC08AE_20251006_093302_000T.wav,NA,C:\Users\Nancy\Desktop\Bat Files,C:\Users\Nancy\Desktop\AutoID\10 09 Output,4,29.479,370.486,28.549,3.066,205.06,3.948,1.63,NA,2025-10-06T09:33:02Z,LASNOC,2025-10-05
LPI,2025-10-06T09:33:16Z,2025-10-06,04:33:16,4,LASNOC,0.889,27.362,15.05,0,0.332659,EPTFUS,LASCIN,NA,NA,9,9,3.282,1,0,30.176,26.705,9,245AAA0666BC08AE,Schmeeckle 2025 Master.csv,LPI\10 09\20251006,245AAA0666BC08AE_20251006_093316T.WAV,245AAA0666BC08AE_20251006_093316_000T.wav,NA,C:\Users\Nancy\Desktop\Bat Files,C:\Users\Nancy\Desktop\AutoID\10 09 Output,8,27.763,1090.496,27.511,1.945,118.63,2.725,2.21,NA,2025-10-06T09:33:16Z,LASNOC,2025-10-05
LPI,2025-10-06T09:33:58Z,2025-10-06,04:33:58,4,LASNOC,1,26.795,7.83,0,0.398199,EPTFUS,LASCIN,NA,NA,5,5,3.535,1,0,27.961,26.526,4.650667,245AAA0666BC08AE,Schmeeckle 2025 Master.csv,LPI\10 09\20251006,245AAA0666BC08AE_20251006_093358T.WAV,245AAA0666BC08AE_20251006_093358_000T.wav,NA,C:\Users\Nancy\Desktop\Bat Files,C:\Users\Nancy\Desktop\AutoID\10 09 Output,5,27.048,298.641,27.014,1.693,79.91,3.267,1.42,NA,2025-10-06T09:33:58Z,LASNOC,2025-10-05
LPI,2025-10-06T09:34:40Z,2025-10-06,04:34:40,4,LASNOC,1,27.364,15.21,0,0.380449,LASCIN,EPTFUS,NA,NA,14,14,3.822,1,0,28.266,27.041,9,245AAA0666BC08AE,Schmeeckle 2025 Master.csv,LPI\10 09\20251006,245AAA0666BC08AE_20251006_093440T.WAV,245AAA0666BC08AE_20251006_093440_000T.wav,NA,C:\Users\Nancy\Desktop\Bat Files,C:\Users\Nancy\Desktop\AutoID\10 09 Output,14,27.575,377.603,27.628,1.693,69.87,2.762,3.49,NA,2025-10-06T09:34:40Z,LASNOC,2025-10-05
LPI,2025-10-06T09:35:08Z,2025-10-06,04:35:08,4,LASNOC,0.562,28.364,29.79,0,0.201595,EPTFUS,LASCIN,NA,NA,16,16,4.319,1,0,33.536,27.995,3.966667,245AAA0666BC08AE,Schmeeckle 2025 Master.csv,LPI\10 09\20251006,245AAA0666BC08AE_20251006_093508T.WAV,245AAA0666BC08AE_20251006_093508_000T.wav,NA,C:\Users\Nancy\Desktop\Bat Files,C:\Users\Nancy\Desktop\AutoID\10 09 Output,9,29.772,252.894,29.05,2.859,201.95,3.992,7.13,NA,2025-10-06T09:35:08Z,LASNOC,2025-10-05
LPI,2025-10-06T09:35:22Z,2025-10-06,04:35:22,4,LASNOC,0.8,27.245,5.38,0,0.32942,EPTFUS,LASCIN,NA,NA,15,15,3.637,1,0,30.169,26.79,9,245AAA0666BC08AE,Schmeeckle 2025 Master.csv,LPI\10 09\20251006,245AAA0666BC08AE_20251006_093522T.WAV,245AAA0666BC08AE_20251006_093522_000T.wav,NA,C:\Users\Nancy\Desktop\Bat Files,C:\Users\Nancy\Desktop\AutoID\10 09 Output,12,27.856,628.837,27.397,2.113,139.78,2.995,5.66,NA,2025-10-06T09:35:22Z,LASNOC,2025-10-05
LPI,2025-10-06T09:35:36Z,2025-10-06,04:35:36,4,LASNOC,0.8,27.304,21.43,0,0.333747,EPTFUS,LASCIN,NA,NA,10,10,4.251,1,0,33.056,27.009,8.745333,245AAA0666BC08AE,Schmeeckle 2025 Master.csv,LPI\10 09\20251006,245AAA0666BC08AE_20251006_093536T.WAV,245AAA0666BC08AE_20251006_093536_000T.wav,NA,C:\Users\Nancy\Desktop\Bat Files,C:\Users\Nancy\Desktop\AutoID\10 09 Output,8,28.83,391.683,27.769,2.797,207.05,3.801,3.09,NA,2025-10-06T09:35:36Z,LASNOC,2025-10-05
LPI,2025-10-06T09:36:18Z,2025-10-06,04:36:18,4,LASNOC,1,28.286,-0.48,0,0.315408,LASCIN,EPTFUS,NA,NA,2,2,6.162,1,0,29.092,27.598,6.528,245AAA0666BC08AE,Schmeeckle 2025 Master.csv,LPI\10 09\20251006,245AAA0666BC08AE_20251006_093618T.WAV,245AAA0666BC08AE_20251006_093618_000T.wav,NA,C:\Users\Nancy\Desktop\Bat Files,C:\Users\Nancy\Desktop\AutoID\10 09 Output,2,28.232,757.442,28.12,1.836,91.59,2.823,0.71,NA,2025-10-06T09:36:18Z,LASNOC,2025-10-05
LPI,2025-10-06T09:37:00Z,2025-10-06,04:37:00,4,LASNOC,0.647,27.402,29.31,0,0.299679,LASCIN,EPTFUS,NA,NA,17,17,3.765,1,0,36.071,27.039,9,245AAA0666BC08AE,Schmeeckle 2025 Master.csv,LPI\10 09\20251006,245AAA0666BC08AE_20251006_093700T.WAV,245AAA0666BC08AE_20251006_093700_000T.wav,NA,C:\Users\Nancy\Desktop\Bat Files,C:\Users\Nancy\Desktop\AutoID\10 09 Output,11,29.502,441.573,27.971,2.582,335.08,3.487,4.99,NA,2025-10-06T09:37:00Z,LASNOC,2025-10-05
LPI,2025-10-06T09:37:14Z,2025-10-06,04:37:14,4,LASNOC,0.667,27.398,19.59,0,0.282496,EPTFUS,LASCIN,NA,NA,12,12,3.74,1,0,30.932,26.982,7.892,245AAA0666BC08AE,Schmeeckle 2025 Master.csv,LPI\10 09\20251006,245AAA0666BC08AE_20251006_093714T.WAV,245AAA0666BC08AE_20251006_093714_000T.wav,NA,C:\Users\Nancy\Desktop\Bat Files,C:\Users\Nancy\Desktop\AutoID\10 09 Output,8,28.306,470.523,27.759,2.304,96.39,3.091,3.75,NA,2025-10-06T09:37:14Z,LASNOC,2025-10-05
LPI,2025-10-06T09:37:42Z,2025-10-06,04:37:42,4,LASNOC,0.829,28.984,61.95,0,0.227165,EPTFUS,LASCIN,NA,NA,35,35,3.669,1,0,43.888,28.227,8.745333,245AAA0666BC08AE,Schmeeckle 2025 Master.csv,LPI\10 09\20251006,245AAA0666BC08AE_20251006_093742T.WAV,245AAA0666BC08AE_20251006_093742_000T.wav,NA,C:\Users\Nancy\Desktop\Bat Files,C:\Users\Nancy\Desktop\AutoID\10 09 Output,29,32.647,157.828,30.113,2.619,464.12,3.336,8.02,NA,2025-10-06T09:37:42Z,LASNOC,2025-10-05
LPI,2025-10-06T09:37:56Z,2025-10-06,04:37:56,4,LASNOC,0.75,27.07,19.81,0,0.323457,EPTFUS,LASCIN,NA,NA,12,12,5.574,1,0,30.859,26.586,7.296,245AAA0666BC08AE,Schmeeckle 2025 Master.csv,LPI\10 09\20251006,245AAA0666BC08AE_20251006_093756T.WAV,245AAA0666BC08AE_20251006_093756_000T.wav,NA,C:\Users\Nancy\Desktop\Bat Files,C:\Users\Nancy\Desktop\AutoID\10 09 Output,9,27.867,498.486,27.428,3.485,177.17,4.473,2.9,NA,2025-10-06T09:37:56Z,LASNOC,2025-10-05
LPI,2025-10-06T09:38:10Z,2025-10-06,04:38:10,4,LASNOC,1,25.804,3.95,0,0.348493,LASCIN,EPTFUS,NA,NA,11,11,4.964,1,0,26.24,25.489,4.052,245AAA0666BC08AE,Schmeeckle 2025 Master.csv,LPI\10 09\20251006,245AAA0666BC08AE_20251006_093810T.WAV,245AAA0666BC08AE_20251006_093810_000T.wav,NA,C:\Users\Nancy\Desktop\Bat Files,C:\Users\Nancy\Desktop\AutoID\10 09 Output,11,25.828,249.755,25.893,1.357,7.95,3.268,3.06,NA,2025-10-06T09:38:10Z,LASNOC,2025-10-05
LPI,2025-10-06T09:38:52Z,2025-10-06,04:38:52,4,LASNOC,0.667,26.611,24.43,0,0.307404,LASCIN,EPTFUS,NA,NA,21,21,3.668,1,0,32.813,26.243,8.66,245AAA0666BC08AE,Schmeeckle 2025 Master.csv,LPI\10 09\20251006,245AAA0666BC08AE_20251006_093852T.WAV,245AAA0666BC08AE_20251006_093852_000T.wav,NA,C:\Users\Nancy\Desktop\Bat Files,C:\Users\Nancy\Desktop\AutoID\10 09 Output,14,28.138,253.74,27.126,2.56,235.76,3.398,5.02,NA,2025-10-06T09:38:52Z,LASNOC,2025-10-05
LPI,2025-10-06T09:39:48Z,2025-10-06,04:39:48,4,LASNOC,0.714,25.205,-6.24,0,0.252509,LASCIN,EPTFUS,NA,NA,7,7,4.974,1,0,25.532,24.894,6.697333,245AAA0666BC08AE,Schmeeckle 2025 Master.csv,LPI\10 09\20251006,245AAA0666BC08AE_20251006_093948T.WAV,245AAA0666BC08AE_20251006_093948_000T.wav,NA,C:\Users\Nancy\Desktop\Bat Files,C:\Users\Nancy\Desktop\AutoID\10 09 Output,5,25.133,742.616,25.103,1.839,55.9,3.839,1.98,NA,2025-10-06T09:39:48Z,LASNOC,2025-10-05
LPI,2025-10-06T09:40:16Z,2025-10-06,04:40:16,4,LASNOC,1,27.966,14.62,0,0.334288,LASCIN,EPTFUS,NA,NA,9,9,4.43,1,0,31.565,27.463,8.830667,245AAA0666BC08AE,Schmeeckle 2025 Master.csv,LPI\10 09\20251006,245AAA0666BC08AE_20251006_094016T.WAV,245AAA0666BC08AE_20251006_094016_000T.wav,NA,C:\Users\Nancy\Desktop\Bat Files,C:\Users\Nancy\Desktop\AutoID\10 09 Output,9,28.702,383.297,28.412,2.634,136.17,3.844,2.56,NA,2025-10-06T09:40:16Z,LASNOC,2025-10-05
LPI,2025-10-06T09:40:30Z,2025-10-06,04:40:30,4,LASNOC,0.81,28.008,24.07,0,0.307083,EPTFUS,LASCIN,NA,NA,21,21,3.676,1,0,34.339,27.504,8.064,245AAA0666BC08AE,Schmeeckle 2025 Master.csv,LPI\10 09\20251006,245AAA0666BC08AE_20251006_094030T.WAV,245AAA0666BC08AE_20251006_094030_000T.wav,NA,C:\Users\Nancy\Desktop\Bat Files,C:\Users\Nancy\Desktop\AutoID\10 09 Output,17,29.51,390.53,28.449,2.12,242.23,3.06,7.67,NA,2025-10-06T09:40:30Z,LASNOC,2025-10-05
LPI,2025-10-06T09:40:44Z,2025-10-06,04:40:44,4,LASNOC,0.889,27.466,7.72,0,0.348364,EPTFUS,LASCIN,NA,NA,18,18,4.317,1,0,28.81,27.09,8.405333,245AAA0666BC08AE,Schmeeckle 2025 Master.csv,LPI\10 09\20251006,245AAA0666BC08AE_20251006_094044T.WAV,245AAA0666BC08AE_20251006_094044_000T.wav,NA,C:\Users\Nancy\Desktop\Bat Files,C:\Users\Nancy\Desktop\AutoID\10 09 Output,16,27.707,251.602,27.671,2.014,97.12,3.312,4.14,NA,2025-10-06T09:40:44Z,LASNOC,2025-10-05
LPI,2025-10-06T09:41:54Z,2025-10-06,04:41:54,4,LASNOC,0.818,27.364,17.86,0,0.252162,EPTFUS,LASCIN,NA,NA,11,11,5.622,1,0,31.526,26.917,7.636,245AAA0666BC08AE,Schmeeckle 2025 Master.csv,LPI\10 09\20251006,245AAA0666BC08AE_20251006_094154T.WAV,245AAA0666BC08AE_20251006_094154_000T.wav,NA,C:\Users\Nancy\Desktop\Bat Files,C:\Users\Nancy\Desktop\AutoID\10 09 Output,9,28.269,429.834,27.727,3.716,159.86,4.709,4.11,NA,2025-10-06T09:41:54Z,LASNOC,2025-10-05
LPI,2025-10-06T09:42:08Z,2025-10-06,04:42:08,4,LASNOC,1,26.521,-11.34,0,0.333794,LASCIN,EPTFUS,NA,NA,3,3,3.337,1,0,26.7,26.063,6.442667,245AAA0666BC08AE,Schmeeckle 2025 Master.csv,LPI\10 09\20251006,245AAA0666BC08AE_20251006_094208T.WAV,245AAA0666BC08AE_20251006_094208_000T.wav,NA,C:\Users\Nancy\Desktop\Bat Files,C:\Users\Nancy\Desktop\AutoID\10 09 Output,3,26.438,245.568,26.439,1.266,4.75,2.121,0.66,NA,2025-10-06T09:42:08Z,LASNOC,2025-10-05
LPI,2025-10-06T09:44:00Z,2025-10-06,04:44:00,4,LASNOC,0.6,27.176,55.52,0,0.299273,LASCIN,EPTFUS,NA,NA,5,5,2.947,1,0,33.012,26.715,8.576,245AAA0666BC08AE,Schmeeckle 2025 Master.csv,LPI\10 09\20251006,245AAA0666BC08AE_20251006_094400T.WAV,245AAA0666BC08AE_20251006_094400_000T.wav,NA,C:\Users\Nancy\Desktop\Bat Files,C:\Users\Nancy\Desktop\AutoID\10 09 Output,3,28.646,1936.26,28.647,1.539,416.13,2.427,1.53,NA,2025-10-06T09:44:00Z,LASNOC,2025-10-05
LPI,2025-10-06T09:44:28Z,2025-10-06,04:44:28,4,LASNOC,0.8,26.244,7.41,0,0.228198,LASCIN,EPTFUS,NA,NA,5,5,3.954,1,0,27.117,25.73,7.806667,245AAA0666BC08AE,Schmeeckle 2025 Master.csv,LPI\10 09\20251006,245AAA0666BC08AE_20251006_094428T.WAV,245AAA0666BC08AE_20251006_094428_000T.wav,NA,C:\Users\Nancy\Desktop\Bat Files,C:\Users\Nancy\Desktop\AutoID\10 09 Output,4,26.334,513.048,26.275,1.905,117.68,2.884,1.87,NA,2025-10-06T09:44:28Z,LASNOC,2025-10-05
LPI,2025-10-06T09:45:10Z,2025-10-06,04:45:10,4,LASNOC,1,27.525,22.79,0,0.396557,LASCIN,EPTFUS,NA,NA,3,3,6.352,1,0,31.181,27.282,5.334667,245AAA0666BC08AE,Schmeeckle 2025 Master.csv,LPI\10 09\20251006,245AAA0666BC08AE_20251006_094510T.WAV,245AAA0666BC08AE_20251006_094510_000T.wav,NA,C:\Users\Nancy\Desktop\Bat Files,C:\Users\Nancy\Desktop\AutoID\10 09 Output,3,28.441,357.507,28.139,3.546,112.17,4.987,0.86,NA,2025-10-06T09:45:10Z,LASNOC,2025-10-05
LPI,2025-10-06T09:45:24Z,2025-10-06,04:45:24,4,LASNOC,0.5,28.577,14.83,0,0.312168,LASCIN,EPTFUS,NA,NA,2,2,3.371,1,0,36.499,27.9,7.638667,245AAA0666BC08AE,Schmeeckle 2025 Master.csv,LPI\10 09\20251006,245AAA0666BC08AE_20251006_094524T.WAV,245AAA0666BC08AE_20251006_094524_000T.wav,NA,C:\Users\Nancy\Desktop\Bat Files,C:\Users\Nancy\Desktop\AutoID\10 09 Output,1,30.112,880.127,28.987,2.11,461.82,3.085,1.18,NA,2025-10-06T09:45:24Z,LASNOC,2025-10-05
LPI,2025-10-06T09:45:52Z,2025-10-06,04:45:52,4,LASNOC,1,27.781,5.92,0,0.315408,LASCIN,EPTFUS,NA,NA,2,2,2.298,1,0,28.274,27.4,5.334667,245AAA0666BC08AE,Schmeeckle 2025 Master.csv,LPI\10 09\20251006,245AAA0666BC08AE_20251006_094552T.WAV,245AAA0666BC08AE_20251006_094552_000T.wav,NA,C:\Users\Nancy\Desktop\Bat Files,C:\Users\Nancy\Desktop\AutoID\10 09 Output,2,27.838,1066.062,27.795,0.723,-4.05,1.37,0.74,NA,2025-10-06T09:45:52Z,LASNOC,2025-10-05
LPI,2025-10-06T09:46:20Z,2025-10-06,04:46:20,4,LASNOC,1,27.804,17.16,0,0.30226,LASCIN,EPTFUS,NA,NA,6,6,3.927,1,0,30.15,27.377,6.869333,245AAA0666BC08AE,Schmeeckle 2025 Master.csv,LPI\10 09\20251006,245AAA0666BC08AE_20251006_094620T.WAV,245AAA0666BC08AE_20251006_094620_000T.wav,NA,C:\Users\Nancy\Desktop\Bat Files,C:\Users\Nancy\Desktop\AutoID\10 09 Output,6,28.404,583.271,28.255,2.272,92.36,3.204,2.83,NA,2025-10-06T09:46:20Z,LASNOC,2025-10-05
LPI,2025-10-06T09:46:34Z,2025-10-06,04:46:34,4,LASNOC,1,29.327,41.9,0,0.221419,EPTFUS,LASCIN,NA,NA,12,12,3.776,1,0,38.823,28.955,4.394667,245AAA0666BC08AE,Schmeeckle 2025 Master.csv,LPI\10 09\20251006,245AAA0666BC08AE_20251006_094634T.WAV,245AAA0666BC08AE_20251006_094634_000T.wav,NA,C:\Users\Nancy\Desktop\Bat Files,C:\Users\Nancy\Desktop\AutoID\10 09 Output,12,31.639,161.317,30.483,2.616,362.52,3.545,3.71,NA,2025-10-06T09:46:34Z,LASNOC,2025-10-05
LPI,2025-10-06T09:47:02Z,2025-10-06,04:47:02,4,LASNOC,1,27.694,28.22,0,0.345041,EPTFUS,LASCIN,NA,NA,3,3,2.494,1,0,28.609,27.127,5.332,245AAA0666BC08AE,Schmeeckle 2025 Master.csv,LPI\10 09\20251006,245AAA0666BC08AE_20251006_094702T.WAV,245AAA0666BC08AE_20251006_094702_000T.wav,NA,C:\Users\Nancy\Desktop\Bat Files,C:\Users\Nancy\Desktop\AutoID\10 09 Output,3,27.786,530.83,27.853,1.1,161.01,1.918,0.92,NA,2025-10-06T09:47:02Z,LASNOC,2025-10-05
LPI,2025-10-06T09:47:30Z,2025-10-06,04:47:30,4,LASNOC,1,26.964,10.63,0,0.329241,LASCIN,EPTFUS,NA,NA,12,12,3.108,1,0,27.893,26.578,8.318667,245AAA0666BC08AE,Schmeeckle 2025 Master.csv,LPI\10 09\20251006,245AAA0666BC08AE_20251006_094730T.WAV,245AAA0666BC08AE_20251006_094730_000T.wav,NA,C:\Users\Nancy\Desktop\Bat Files,C:\Users\Nancy\Desktop\AutoID\10 09 Output,12,27.067,630.512,27.183,1.304,61.88,2.351,2.6,NA,2025-10-06T09:47:30Z,LASNOC,2025-10-05
LPI,2025-10-06T09:47:44Z,2025-10-06,04:47:44,4,LASNOC,0.786,27.3,17.17,0,0.394023,EPTFUS,LASCIN,NA,NA,14,14,4.803,1,0,32.806,26.931,8.745333,245AAA0666BC08AE,Schmeeckle 2025 Master.csv,LPI\10 09\20251006,245AAA0666BC08AE_20251006_094744T.WAV,245AAA0666BC08AE_20251006_094744_000T.wav,NA,C:\Users\Nancy\Desktop\Bat Files,C:\Users\Nancy\Desktop\AutoID\10 09 Output,11,28.655,581.72,27.679,3.181,204.35,4.333,3.43,NA,2025-10-06T09:47:44Z,LASNOC,2025-10-05
LPI,2025-10-06T09:48:12Z,2025-10-06,04:48:12,4,LASNOC,1,26.763,3.88,0,0.369893,EPTFUS,LASCIN,NA,NA,5,5,6.022,1,0,28.301,26.275,7.125333,245AAA0666BC08AE,Schmeeckle 2025 Master.csv,LPI\10 09\20251006,245AAA0666BC08AE_20251006_094812T.WAV,245AAA0666BC08AE_20251006_094812_000T.wav,NA,C:\Users\Nancy\Desktop\Bat Files,C:\Users\Nancy\Desktop\AutoID\10 09 Output,5,27.03,336.463,26.951,3.261,78.68,4.912,1.53,NA,2025-10-06T09:48:12Z,LASNOC,2025-10-05
LPI,2025-10-06T09:48:54Z,2025-10-06,04:48:54,4,LASNOC,0.818,27.611,13.21,0,0.374203,EPTFUS,LASCIN,NA,NA,11,11,5.075,1,0,31.386,27.289,4.990667,245AAA0666BC08AE,Schmeeckle 2025 Master.csv,LPI\10 09\20251006,245AAA0666BC08AE_20251006_094854T.WAV,245AAA0666BC08AE_20251006_094854_000T.wav,NA,C:\Users\Nancy\Desktop\Bat Files,C:\Users\Nancy\Desktop\AutoID\10 09 Output,9,28.371,256.062,28.072,2.554,172.93,4.382,2.66,NA,2025-10-06T09:48:54Z,LASNOC,2025-10-05
LPI,2025-10-06T09:49:08Z,2025-10-06,04:49:08,4,LASNOC,1,29.306,20.19,0,0.233843,EPTFUS,NA,NA,NA,2,2,2.515,1,0,35.961,28.995,8.064,245AAA0666BC08AE,Schmeeckle 2025 Master.csv,LPI\10 09\20251006,245AAA0666BC08AE_20251006_094908T.WAV,245AAA0666BC08AE_20251006_094908_000T.wav,NA,C:\Users\Nancy\Desktop\Bat Files,C:\Users\Nancy\Desktop\AutoID\10 09 Output,2,31.103,603.651,29.419,2.031,275.97,2.304,0.71,NA,2025-10-06T09:49:08Z,LASNOC,2025-10-05
LPI,2025-10-06T09:49:50Z,2025-10-06,04:49:50,4,LASNOC,0.917,27.451,2.59,0,0.377842,EPTFUS,LASCIN,NA,NA,12,12,5.446,1,0,32.706,26.859,6.953333,245AAA0666BC08AE,Schmeeckle 2025 Master.csv,LPI\10 09\20251006,245AAA0666BC08AE_20251006_094950T.WAV,245AAA0666BC08AE_20251006_094950_000T.wav,NA,C:\Users\Nancy\Desktop\Bat Files,C:\Users\Nancy\Desktop\AutoID\10 09 Output,11,28.4,189.567,27.765,3.489,212.3,4.614,3.03,NA,2025-10-06T09:49:50Z,LASNOC,2025-10-05
LPI,2025-10-06T09:50:04Z,2025-10-06,04:50:04,4,LASNOC,0.75,27.172,13.04,0,0.296052,EPTFUS,LASCIN,NA,NA,4,4,5.826,1,0,31.421,26.99,6.185333,245AAA0666BC08AE,Schmeeckle 2025 Master.csv,LPI\10 09\20251006,245AAA0666BC08AE_20251006_095004T.WAV,245AAA0666BC08AE_20251006_095004_000T.wav,NA,C:\Users\Nancy\Desktop\Bat Files,C:\Users\Nancy\Desktop\AutoID\10 09 Output,3,28.324,365.634,27.502,4.253,88.14,5.496,1.12,NA,2025-10-06T09:50:04Z,LASNOC,2025-10-05
LPI,2025-10-06T09:51:00Z,2025-10-06,04:51:00,4,LASNOC,1,27.711,-5.36,0,0.513762,EPTFUS,LASCIN,NA,NA,6,6,5.748,1,0,33.183,27.113,6.356,245AAA0666BC08AE,Schmeeckle 2025 Master.csv,LPI\10 09\20251006,245AAA0666BC08AE_20251006_095100T.WAV,245AAA0666BC08AE_20251006_095100_000T.wav,NA,C:\Users\Nancy\Desktop\Bat Files,C:\Users\Nancy\Desktop\AutoID\10 09 Output,6,28.673,211.688,27.71,3.667,208.88,4.846,1.31,NA,2025-10-06T09:51:00Z,LASNOC,2025-10-05
LPI,2025-10-06T09:51:42Z,2025-10-06,04:51:42,4,LASNOC,0.75,27.762,24.77,0,0.325606,EPTFUS,LASCIN,NA,NA,8,8,4.977,1,0,35.764,27.414,9,245AAA0666BC08AE,Schmeeckle 2025 Master.csv,LPI\10 09\20251006,245AAA0666BC08AE_20251006_095142T.WAV,245AAA0666BC08AE_20251006_095142_000T.wav,NA,C:\Users\Nancy\Desktop\Bat Files,C:\Users\Nancy\Desktop\AutoID\10 09 Output,6,29.748,520.954,28.249,3.64,198.77,4.663,2.37,NA,2025-10-06T09:51:42Z,LASNOC,2025-10-05
LPI,2025-10-06T09:52:38Z,2025-10-06,04:52:38,4,LASNOC,0.571,28.537,16.52,0,0.261209,EPTFUS,LASCIN,NA,NA,7,7,2.953,1,0,31.714,28.069,7.38,245AAA0666BC08AE,Schmeeckle 2025 Master.csv,LPI\10 09\20251006,245AAA0666BC08AE_20251006_095238T.WAV,245AAA0666BC08AE_20251006_095238_000T.wav,NA,C:\Users\Nancy\Desktop\Bat Files,C:\Users\Nancy\Desktop\AutoID\10 09 Output,4,29.273,410.401,28.861,1.554,152.71,2.517,2.7,NA,2025-10-06T09:52:38Z,LASNOC,2025-10-05
LPI,2025-10-06T09:53:06Z,2025-10-06,04:53:06,4,LASNOC,0.625,27.53,9.3,0,0.263469,EPTFUS,LASCIN,NA,NA,8,8,4.167,1,0,31.124,26.815,8.574667,245AAA0666BC08AE,Schmeeckle 2025 Master.csv,LPI\10 09\20251006,245AAA0666BC08AE_20251006_095306T.WAV,245AAA0666BC08AE_20251006_095306_000T.wav,NA,C:\Users\Nancy\Desktop\Bat Files,C:\Users\Nancy\Desktop\AutoID\10 09 Output,5,28.121,631.474,27.719,2.443,188.69,3.375,2.88,NA,2025-10-06T09:53:06Z,LASNOC,2025-10-05
LPI,2025-10-06T09:54:16Z,2025-10-06,04:54:16,4,LASNOC,0.833,26.085,14.38,0,0.286731,LASCIN,EPTFUS,NA,NA,6,6,4.427,1,0,26.73,25.746,5.504,245AAA0666BC08AE,Schmeeckle 2025 Master.csv,LPI\10 09\20251006,245AAA0666BC08AE_20251006_095416T.WAV,245AAA0666BC08AE_20251006_095416_000T.wav,NA,C:\Users\Nancy\Desktop\Bat Files,C:\Users\Nancy\Desktop\AutoID\10 09 Output,5,26.212,266.646,26.274,1.393,64.05,2.541,2.33,NA,2025-10-06T09:54:16Z,LASNOC,2025-10-05
LPI,2025-10-06T09:55:54Z,2025-10-06,04:55:54,4,EPTFUS,1,26.975,54.06,0,0.298734,LASNOC,LASCIN,NA,NA,3,3,3.053,1,0,30.062,26.651,6.185333,245AAA0666BC08AE,Schmeeckle 2025 Master.csv,LPI\10 09\20251006,245AAA0666BC08AE_20251006_095554T.WAV,245AAA0666BC08AE_20251006_095554_000T.wav,NA,C:\Users\Nancy\Desktop\Bat Files,C:\Users\Nancy\Desktop\AutoID\10 09 Output,3,27.998,104.396,28.011,1.634,124.95,2.803,0.91,NA,2025-10-06T09:55:54Z,EPTFUS,2025-10-05
LPI,2025-10-06T09:58:00Z,2025-10-06,04:58:00,4,EPTFUS,0.667,28.139,31.22,0,0.336768,LASNOC,LASCIN,NA,NA,3,3,3.194,1,0,30.869,27.385,8.916,245AAA0666BC08AE,Schmeeckle 2025 Master.csv,LPI\10 09\20251006,245AAA0666BC08AE_20251006_095800T.WAV,245AAA0666BC08AE_20251006_095800_000T.wav,NA,C:\Users\Nancy\Desktop\Bat Files,C:\Users\Nancy\Desktop\AutoID\10 09 Output,2,28.566,820.521,28.981,0.999,185.46,2.07,0.83,NA,2025-10-06T09:58:00Z,EPTFUS,2025-10-05
LPI,2025-10-06T09:58:14Z,2025-10-06,04:58:14,4,LASNOC,0.625,27.787,21.89,0,0.264468,EPTFUS,LASCIN,NA,NA,16,16,3.579,1,0,34.604,27.296,8.489333,245AAA0666BC08AE,Schmeeckle 2025 Master.csv,LPI\10 09\20251006,245AAA0666BC08AE_20251006_095814T.WAV,245AAA0666BC08AE_20251006_095814_000T.wav,NA,C:\Users\Nancy\Desktop\Bat Files,C:\Users\Nancy\Desktop\AutoID\10 09 Output,10,29.335,242.712,28.338,2.464,296.91,3.358,3.87,NA,2025-10-06T09:58:14Z,LASNOC,2025-10-05
LPI,2025-10-06T09:58:28Z,2025-10-06,04:58:28,4,LASNOC,0.4,27.294,17.87,0,0.274064,EPTFUS,LASCIN,NA,NA,5,5,3.143,1,0,29.24,26.896,5.332,245AAA0666BC08AE,Schmeeckle 2025 Master.csv,LPI\10 09\20251006,245AAA0666BC08AE_20251006_095828T.WAV,245AAA0666BC08AE_20251006_095828_000T.wav,NA,C:\Users\Nancy\Desktop\Bat Files,C:\Users\Nancy\Desktop\AutoID\10 09 Output,2,27.638,915.149,27.506,1.352,201.64,2.335,1.4,NA,2025-10-06T09:58:28Z,LASNOC,2025-10-05
LPI,2025-10-06T10:00:06Z,2025-10-06,05:00:06,5,LASNOC,0.625,27.642,-24.38,0,0.262446,EPTFUS,LASCIN,NA,NA,8,8,3.191,1,0,29.529,26.838,8.66,245AAA0666BC08AE,Schmeeckle 2025 Master.csv,LPI\10 09\20251006,245AAA0666BC08AE_20251006_100006T.WAV,245AAA0666BC08AE_20251006_100006_000T.wav,NA,C:\Users\Nancy\Desktop\Bat Files,C:\Users\Nancy\Desktop\AutoID\10 09 Output,5,27.708,285.217,27.586,1.603,101.85,2.557,3.37,NA,2025-10-06T10:00:06Z,LASNOC,2025-10-05
LPI,2025-10-06T10:00:20Z,2025-10-06,05:00:20,5,LASNOC,1,28.055,28.03,0,0.362006,EPTFUS,LASCIN,NA,NA,4,4,3.068,1,0,35.94,27.701,8.318667,245AAA0666BC08AE,Schmeeckle 2025 Master.csv,LPI\10 09\20251006,245AAA0666BC08AE_20251006_100020T.WAV,245AAA0666BC08AE_20251006_100020_000T.wav,NA,C:\Users\Nancy\Desktop\Bat Files,C:\Users\Nancy\Desktop\AutoID\10 09 Output,4,29.993,1487.493,28.311,2.141,378.58,2.849,1.53,NA,2025-10-06T10:00:20Z,LASNOC,2025-10-05
LPI,2025-10-06T10:00:34Z,2025-10-06,05:00:34,5,LASNOC,0.778,27.606,11.3,0,0.397589,EPTFUS,LASCIN,NA,NA,9,9,6.942,1,0,36.001,27.052,7.210667,245AAA0666BC08AE,Schmeeckle 2025 Master.csv,LPI\10 09\20251006,245AAA0666BC08AE_20251006_100034T.WAV,245AAA0666BC08AE_20251006_100034_000T.wav,NA,C:\Users\Nancy\Desktop\Bat Files,C:\Users\Nancy\Desktop\AutoID\10 09 Output,7,29.445,232.565,27.949,4.392,224.74,6.153,2.07,NA,2025-10-06T10:00:34Z,LASNOC,2025-10-05
LPI,2025-10-06T10:01:02Z,2025-10-06,05:01:02,5,LASNOC,1,26.972,31.24,0,0.335515,EPTFUS,LASCIN,NA,NA,4,4,3.086,1,0,28.525,26.696,7.721333,245AAA0666BC08AE,Schmeeckle 2025 Master.csv,LPI\10 09\20251006,245AAA0666BC08AE_20251006_100102T.WAV,245AAA0666BC08AE_20251006_100102_000T.wav,NA,C:\Users\Nancy\Desktop\Bat Files,C:\Users\Nancy\Desktop\AutoID\10 09 Output,4,27.47,1155.052,27.77,1.072,-20.38,2.603,2.26,NA,2025-10-06T10:01:02Z,LASNOC,2025-10-05
LPI,2025-10-06T10:01:44Z,2025-10-06,05:01:44,5,LASNOC,0.8,28.194,10,0,0.358212,EPTFUS,LASCIN,NA,NA,5,5,4.505,1,0,32.985,27.818,8.318667,245AAA0666BC08AE,Schmeeckle 2025 Master.csv,LPI\10 09\20251006,245AAA0666BC08AE_20251006_100144T.WAV,245AAA0666BC08AE_20251006_100144_000T.wav,NA,C:\Users\Nancy\Desktop\Bat Files,C:\Users\Nancy\Desktop\AutoID\10 09 Output,4,29.158,551.002,28.477,2.773,188.3,4.218,1.71,NA,2025-10-06T10:01:44Z,LASNOC,2025-10-05
LPI,2025-10-06T10:02:12Z,2025-10-06,05:02:12,5,LASNOC,0.75,27.552,32.3,0,0.367572,EPTFUS,LASCIN,NA,NA,4,4,5.423,1,0,43.589,27.415,9,245AAA0666BC08AE,Schmeeckle 2025 Master.csv,LPI\10 09\20251006,245AAA0666BC08AE_20251006_100212T.WAV,245AAA0666BC08AE_20251006_100212_000T.wav,NA,C:\Users\Nancy\Desktop\Bat Files,C:\Users\Nancy\Desktop\AutoID\10 09 Output,3,31.238,170.445,28.354,3.759,533.2,5.2,0.97,NA,2025-10-06T10:02:12Z,LASNOC,2025-10-05
LPI,2025-10-06T10:02:54Z,2025-10-06,05:02:54,5,LASNOC,0.857,28.736,22.48,0,0.348888,EPTFUS,LASCIN,NA,NA,7,7,4.176,1,0,43.683,28.114,8.233333,245AAA0666BC08AE,Schmeeckle 2025 Master.csv,LPI\10 09\20251006,245AAA0666BC08AE_20251006_100254T.WAV,245AAA0666BC08AE_20251006_100254_000T.wav,NA,C:\Users\Nancy\Desktop\Bat Files,C:\Users\Nancy\Desktop\AutoID\10 09 Output,6,32.376,200.901,29.373,2.968,419.93,3.824,2.85,NA,2025-10-06T10:02:54Z,LASNOC,2025-10-05
LPI,2025-10-06T10:03:08Z,2025-10-06,05:03:08,5,LASNOC,0.364,28.382,30.77,0,0.239419,EPTFUS,LASCIN,NA,NA,11,11,3.751,1,0,34.259,27.736,9,245AAA0666BC08AE,Schmeeckle 2025 Master.csv,LPI\10 09\20251006,245AAA0666BC08AE_20251006_100308T.WAV,245AAA0666BC08AE_20251006_100308_000T.wav,NA,C:\Users\Nancy\Desktop\Bat Files,C:\Users\Nancy\Desktop\AutoID\10 09 Output,4,29.664,818.251,29.076,2.077,276.72,3.334,2.98,NA,2025-10-06T10:03:08Z,LASNOC,2025-10-05
LPI,2025-10-06T10:04:18Z,2025-10-06,05:04:18,5,LASNOC,0.714,27.409,13.78,0,0.327391,EPTFUS,LASCIN,NA,NA,7,7,5.587,1,0,37.047,27.097,7.126667,245AAA0666BC08AE,Schmeeckle 2025 Master.csv,LPI\10 09\20251006,245AAA0666BC08AE_20251006_100418T.WAV,245AAA0666BC08AE_20251006_100418_000T.wav,NA,C:\Users\Nancy\Desktop\Bat Files,C:\Users\Nancy\Desktop\AutoID\10 09 Output,5,29.446,262.389,27.861,4.089,348.92,5.107,2.04,NA,2025-10-06T10:04:18Z,LASNOC,2025-10-05
LPI,2025-10-06T10:04:46Z,2025-10-06,05:04:46,5,EPTFUS,0.714,28.634,40.12,0,0.319185,LASNOC,NA,NA,NA,7,7,5.293,1,0,38.976,28.2,6.357333,245AAA0666BC08AE,Schmeeckle 2025 Master.csv,LPI\10 09\20251006,245AAA0666BC08AE_20251006_100446T.WAV,245AAA0666BC08AE_20251006_100446_000T.wav,NA,C:\Users\Nancy\Desktop\Bat Files,C:\Users\Nancy\Desktop\AutoID\10 09 Output,5,31.35,264.447,29.285,3.861,302.46,4.864,3.03,NA,2025-10-06T10:04:46Z,EPTFUS,2025-10-05
LPI,2025-10-06T10:05:28Z,2025-10-06,05:05:28,5,EPTFUS,0.625,28.155,17.7,0,0.298964,LASNOC,LASCIN,NA,NA,8,8,4.868,1,0,37.222,27.496,9,245AAA0666BC08AE,Schmeeckle 2025 Master.csv,LPI\10 09\20251006,245AAA0666BC08AE_20251006_100528T.WAV,245AAA0666BC08AE_20251006_100528_000T.wav,NA,C:\Users\Nancy\Desktop\Bat Files,C:\Users\Nancy\Desktop\AutoID\10 09 Output,5,30.311,135.697,28.706,3.054,274.51,4.342,1.69,NA,2025-10-06T10:05:28Z,EPTFUS,2025-10-05
LPI,2025-10-06T10:06:38Z,2025-10-06,05:06:38,5,LASNOC,0.647,28.407,36.45,0,0.280454,EPTFUS,LASCIN,NA,NA,17,17,4.108,1,0,40.753,27.902,6.441333,245AAA0666BC08AE,Schmeeckle 2025 Master.csv,LPI\10 09\20251006,245AAA0666BC08AE_20251006_100638T.WAV,245AAA0666BC08AE_20251006_100638_000T.wav,NA,C:\Users\Nancy\Desktop\Bat Files,C:\Users\Nancy\Desktop\AutoID\10 09 Output,11,31.383,166.386,29.242,2.753,367.21,3.759,4.98,NA,2025-10-06T10:06:38Z,LASNOC,2025-10-05
LPI,2025-10-06T10:07:34Z,2025-10-06,05:07:34,5,LASNOC,0.571,28.309,19.68,0,0.307304,EPTFUS,LASCIN,NA,NA,14,14,4.574,1,0,37.386,27.489,5.929333,245AAA0666BC08AE,Schmeeckle 2025 Master.csv,LPI\10 09\20251006,245AAA0666BC08AE_20251006_100734T.WAV,245AAA0666BC08AE_20251006_100734_000T.wav,NA,C:\Users\Nancy\Desktop\Bat Files,C:\Users\Nancy\Desktop\AutoID\10 09 Output,8,30.352,207.191,28.902,3.082,299.95,4.028,3.54,NA,2025-10-06T10:07:34Z,LASNOC,2025-10-05
LPI,2025-10-06T10:08:30Z,2025-10-06,05:08:30,5,LASNOC,0.583,29.094,88.55,0,0.202106,EPTFUS,LASCIN,NA,NA,12,12,3.319,1,0,44.411,27.98,9,245AAA0666BC08AE,Schmeeckle 2025 Master.csv,LPI\10 09\20251006,245AAA0666BC08AE_20251006_100830T.WAV,245AAA0666BC08AE_20251006_100830_000T.wav,NA,C:\Users\Nancy\Desktop\Bat Files,C:\Users\Nancy\Desktop\AutoID\10 09 Output,7,33.385,206.943,30.249,2.491,426.42,3.088,3.44,NA,2025-10-06T10:08:30Z,LASNOC,2025-10-05
LPI,2025-10-06T10:08:44Z,2025-10-06,05:08:44,5,EPTFUS,0.5,27.179,18.65,0,0.427369,LASNOC,LASCIN,NA,NA,2,2,4.29,1,0,34.169,27.076,9,245AAA0666BC08AE,Schmeeckle 2025 Master.csv,LPI\10 09\20251006,245AAA0666BC08AE_20251006_100844T.WAV,245AAA0666BC08AE_20251006_100844_000T.wav,NA,C:\Users\Nancy\Desktop\Bat Files,C:\Users\Nancy\Desktop\AutoID\10 09 Output,1,29.044,207.626,27.635,3.046,222.48,4.29,0.47,NA,2025-10-06T10:08:44Z,EPTFUS,2025-10-05
LPI,2025-10-06T10:08:58Z,2025-10-06,05:08:58,5,LASNOC,0.5,28.629,64.77,0,0.321553,EPTFUS,LASCIN,NA,NA,2,2,2.46,1,0,35.57,27.259,5.334667,245AAA0666BC08AE,Schmeeckle 2025 Master.csv,LPI\10 09\20251006,245AAA0666BC08AE_20251006_100858T.WAV,245AAA0666BC08AE_20251006_100858_000T.wav,NA,C:\Users\Nancy\Desktop\Bat Files,C:\Users\Nancy\Desktop\AutoID\10 09 Output,1,30.083,165.242,29.764,1.331,288.15,1.95,0.55,NA,2025-10-06T10:08:58Z,LASNOC,2025-10-05
LPI,2025-10-06T10:09:12Z,2025-10-06,05:09:12,5,LASNOC,0.571,26.725,28.33,0,0.327999,LASCIN,EPTFUS,NA,NA,7,7,4.984,1,0,32.62,26.238,5.332,245AAA0666BC08AE,Schmeeckle 2025 Master.csv,LPI\10 09\20251006,245AAA0666BC08AE_20251006_100912T.WAV,245AAA0666BC08AE_20251006_100912_000T.wav,NA,C:\Users\Nancy\Desktop\Bat Files,C:\Users\Nancy\Desktop\AutoID\10 09 Output,4,27.915,460.998,27.166,3.241,186.76,4.283,1.73,NA,2025-10-06T10:09:12Z,LASNOC,2025-10-05
LPI,2025-10-06T10:09:26Z,2025-10-06,05:09:26,5,LASNOC,0.5,26.703,48.43,0,0.383254,EPTFUS,LASCIN,NA,NA,4,4,4.304,1,0,37.405,26.522,9,245AAA0666BC08AE,Schmeeckle 2025 Master.csv,LPI\10 09\20251006,245AAA0666BC08AE_20251006_100926T.WAV,245AAA0666BC08AE_20251006_100926_000T.wav,NA,C:\Users\Nancy\Desktop\Bat Files,C:\Users\Nancy\Desktop\AutoID\10 09 Output,2,29.179,448.819,27.681,2.895,392.89,4.084,1.37,NA,2025-10-06T10:09:26Z,LASNOC,2025-10-05
LPI,2025-10-06T10:09:40Z,2025-10-06,05:09:40,5,LASNOC,0.615,27.32,48.44,0,0.319212,EPTFUS,LASCIN,NA,NA,13,13,3.851,1,0,37.155,27.088,8.574667,245AAA0666BC08AE,Schmeeckle 2025 Master.csv,LPI\10 09\20251006,245AAA0666BC08AE_20251006_100940T.WAV,245AAA0666BC08AE_20251006_100940_000T.wav,NA,C:\Users\Nancy\Desktop\Bat Files,C:\Users\Nancy\Desktop\AutoID\10 09 Output,8,30.027,546.745,28.549,2.658,370.23,3.759,3.6,NA,2025-10-06T10:09:40Z,LASNOC,2025-10-05
LPI,2025-10-06T10:11:46Z,2025-10-06,05:11:46,5,LASNOC,0.6,28.308,1.74,0,0.32677,EPTFUS,LASCIN,NA,NA,5,5,3.963,1,0,33.041,27.582,6.357333,245AAA0666BC08AE,Schmeeckle 2025 Master.csv,LPI\10 09\20251006,245AAA0666BC08AE_20251006_101146T.WAV,245AAA0666BC08AE_20251006_101146_000T.wav,NA,C:\Users\Nancy\Desktop\Bat Files,C:\Users\Nancy\Desktop\AutoID\10 09 Output,3,29.075,801.3,28.415,2.225,136.2,2.929,1.41,NA,2025-10-06T10:11:46Z,LASNOC,2025-10-05
LPI,2025-10-06T10:12:00Z,2025-10-06,05:12:00,5,LASNOC,0.778,27.686,9.1,0,0.328331,EPTFUS,LASCIN,NA,NA,9,9,5.458,1,0,32.18,27.188,4.649333,245AAA0666BC08AE,Schmeeckle 2025 Master.csv,LPI\10 09\20251006,245AAA0666BC08AE_20251006_101200T.WAV,245AAA0666BC08AE_20251006_101200_000T.wav,NA,C:\Users\Nancy\Desktop\Bat Files,C:\Users\Nancy\Desktop\AutoID\10 09 Output,7,28.673,223.596,28.06,3.312,154.42,5.018,2.76,NA,2025-10-06T10:12:00Z,LASNOC,2025-10-05
LPI,2025-10-06T10:12:14Z,2025-10-06,05:12:14,5,LASNOC,1,27.236,13.6,0,0.38564,LASCIN,EPTFUS,NA,NA,6,6,4.421,1,0,28.752,27.038,5.076,245AAA0666BC08AE,Schmeeckle 2025 Master.csv,LPI\10 09\20251006,245AAA0666BC08AE_20251006_101214T.WAV,245AAA0666BC08AE_20251006_101214_000T.wav,NA,C:\Users\Nancy\Desktop\Bat Files,C:\Users\Nancy\Desktop\AutoID\10 09 Output,6,27.617,246.945,27.664,2.08,108.15,3.619,1.21,NA,2025-10-06T10:12:14Z,LASNOC,2025-10-05
LPI,2025-10-06T10:17:36Z,2025-10-06,05:17:36,5,LASNOC,1,27.935,29.96,0,0.345579,EPTFUS,NA,NA,NA,2,2,4.051,1,0,39.062,27.934,9,245AAA0666BC08AE,Schmeeckle 2025 Master.csv,LPI\10 09\20251006,245AAA0666BC08AE_20251006_101736T.WAV,245AAA0666BC08AE_20251006_101736_000T.wav,NA,C:\Users\Nancy\Desktop\Bat Files,C:\Users\Nancy\Desktop\AutoID\10 09 Output,2,30.501,338.999,28.177,3.201,410.26,3.91,0.92,NA,2025-10-06T10:17:36Z,LASNOC,2025-10-05
LPI,2025-10-06T10:19:00Z,2025-10-06,05:19:00,5,LASNOC,0.667,27.627,32.3,0,0.247087,EPTFUS,LASCIN,NA,NA,3,3,3.413,1,0,29.507,27.19,9,245AAA0666BC08AE,Schmeeckle 2025 Master.csv,LPI\10 09\20251006,245AAA0666BC08AE_20251006_101900T.WAV,245AAA0666BC08AE_20251006_101900_000T.wav,NA,C:\Users\Nancy\Desktop\Bat Files,C:\Users\Nancy\Desktop\AutoID\10 09 Output,2,28.149,467.908,28.082,1.686,216.68,2.642,1.49,NA,2025-10-06T10:19:00Z,LASNOC,2025-10-05
LPI,2025-10-06T10:19:14Z,2025-10-06,05:19:14,5,LASNOC,0.833,26.56,12.5,0,0.327419,LASCIN,EPTFUS,NA,NA,12,12,5.106,1,0,29.468,26.276,9,245AAA0666BC08AE,Schmeeckle 2025 Master.csv,LPI\10 09\20251006,245AAA0666BC08AE_20251006_101914T.WAV,245AAA0666BC08AE_20251006_101914_000T.wav,NA,C:\Users\Nancy\Desktop\Bat Files,C:\Users\Nancy\Desktop\AutoID\10 09 Output,10,27.231,353.164,26.892,3.182,73.55,4.417,4.12,NA,2025-10-06T10:19:14Z,LASNOC,2025-10-05
LPI,2025-10-06T10:20:52Z,2025-10-06,05:20:52,5,LASNOC,0.733,28.469,30.28,0,0.300686,EPTFUS,LASCIN,NA,NA,15,15,3.645,1,0,35.257,27.927,6.272,245AAA0666BC08AE,Schmeeckle 2025 Master.csv,LPI\10 09\20251006,245AAA0666BC08AE_20251006_102052T.WAV,245AAA0666BC08AE_20251006_102052_000T.wav,NA,C:\Users\Nancy\Desktop\Bat Files,C:\Users\Nancy\Desktop\AutoID\10 09 Output,11,30.127,432.112,29.035,2.142,209.61,2.945,4.47,NA,2025-10-06T10:20:52Z,LASNOC,2025-10-05
LPI,2025-10-06T10:21:06Z,2025-10-06,05:21:06,5,LASNOC,0.7,26.576,22.87,0,0.308877,LASCIN,EPTFUS,NA,NA,10,10,5.34,1,0,30.586,26.137,6.272,245AAA0666BC08AE,Schmeeckle 2025 Master.csv,LPI\10 09\20251006,245AAA0666BC08AE_20251006_102106T.WAV,245AAA0666BC08AE_20251006_102106_000T.wav,NA,C:\Users\Nancy\Desktop\Bat Files,C:\Users\Nancy\Desktop\AutoID\10 09 Output,7,27.332,415.004,27.036,3.265,238.43,4.474,1.98,NA,2025-10-06T10:21:06Z,LASNOC,2025-10-05
LPI,2025-10-06T10:23:26Z,2025-10-06,05:23:26,5,LASNOC,0.5,27.722,16,0,0.327221,EPTFUS,LASCIN,NA,NA,4,4,4.306,1,0,32.318,27.411,9,245AAA0666BC08AE,Schmeeckle 2025 Master.csv,LPI\10 09\20251006,245AAA0666BC08AE_20251006_102326T.WAV,245AAA0666BC08AE_20251006_102326_000T.wav,NA,C:\Users\Nancy\Desktop\Bat Files,C:\Users\Nancy\Desktop\AutoID\10 09 Output,2,28.824,1228.33,28.474,2.372,193.98,3.834,1.53,NA,2025-10-06T10:23:26Z,LASNOC,2025-10-05
LPI,2025-10-06T10:23:40Z,2025-10-06,05:23:40,5,LASNOC,0.5,28.889,50.84,0,0.484881,EPTFUS,NA,NA,NA,2,2,2.443,1,0,36.153,28.68,8.32,245AAA0666BC08AE,Schmeeckle 2025 Master.csv,LPI\10 09\20251006,245AAA0666BC08AE_20251006_102340T.WAV,245AAA0666BC08AE_20251006_102340_000T.wav,NA,C:\Users\Nancy\Desktop\Bat Files,C:\Users\Nancy\Desktop\AutoID\10 09 Output,1,31.038,114.332,29.968,1.548,339.36,2.443,0.71,NA,2025-10-06T10:23:40Z,LASNOC,2025-10-05
LPI,2025-10-06T10:23:54Z,2025-10-06,05:23:54,5,LASNOC,0.727,27.343,22.22,0,0.371623,EPTFUS,LASCIN,NA,NA,11,11,5.095,1,0,31.889,26.974,7.381333,245AAA0666BC08AE,Schmeeckle 2025 Master.csv,LPI\10 09\20251006,245AAA0666BC08AE_20251006_102354T.WAV,245AAA0666BC08AE_20251006_102354_000T.wav,NA,C:\Users\Nancy\Desktop\Bat Files,C:\Users\Nancy\Desktop\AutoID\10 09 Output,8,28.447,240.196,27.658,3.7,136,4.579,2.49,NA,2025-10-06T10:23:54Z,LASNOC,2025-10-05
LPI,2025-10-06T10:26:42Z,2025-10-06,05:26:42,5,LASNOC,0.889,27.672,17.68,0,0.243635,EPTFUS,LASCIN,NA,NA,9,9,3.986,1,0,32.005,27.346,8.745333,245AAA0666BC08AE,Schmeeckle 2025 Master.csv,LPI\10 09\20251006,245AAA0666BC08AE_20251006_102642T.WAV,245AAA0666BC08AE_20251006_102642_000T.wav,NA,C:\Users\Nancy\Desktop\Bat Files,C:\Users\Nancy\Desktop\AutoID\10 09 Output,8,28.648,1001.266,28.159,2.389,185.13,3.514,2.69,NA,2025-10-06T10:26:42Z,LASNOC,2025-10-05
LPI,2025-10-06T10:32:04Z,2025-10-06,05:32:04,5,EPTFUS,0.429,26.931,25.81,0,0.292457,LASNOC,LASCIN,NA,NA,7,7,5.229,1,0,32.606,26.417,9,245AAA0666BC08AE,Schmeeckle 2025 Master.csv,LPI\10 09\20251006,245AAA0666BC08AE_20251006_103204T.WAV,245AAA0666BC08AE_20251006_103204_000T.wav,NA,C:\Users\Nancy\Desktop\Bat Files,C:\Users\Nancy\Desktop\AutoID\10 09 Output,3,28.082,307.502,27.575,2.854,177,4.204,1.87,NA,2025-10-06T10:32:04Z,EPTFUS,2025-10-05
LPI,2025-10-06T10:35:06Z,2025-10-06,05:35:06,5,LASNOC,0.667,26.24,14.35,0,0.286592,LASCIN,EPTFUS,NA,NA,3,3,3.556,1,0,27.441,26.034,3.456,245AAA0666BC08AE,Schmeeckle 2025 Master.csv,LPI\10 09\20251006,245AAA0666BC08AE_20251006_103506T.WAV,245AAA0666BC08AE_20251006_103506_000T.wav,NA,C:\Users\Nancy\Desktop\Bat Files,C:\Users\Nancy\Desktop\AutoID\10 09 Output,2,26.527,636.442,26.644,1.436,34.71,3.003,0.87,NA,2025-10-06T10:35:06Z,LASNOC,2025-10-05
LPI,2025-10-06T10:43:30Z,2025-10-06,05:43:30,5,LASNOC,1,28.421,10.57,0,0.421068,EPTFUS,LASCIN,NA,NA,3,3,4.139,1,0,31.971,27.431,2.688,245AAA0666BC08AE,Schmeeckle 2025 Master.csv,LPI\10 09\20251006,245AAA0666BC08AE_20251006_104330T.WAV,245AAA0666BC08AE_20251006_104330_000T.wav,NA,C:\Users\Nancy\Desktop\Bat Files,C:\Users\Nancy\Desktop\AutoID\10 09 Output,3,28.801,228.003,29.152,1.082,152.93,2.905,0.93,NA,2025-10-06T10:43:30Z,LASNOC,2025-10-05
LPI,2025-10-06T10:54:28Z,2025-10-06,05:54:28,5,EPTFUS,0.333,25.845,35.68,0,0.323301,LASNOC,LASCIN,NA,NA,3,3,3.937,1,0,28.199,25.338,8.576,245AAA0666BC08AE,Schmeeckle 2025 Master.csv,LPI\10 09\20251006,245AAA0666BC08AE_20251006_105428T.WAV,245AAA0666BC08AE_20251006_105428_000T.wav,NA,C:\Users\Nancy\Desktop\Bat Files,C:\Users\Nancy\Desktop\AutoID\10 09 Output,1,26.414,215.261,26.553,1.814,145.18,3.039,1.07,NA,2025-10-06T10:54:28Z,EPTFUS,2025-10-05
LPI,2025-10-06T11:14:18Z,2025-10-06,06:14:18,6,LASNOC,0.667,27.442,30.44,0,0.269459,EPTFUS,LASCIN,NA,NA,3,3,3.389,1,0,29.471,27.223,4.905333,245AAA0666BC08AE,Schmeeckle 2025 Master.csv,LPI\10 09\20251006,245AAA0666BC08AE_20251006_111418T.WAV,245AAA0666BC08AE_20251006_111418_000T.wav,NA,C:\Users\Nancy\Desktop\Bat Files,C:\Users\Nancy\Desktop\AutoID\10 09 Output,2,27.99,2297.621,28.059,1.648,107.55,2.955,0.8,NA,2025-10-06T11:14:18Z,LASNOC,2025-10-05
LPI,2025-10-06T23:57:38Z,2025-10-06,18:57:38,18,LASNOC,0.6,26.336,6.73,0,0.261799,LASCIN,EPTFUS,NA,NA,5,5,4.893,1,0,27.775,25.821,7.808,245AAA0666BC08AE,Schmeeckle 2025 Master.csv,LPI\10 09\20251006,245AAA0666BC08AE_20251006_235738T.WAV,245AAA0666BC08AE_20251006_235738_000T.wav,NA,C:\Users\Nancy\Desktop\Bat Files,C:\Users\Nancy\Desktop\AutoID\10 09 Output,3,26.538,562.838,26.463,2.668,93.41,3.917,1.5,NA,2025-10-06T23:57:38Z,LASNOC,2025-10-06
LPI,2025-10-06T23:59:44Z,2025-10-06,18:59:44,18,LASNOC,0.706,26.166,15.16,0,0.283824,LASCIN,EPTFUS,NA,NA,17,17,6.293,1,0,29.226,25.802,4.393333,245AAA0666BC08AE,Schmeeckle 2025 Master.csv,LPI\10 09\20251006,245AAA0666BC08AE_20251006_235944T.WAV,245AAA0666BC08AE_20251006_235944_000T.wav,NA,C:\Users\Nancy\Desktop\Bat Files,C:\Users\Nancy\Desktop\AutoID\10 09 Output,12,26.591,276.778,26.489,3.701,136.75,5.332,3.55,NA,2025-10-06T23:59:44Z,LASNOC,2025-10-06
LPI,2025-10-07T00:04:24Z,2025-10-06,19:04:24,19,LASNOC,0.667,25.793,8.6,0,0.321135,LASCIN,EPTFUS,NA,NA,12,12,7.638,1,0,30.3,25.378,3.881333,245AAA0666BC08AE,Schmeeckle 2025 Master.csv,LPI\10 09\20251007,245AAA0666BC08AE_20251007_000424T.WAV,245AAA0666BC08AE_20251007_000424_000T.wav,NA,C:\Users\Nancy\Desktop\Bat Files,C:\Users\Nancy\Desktop\AutoID\10 09 Output,8,26.703,211.509,26.054,5.126,172.84,6.519,3.23,NA,2025-10-07T00:04:24Z,LASNOC,2025-10-06
LPI,2025-10-07T00:10:14Z,2025-10-06,19:10:14,19,LASNOC,0.6,27.698,65.91,0,0.253902,EPTFUS,LASCIN,NA,NA,25,25,4.2,1,0,41.599,26.817,5.844,245AAA0666BC08AE,Schmeeckle 2025 Master.csv,LPI\10 09\20251007,245AAA0666BC08AE_20251007_001014T.WAV,245AAA0666BC08AE_20251007_001014_000T.wav,NA,C:\Users\Nancy\Desktop\Bat Files,C:\Users\Nancy\Desktop\AutoID\10 09 Output,15,31.174,185.185,29.152,2.698,422.19,3.757,5.83,NA,2025-10-07T00:10:14Z,LASNOC,2025-10-06
LPI,2025-10-07T00:10:28Z,2025-10-06,19:10:28,19,LASCIN,1,24.815,36.96,0,0.314388,EPTFUS,LASNOC,NA,NA,4,4,4.95,1,0,25.949,24.602,7.722667,245AAA0666BC08AE,Schmeeckle 2025 Master.csv,LPI\10 09\20251007,245AAA0666BC08AE_20251007_001028T.WAV,245AAA0666BC08AE_20251007_001028_000T.wav,NA,C:\Users\Nancy\Desktop\Bat Files,C:\Users\Nancy\Desktop\AutoID\10 09 Output,4,25.22,839.552,25.384,2.909,78.65,3.87,1.08,NA,2025-10-07T00:10:28Z,LASCIN,2025-10-06
LPI,2025-10-07T00:10:42Z,2025-10-06,19:10:42,19,LASNOC,0.333,25.449,6.55,0,0.209357,LASCIN,EPTFUS,NA,NA,15,15,3.423,1,0,26.481,24.959,8.148,245AAA0666BC08AE,Schmeeckle 2025 Master.csv,LPI\10 09\20251007,245AAA0666BC08AE_20251007_001042T.WAV,245AAA0666BC08AE_20251007_001042_000T.wav,NA,C:\Users\Nancy\Desktop\Bat Files,C:\Users\Nancy\Desktop\AutoID\10 09 Output,5,25.685,343.754,25.671,1.461,-0.43,2.59,3.35,NA,2025-10-07T00:10:42Z,LASNOC,2025-10-06
LPI,2025-10-07T00:10:56Z,2025-10-06,19:10:56,19,LASCIN,1,21.129,-3.93,0,0.452202,NA,NA,NA,NA,6,6,3.723,1,0,21.501,20.944,6.953333,245AAA0666BC08AE,Schmeeckle 2025 Master.csv,LPI\10 09\20251007,245AAA0666BC08AE_20251007_001056T.WAV,245AAA0666BC08AE_20251007_001056_000T.wav,NA,C:\Users\Nancy\Desktop\Bat Files,C:\Users\Nancy\Desktop\AutoID\10 09 Output,6,21.128,947.455,21.092,1.198,38.7,3.217,1.65,NA,2025-10-07T00:10:56Z,LASCIN,2025-10-06
LPI,2025-10-07T00:11:10Z,2025-10-06,19:11:10,19,LASCIN,1,21.007,5.55,0,0.423281,NA,NA,NA,NA,8,8,3.428,1,0,21.454,20.721,8.489333,245AAA0666BC08AE,Schmeeckle 2025 Master.csv,LPI\10 09\20251007,245AAA0666BC08AE_20251007_001110T.WAV,245AAA0666BC08AE_20251007_001110_000T.wav,NA,C:\Users\Nancy\Desktop\Bat Files,C:\Users\Nancy\Desktop\AutoID\10 09 Output,8,21.013,672.81,21.091,1.332,50.14,2.545,2.05,NA,2025-10-07T00:11:10Z,LASCIN,2025-10-06
LPI,2025-10-07T01:48:28Z,2025-10-06,20:48:28,20,LASNOC,0.933,28.893,27.07,0,0.298648,EPTFUS,LASCIN,NA,NA,15,15,4.022,1,0,37.596,28.226,6.869333,245AAA0666BC08AE,Schmeeckle 2025 Master.csv,LPI\10 09\20251007,245AAA0666BC08AE_20251007_014828T.WAV,245AAA0666BC08AE_20251007_014828_000T.wav,NA,C:\Users\Nancy\Desktop\Bat Files,C:\Users\Nancy\Desktop\AutoID\10 09 Output,14,31.129,307.371,29.316,2.96,226.37,3.596,6.64,NA,2025-10-07T01:48:28Z,LASNOC,2025-10-06
LPI,2025-10-07T01:49:24Z,2025-10-06,20:49:24,20,LASNOC,0.875,27.719,27.1,0,0.325162,EPTFUS,LASCIN,NA,NA,8,8,5.458,1,0,33.263,27.284,6.101333,245AAA0666BC08AE,Schmeeckle 2025 Master.csv,LPI\10 09\20251007,245AAA0666BC08AE_20251007_014924T.WAV,245AAA0666BC08AE_20251007_014924_000T.wav,NA,C:\Users\Nancy\Desktop\Bat Files,C:\Users\Nancy\Desktop\AutoID\10 09 Output,7,28.957,546.288,28.331,3.381,186.37,4.471,3.02,NA,2025-10-07T01:49:24Z,LASNOC,2025-10-06
LPI,2025-10-07T01:49:38Z,2025-10-06,20:49:38,20,LASNOC,1,27.126,5.11,0,0.334831,LASCIN,EPTFUS,NA,NA,2,2,4.937,1,0,29.238,26.544,7.724,245AAA0666BC08AE,Schmeeckle 2025 Master.csv,LPI\10 09\20251007,245AAA0666BC08AE_20251007_014938T.WAV,245AAA0666BC08AE_20251007_014938_000T.wav,NA,C:\Users\Nancy\Desktop\Bat Files,C:\Users\Nancy\Desktop\AutoID\10 09 Output,2,27.588,360.405,27.269,3.987,134.93,4.937,1.33,NA,2025-10-07T01:49:38Z,LASNOC,2025-10-06
LPI,2025-10-07T01:51:58Z,2025-10-06,20:51:58,20,LASNOC,1,28.435,11.39,0,0.391891,EPTFUS,LASCIN,NA,NA,2,2,3.549,1,0,29.975,27.979,8.830667,245AAA0666BC08AE,Schmeeckle 2025 Master.csv,LPI\10 09\20251007,245AAA0666BC08AE_20251007_015158T.WAV,245AAA0666BC08AE_20251007_015158_000T.wav,NA,C:\Users\Nancy\Desktop\Bat Files,C:\Users\Nancy\Desktop\AutoID\10 09 Output,2,28.76,410.562,28.76,1.588,-60.82,2.562,0.51,NA,2025-10-07T01:51:58Z,LASNOC,2025-10-06
LPI,2025-10-07T01:53:08Z,2025-10-06,20:53:08,20,LASNOC,0.727,28.546,20.38,0,0.323579,EPTFUS,LASCIN,NA,NA,11,11,4.396,1,0,37.1,28.087,8.66,245AAA0666BC08AE,Schmeeckle 2025 Master.csv,LPI\10 09\20251007,245AAA0666BC08AE_20251007_015308T.WAV,245AAA0666BC08AE_20251007_015308_000T.wav,NA,C:\Users\Nancy\Desktop\Bat Files,C:\Users\Nancy\Desktop\AutoID\10 09 Output,8,30.404,429.244,29.138,2.937,312.23,3.975,4.59,NA,2025-10-07T01:53:08Z,LASNOC,2025-10-06
LPI,2025-10-07T01:54:18Z,2025-10-06,20:54:18,20,LASNOC,0.5,28.68,-18.27,0,0.328302,EPTFUS,LASCIN,NA,NA,2,2,3.063,1,0,31.928,28.223,9,245AAA0666BC08AE,Schmeeckle 2025 Master.csv,LPI\10 09\20251007,245AAA0666BC08AE_20251007_015418T.WAV,245AAA0666BC08AE_20251007_015418_000T.wav,NA,C:\Users\Nancy\Desktop\Bat Files,C:\Users\Nancy\Desktop\AutoID\10 09 Output,1,29.193,432.831,28.477,2.217,197.34,2.777,0.91,NA,2025-10-07T01:54:18Z,LASNOC,2025-10-06
LPI,2025-10-07T01:54:32Z,2025-10-06,20:54:32,20,LASNOC,0.806,28.639,37.58,0,0.277164,EPTFUS,LASCIN,NA,NA,31,31,3.556,1,0,40.182,28.251,9,245AAA0666BC08AE,Schmeeckle 2025 Master.csv,LPI\10 09\20251007,245AAA0666BC08AE_20251007_015432T.WAV,245AAA0666BC08AE_20251007_015432_000T.wav,NA,C:\Users\Nancy\Desktop\Bat Files,C:\Users\Nancy\Desktop\AutoID\10 09 Output,25,31.68,189.357,29.51,2.289,358.56,3.217,8.48,NA,2025-10-07T01:54:32Z,LASNOC,2025-10-06
LPI,2025-10-07T01:54:46Z,2025-10-06,20:54:46,20,LASNOC,0.696,28.128,51.01,0,0.238344,EPTFUS,LASCIN,NA,NA,23,23,4.509,1,0,39.94,27.752,9,245AAA0666BC08AE,Schmeeckle 2025 Master.csv,LPI\10 09\20251007,245AAA0666BC08AE_20251007_015446T.WAV,245AAA0666BC08AE_20251007_015446_000T.wav,NA,C:\Users\Nancy\Desktop\Bat Files,C:\Users\Nancy\Desktop\AutoID\10 09 Output,16,31.131,189.872,29.109,3.424,396.06,4.298,6.7,NA,2025-10-07T01:54:46Z,LASNOC,2025-10-06
LPI,2025-10-07T02:00:08Z,2025-10-06,21:00:08,21,LASNOC,1,26.673,16.55,0,0.414444,LASCIN,EPTFUS,NA,NA,7,7,5.872,1,0,29.53,26.485,5.248,245AAA0666BC08AE,Schmeeckle 2025 Master.csv,LPI\10 09\20251007,245AAA0666BC08AE_20251007_020008T.WAV,245AAA0666BC08AE_20251007_020008_000T.wav,NA,C:\Users\Nancy\Desktop\Bat Files,C:\Users\Nancy\Desktop\AutoID\10 09 Output,7,27.422,398.354,27.472,2.809,135.66,5.221,1.11,NA,2025-10-07T02:00:08Z,LASNOC,2025-10-06
LPI,2025-10-07T02:02:28Z,2025-10-06,21:02:28,21,LASNOC,1,26.405,13.63,0,0.33308,LASCIN,EPTFUS,NA,NA,5,5,4.88,1,0,27.011,26.18,5.077333,245AAA0666BC08AE,Schmeeckle 2025 Master.csv,LPI\10 09\20251007,245AAA0666BC08AE_20251007_020228T.WAV,245AAA0666BC08AE_20251007_020228_000T.wav,NA,C:\Users\Nancy\Desktop\Bat Files,C:\Users\Nancy\Desktop\AutoID\10 09 Output,5,26.555,737.437,26.777,1.197,3.87,3.251,0.88,NA,2025-10-07T02:02:28Z,LASNOC,2025-10-06
LPI,2025-10-07T02:28:22Z,2025-10-06,21:28:22,21,LASNOC,0.833,26.695,15.83,0,0.367545,EPTFUS,LASCIN,NA,NA,6,6,5.088,1,0,27.687,26.266,6.357333,245AAA0666BC08AE,Schmeeckle 2025 Master.csv,LPI\10 09\20251007,245AAA0666BC08AE_20251007_022822T.WAV,245AAA0666BC08AE_20251007_022822_000T.wav,NA,C:\Users\Nancy\Desktop\Bat Files,C:\Users\Nancy\Desktop\AutoID\10 09 Output,5,26.951,730.8,27.094,1.382,74.41,3.647,2.28,NA,2025-10-07T02:28:22Z,LASNOC,2025-10-06
LPI,2025-10-07T02:29:18Z,2025-10-06,21:29:18,21,LASNOC,0.667,26.117,23.11,0,0.2548,EPTFUS,LASCIN,NA,NA,9,9,6.005,1,0,28.855,25.855,8.746667,245AAA0666BC08AE,Schmeeckle 2025 Master.csv,LPI\10 09\20251007,245AAA0666BC08AE_20251007_022918T.WAV,245AAA0666BC08AE_20251007_022918_000T.wav,NA,C:\Users\Nancy\Desktop\Bat Files,C:\Users\Nancy\Desktop\AutoID\10 09 Output,6,26.806,384.676,26.653,3.832,179.12,5.356,3.17,NA,2025-10-07T02:29:18Z,LASNOC,2025-10-06
LPI,2025-10-07T02:33:44Z,2025-10-06,21:33:44,21,LASNOC,1,27.636,3.62,0,0.262361,EPTFUS,LASCIN,NA,NA,2,2,2.759,1,0,28.282,26.68,4.734667,245AAA0666BC08AE,Schmeeckle 2025 Master.csv,LPI\10 09\20251007,245AAA0666BC08AE_20251007_023344T.WAV,245AAA0666BC08AE_20251007_023344_000T.wav,NA,C:\Users\Nancy\Desktop\Bat Files,C:\Users\Nancy\Desktop\AutoID\10 09 Output,2,27.479,1597.316,27.54,1.744,-133,2.685,0.65,NA,2025-10-07T02:33:44Z,LASNOC,2025-10-06
LPI,2025-10-07T02:55:54Z,2025-10-06,21:55:54,21,LASNOC,0.5,25.357,-4.57,0,0.221471,LASCIN,EPTFUS,NA,NA,2,2,2.685,1,0,25.604,25.08,6.188,245AAA0666BC08AE,Schmeeckle 2025 Master.csv,LPI\10 09\20251007,245AAA0666BC08AE_20251007_025554T.WAV,245AAA0666BC08AE_20251007_025554_000T.wav,NA,C:\Users\Nancy\Desktop\Bat Files,C:\Users\Nancy\Desktop\AutoID\10 09 Output,1,25.345,755.551,25.279,0.549,59.03,1.809,0.43,NA,2025-10-07T02:55:54Z,LASNOC,2025-10-06
LPI,2025-10-07T02:56:08Z,2025-10-06,21:56:08,21,LASNOC,1,26.361,4.87,0,0.4851,LASCIN,EPTFUS,NA,NA,2,2,7.132,1,0,27.258,26.316,4.394667,245AAA0666BC08AE,Schmeeckle 2025 Master.csv,LPI\10 09\20251007,245AAA0666BC08AE_20251007_025608T.WAV,245AAA0666BC08AE_20251007_025608_000T.wav,NA,C:\Users\Nancy\Desktop\Bat Files,C:\Users\Nancy\Desktop\AutoID\10 09 Output,2,26.635,1396.402,26.85,1.641,79.7,6.45,0.4,NA,2025-10-07T02:56:08Z,LASNOC,2025-10-06
LPI,2025-10-07T03:07:34Z,2025-10-06,22:07:34,22,LASNOC,1,26.534,-0.58,0,0.388827,LASCIN,EPTFUS,NA,NA,2,2,4.22,1,0,26.893,26.187,2.773333,245AAA0666BC08AE,Schmeeckle 2025 Master.csv,LPI\10 09\20251007,245AAA0666BC08AE_20251007_030734T.WAV,245AAA0666BC08AE_20251007_030734_000T.wav,NA,C:\Users\Nancy\Desktop\Bat Files,C:\Users\Nancy\Desktop\AutoID\10 09 Output,2,26.515,1554.632,26.491,1.655,63.95,4.067,0.78,NA,2025-10-07T03:07:34Z,LASNOC,2025-10-06
LPI,2025-10-07T03:10:50Z,2025-10-06,22:10:50,22,LASNOC,0.667,24.615,2.97,0,0.218066,LASCIN,EPTFUS,NA,NA,12,12,3.899,1,0,25.039,24.369,7.296,245AAA0666BC08AE,Schmeeckle 2025 Master.csv,LPI\10 09\20251007,245AAA0666BC08AE_20251007_031050T.WAV,245AAA0666BC08AE_20251007_031050_000T.wav,NA,C:\Users\Nancy\Desktop\Bat Files,C:\Users\Nancy\Desktop\AutoID\10 09 Output,8,24.652,485.644,24.702,0.959,-11.37,2.933,2.26,NA,2025-10-07T03:10:50Z,LASNOC,2025-10-06
LPI,2025-10-07T03:12:14Z,2025-10-06,22:12:14,22,LASNOC,0.889,27.861,19.9,0,0.428561,EPTFUS,LASCIN,NA,NA,9,9,5.016,1,0,33.9,27.436,7.04,245AAA0666BC08AE,Schmeeckle 2025 Master.csv,LPI\10 09\20251007,245AAA0666BC08AE_20251007_031214T.WAV,245AAA0666BC08AE_20251007_031214_000T.wav,NA,C:\Users\Nancy\Desktop\Bat Files,C:\Users\Nancy\Desktop\AutoID\10 09 Output,8,29.182,452.893,28.179,3.771,218.65,4.438,2.92,NA,2025-10-07T03:12:14Z,LASNOC,2025-10-06
LPI,2025-10-07T03:19:42Z,2025-10-06,22:19:42,22,LASNOC,1,26.897,2.62,0,0.355246,LASCIN,EPTFUS,NA,NA,6,6,4.83,1,0,28.062,26.552,5.248,245AAA0666BC08AE,Schmeeckle 2025 Master.csv,LPI\10 09\20251007,245AAA0666BC08AE_20251007_031942T.WAV,245AAA0666BC08AE_20251007_031942_000T.wav,NA,C:\Users\Nancy\Desktop\Bat Files,C:\Users\Nancy\Desktop\AutoID\10 09 Output,6,27.103,380.386,27.114,2.587,141.44,3.942,1.79,NA,2025-10-07T03:19:42Z,LASNOC,2025-10-06
LPI,2025-10-07T03:22:30Z,2025-10-06,22:22:30,22,LASNOC,0.933,26.953,24.41,0,0.34339,LASCIN,EPTFUS,NA,NA,15,15,4.783,1,0,31.316,26.692,7.124,245AAA0666BC08AE,Schmeeckle 2025 Master.csv,LPI\10 09\20251007,245AAA0666BC08AE_20251007_032230T.WAV,245AAA0666BC08AE_20251007_032230_000T.wav,NA,C:\Users\Nancy\Desktop\Bat Files,C:\Users\Nancy\Desktop\AutoID\10 09 Output,14,28.029,274.887,27.379,3.151,174.14,4.059,4.03,NA,2025-10-07T03:22:30Z,LASNOC,2025-10-06
LPI,2025-10-07T03:25:32Z,2025-10-06,22:25:32,22,LASNOC,0.588,27.144,16.86,0,0.290354,EPTFUS,LASCIN,NA,NA,17,17,4.259,1,0,32.823,26.769,9,245AAA0666BC08AE,Schmeeckle 2025 Master.csv,LPI\10 09\20251007,245AAA0666BC08AE_20251007_032532T.WAV,245AAA0666BC08AE_20251007_032532_000T.wav,NA,C:\Users\Nancy\Desktop\Bat Files,C:\Users\Nancy\Desktop\AutoID\10 09 Output,10,28.499,470.031,27.503,2.937,228.11,3.762,4.81,NA,2025-10-07T03:25:32Z,LASNOC,2025-10-06
LPI,2025-10-07T03:29:58Z,2025-10-06,22:29:58,22,LASNOC,1,26.939,14.2,0,0.324668,LASCIN,EPTFUS,NA,NA,2,2,6.364,1,0,29.068,26.757,3.370667,245AAA0666BC08AE,Schmeeckle 2025 Master.csv,LPI\10 09\20251007,245AAA0666BC08AE_20251007_032958T.WAV,245AAA0666BC08AE_20251007_032958_000T.wav,NA,C:\Users\Nancy\Desktop\Bat Files,C:\Users\Nancy\Desktop\AutoID\10 09 Output,2,27.516,462.437,27.259,3.937,-72.04,5.189,1.06,NA,2025-10-07T03:29:58Z,LASNOC,2025-10-06
LPI,2025-10-07T03:42:20Z,2025-10-06,22:42:20,22,LASNOC,0.5,27.252,30.91,0,0.223962,EPTFUS,LASCIN,NA,NA,4,4,3.471,1,0,29.704,27.05,9,245AAA0666BC08AE,Schmeeckle 2025 Master.csv,LPI\10 09\20251007,245AAA0666BC08AE_20251007_034220T.WAV,245AAA0666BC08AE_20251007_034220_000T.wav,NA,C:\Users\Nancy\Desktop\Bat Files,C:\Users\Nancy\Desktop\AutoID\10 09 Output,2,27.965,433.7,28.098,1.473,115.26,2.915,1.05,NA,2025-10-07T03:42:20Z,LASNOC,2025-10-06
LPI,2025-10-07T03:50:58Z,2025-10-06,22:50:58,22,LASCIN,1,24.934,44.23,0,0.221565,EPTFUS,LASNOC,NA,NA,2,2,3.379,1,0,26.284,24.774,6.870667,245AAA0666BC08AE,Schmeeckle 2025 Master.csv,LPI\10 09\20251007,245AAA0666BC08AE_20251007_035058T.WAV,245AAA0666BC08AE_20251007_035058_000T.wav,NA,C:\Users\Nancy\Desktop\Bat Files,C:\Users\Nancy\Desktop\AutoID\10 09 Output,2,25.333,1015.118,25.724,1.321,161.53,2.586,0.64,NA,2025-10-07T03:50:58Z,LASCIN,2025-10-06
LPI,2025-10-07T03:51:26Z,2025-10-06,22:51:26,22,LASNOC,0.333,27.276,10.69,0,0.300819,EPTFUS,LASCIN,NA,NA,3,3,3.442,1,0,29.89,27.181,4.821333,245AAA0666BC08AE,Schmeeckle 2025 Master.csv,LPI\10 09\20251007,245AAA0666BC08AE_20251007_035126T.WAV,245AAA0666BC08AE_20251007_035126_000T.wav,NA,C:\Users\Nancy\Desktop\Bat Files,C:\Users\Nancy\Desktop\AutoID\10 09 Output,1,27.825,270.377,27.621,1.646,154.95,3.345,0.45,NA,2025-10-07T03:51:26Z,LASNOC,2025-10-06
LPI,2025-10-07T03:55:52Z,2025-10-06,22:55:52,22,LASNOC,1,27.256,-0.52,0,0.347992,EPTFUS,LASCIN,NA,NA,6,6,5.545,1,0,29.807,26.845,6.613333,245AAA0666BC08AE,Schmeeckle 2025 Master.csv,LPI\10 09\20251007,245AAA0666BC08AE_20251007_035552T.WAV,245AAA0666BC08AE_20251007_035552_000T.wav,NA,C:\Users\Nancy\Desktop\Bat Files,C:\Users\Nancy\Desktop\AutoID\10 09 Output,6,27.721,582.817,27.481,2.507,178.14,4.389,1.87,NA,2025-10-07T03:55:52Z,LASNOC,2025-10-06
LPI,2025-10-07T04:15:56Z,2025-10-06,23:15:56,23,LASNOC,1,27.683,11.48,0,0.393502,LASCIN,EPTFUS,NA,NA,2,2,5.419,1,0,28.626,27.591,4.906667,245AAA0666BC08AE,Schmeeckle 2025 Master.csv,LPI\10 09\20251007,245AAA0666BC08AE_20251007_041556T.WAV,245AAA0666BC08AE_20251007_041556_000T.wav,NA,C:\Users\Nancy\Desktop\Bat Files,C:\Users\Nancy\Desktop\AutoID\10 09 Output,2,28.015,1513.213,28.32,1.274,50.34,5.056,0.42,NA,2025-10-07T04:15:56Z,LASNOC,2025-10-06
LPI,2025-10-07T04:16:10Z,2025-10-06,23:16:10,23,LASNOC,1,27.975,-17.35,0,0.469954,LASCIN,EPTFUS,NA,NA,2,2,9.444,1,0,29.219,27.169,2.773333,245AAA0666BC08AE,Schmeeckle 2025 Master.csv,LPI\10 09\20251007,245AAA0666BC08AE_20251007_041610T.WAV,245AAA0666BC08AE_20251007_041610_000T.wav,NA,C:\Users\Nancy\Desktop\Bat Files,C:\Users\Nancy\Desktop\AutoID\10 09 Output,2,28.057,1078.764,27.687,6.247,173.55,7.108,0.62,NA,2025-10-07T04:16:10Z,LASNOC,2025-10-06
LPI,2025-10-07T04:16:24Z,2025-10-06,23:16:24,23,LASNOC,1,27.446,-0.19,0,0.457097,LASCIN,EPTFUS,NA,NA,4,4,3.411,1,0,28.13,27.214,4.394667,245AAA0666BC08AE,Schmeeckle 2025 Master.csv,LPI\10 09\20251007,245AAA0666BC08AE_20251007_041624T.WAV,245AAA0666BC08AE_20251007_041624_000T.wav,NA,C:\Users\Nancy\Desktop\Bat Files,C:\Users\Nancy\Desktop\AutoID\10 09 Output,4,27.528,324.637,27.573,1.197,30.34,2.972,0.87,NA,2025-10-07T04:16:24Z,LASNOC,2025-10-06
LPI,2025-10-07T05:20:06Z,2025-10-07,00:20:06,0,LASNOC,0.833,26.774,4.48,0,0.356416,LASCIN,EPTFUS,NA,NA,6,6,4.68,1,0,27.886,26.482,4.224,245AAA0666BC08AE,Schmeeckle 2025 Master.csv,LPI\10 09\20251007,245AAA0666BC08AE_20251007_052006T.WAV,245AAA0666BC08AE_20251007_052006_000T.wav,NA,C:\Users\Nancy\Desktop\Bat Files,C:\Users\Nancy\Desktop\AutoID\10 09 Output,5,26.972,233.753,27.053,1.514,56.76,3.32,1.99,NA,2025-10-07T05:20:06Z,LASNOC,2025-10-06
LPI,2025-10-07T06:52:02Z,2025-10-07,01:52:02,1,LASNOC,1,25.925,1.68,0,0.362053,LASCIN,EPTFUS,NA,NA,3,3,4.087,1,0,26.203,25.372,4.48,245AAA0666BC08AE,Schmeeckle 2025 Master.csv,LPI\10 09\20251007,245AAA0666BC08AE_20251007_065202T.WAV,245AAA0666BC08AE_20251007_065202_000T.wav,NA,C:\Users\Nancy\Desktop\Bat Files,C:\Users\Nancy\Desktop\AutoID\10 09 Output,3,25.796,852.172,25.948,1.716,30.07,3.057,0.96,NA,2025-10-07T06:52:02Z,LASNOC,2025-10-06
LPI,2025-10-07T07:00:12Z,2025-10-07,02:00:12,2,LASNOC,1,26.371,8.99,0,0.430287,LASCIN,EPTFUS,NA,NA,10,10,6.839,1,0,30.924,26.079,4.309333,245AAA0666BC08AE,Schmeeckle 2025 Master.csv,LPI\10 09\20251007,245AAA0666BC08AE_20251007_070012T.WAV,245AAA0666BC08AE_20251007_070012_000T.wav,NA,C:\Users\Nancy\Desktop\Bat Files,C:\Users\Nancy\Desktop\AutoID\10 09 Output,10,27.265,236.779,26.847,3.734,149.17,5.883,2.27,NA,2025-10-07T07:00:12Z,LASNOC,2025-10-06
LPI,2025-10-07T07:47:48Z,2025-10-07,02:47:48,2,LASNOC,1,26.892,-4.57,0,0.319796,EPTFUS,LASCIN,NA,NA,2,2,7.37,1,0,29.003,25.939,7.381333,245AAA0666BC08AE,Schmeeckle 2025 Master.csv,LPI\10 09\20251007,245AAA0666BC08AE_20251007_074748T.WAV,245AAA0666BC08AE_20251007_074748_000T.wav,NA,C:\Users\Nancy\Desktop\Bat Files,C:\Users\Nancy\Desktop\AutoID\10 09 Output,2,27.071,1804.709,26.85,3.536,109.13,5.1,0.73,NA,2025-10-07T07:47:48Z,LASNOC,2025-10-06
LPI,2025-10-07T07:48:16Z,2025-10-07,02:48:16,2,LASNOC,0.833,27.249,12.14,0,0.309177,EPTFUS,LASCIN,NA,NA,6,6,4.362,1,0,31.653,26.829,6.698667,245AAA0666BC08AE,Schmeeckle 2025 Master.csv,LPI\10 09\20251007,245AAA0666BC08AE_20251007_074816T.WAV,245AAA0666BC08AE_20251007_074816_000T.wav,NA,C:\Users\Nancy\Desktop\Bat Files,C:\Users\Nancy\Desktop\AutoID\10 09 Output,5,28.328,535.245,27.706,2.143,164.02,3.082,2.03,NA,2025-10-07T07:48:16Z,LASNOC,2025-10-06
LPI,2025-10-07T07:53:10Z,2025-10-07,02:53:10,2,LASNOC,0.8,26.834,20.3,0,0.265085,LASCIN,EPTFUS,NA,NA,20,20,4.687,1,0,28.714,26.215,9,245AAA0666BC08AE,Schmeeckle 2025 Master.csv,LPI\10 09\20251007,245AAA0666BC08AE_20251007_075310T.WAV,245AAA0666BC08AE_20251007_075310_000T.wav,NA,C:\Users\Nancy\Desktop\Bat Files,C:\Users\Nancy\Desktop\AutoID\10 09 Output,16,27.23,467.529,27.185,2.249,79.82,3.403,4.29,NA,2025-10-07T07:53:10Z,LASNOC,2025-10-06
LPI,2025-10-07T08:48:28Z,2025-10-07,03:48:28,3,LASNOC,0.571,26.584,10.62,0,0.263219,LASCIN,EPTFUS,NA,NA,7,7,5.094,1,0,30.37,26.029,5.418667,245AAA0666BC08AE,Schmeeckle 2025 Master.csv,LPI\10 09\20251007,245AAA0666BC08AE_20251007_084828T.WAV,245AAA0666BC08AE_20251007_084828_000T.wav,NA,C:\Users\Nancy\Desktop\Bat Files,C:\Users\Nancy\Desktop\AutoID\10 09 Output,4,27.407,648.731,26.9,3.044,186.38,4.486,2.56,NA,2025-10-07T08:48:28Z,LASNOC,2025-10-06
LPI,2025-10-08T03:19:14Z,2025-10-07,22:19:14,22,LASNOC,0.667,29.869,31.74,0,0.234138,EPTFUS,LASCIN,NA,NA,12,12,3.074,1,0,37.694,29.094,8.830667,245AAA0666BC08AE,Schmeeckle 2025 Master.csv,LPI\10 09\20251008,245AAA0666BC08AE_20251008_031914T.WAV,245AAA0666BC08AE_20251008_031914_000T.wav,NA,C:\Users\Nancy\Desktop\Bat Files,C:\Users\Nancy\Desktop\AutoID\10 09 Output,8,31.793,301.738,30.482,2.11,310.44,2.797,4.08,NA,2025-10-08T03:19:14Z,LASNOC,2025-10-07
LPI,2025-10-08T03:55:24Z,2025-10-07,22:55:24,22,LASNOC,0.737,26.246,-1.07,0,0.238532,EPTFUS,LASCIN,NA,NA,19,19,3.58,1,0,27.718,25.843,7.977333,245AAA0666BC08AE,Schmeeckle 2025 Master.csv,LPI\10 09\20251008,245AAA0666BC08AE_20251008_035524T.WAV,245AAA0666BC08AE_20251008_035524_000T.wav,NA,C:\Users\Nancy\Desktop\Bat Files,C:\Users\Nancy\Desktop\AutoID\10 09 Output,14,26.514,342.47,26.265,1.807,90.18,2.714,8.49,NA,2025-10-08T03:55:24Z,LASNOC,2025-10-07
LPI,2025-10-08T23:00:42Z,2025-10-08,18:00:42,18,LASNOC,0.75,26.414,-3.54,0,0.143084,LASCIN,EPTFUS,NA,NA,4,4,3.506,1,0,27.172,26.01,8.404,245AAA0666BC08AE,Schmeeckle 2025 Master.csv,LPI\10 09\20251008,245AAA0666BC08AE_20251008_230042T.WAV,245AAA0666BC08AE_20251008_230042_000T.wav,NA,C:\Users\Nancy\Desktop\Bat Files,C:\Users\Nancy\Desktop\AutoID\10 09 Output,3,26.431,1297.651,26.321,1.511,112.57,3.071,1.77,NA,2025-10-08T23:00:42Z,LASNOC,2025-10-08
LPI,2025-10-10T00:45:00Z,2025-10-09,19:45:00,19,EPTFUS,0.889,28.792,34.86,0,0.342686,LASNOC,NA,NA,NA,9,9,4.529,1,0,42.253,28.305,9,245AAA0666BC08AE,Schmeeckle 2025 Master.csv,LPI\10 14\20251010,245AAA0666BC08AE_20251010_004500T.WAV,245AAA0666BC08AE_20251010_004500_000T.wav,NA,C:\Users\Nancy\Desktop\Bat Files,C:\Users\Nancy\Desktop\AutoID\10 14 Output,8,32.689,310.101,29.847,3.448,259.02,4.291,2.5,NA,2025-10-10T00:45:00Z,EPTFUS,2025-10-09
LPI,2025-10-11T00:48:16Z,2025-10-10,19:48:16,19,LASNOC,0.5,26.406,31.18,0,0.223143,LASCIN,EPTFUS,NA,NA,2,2,6.549,1,0,30.311,26.037,9,245AAA0666BC08AE,Schmeeckle 2025 Master.csv,LPI\10 14\20251011,245AAA0666BC08AE_20251011_004816T.WAV,245AAA0666BC08AE_20251011_004816_000T.wav,NA,C:\Users\Nancy\Desktop\Bat Files,C:\Users\Nancy\Desktop\AutoID\10 14 Output,1,27.502,582.045,27.568,3.854,116.49,6.034,0.9,NA,2025-10-11T00:48:16Z,LASNOC,2025-10-10
LPI,2025-10-11T00:54:06Z,2025-10-10,19:54:06,19,LASNOC,0.333,28.97,24.58,0,0.276568,EPTFUS,NA,NA,NA,3,3,3.548,1,0,32.185,28.475,9,245AAA0666BC08AE,Schmeeckle 2025 Master.csv,LPI\10 14\20251011,245AAA0666BC08AE_20251011_005406T.WAV,245AAA0666BC08AE_20251011_005406_000T.wav,NA,C:\Users\Nancy\Desktop\Bat Files,C:\Users\Nancy\Desktop\AutoID\10 14 Output,1,29.588,470.47,29.565,1.484,107.37,2.857,0.88,NA,2025-10-11T00:54:06Z,LASNOC,2025-10-10
LPI,2025-10-11T01:28:10Z,2025-10-10,20:28:10,20,EPTFUS,0.167,25.233,43.11,0,0.221621,LASNOC,LASCIN,NA,NA,6,6,4.876,1,0,30.167,24.874,9,245AAA0666BC08AE,Schmeeckle 2025 Master.csv,LPI\10 14\20251011,245AAA0666BC08AE_20251011_012810T.WAV,245AAA0666BC08AE_20251011_012810_000T.wav,NA,C:\Users\Nancy\Desktop\Bat Files,C:\Users\Nancy\Desktop\AutoID\10 14 Output,1,26.719,321.627,25.846,3.567,149.71,4.481,2.01,NA,2025-10-11T01:28:10Z,EPTFUS,2025-10-10
LPI,2025-10-11T02:58:28Z,2025-10-10,21:58:28,21,EPTFUS,1,29.206,48.4,0,0.321604,LASNOC,NA,NA,NA,3,3,3.99,1,0,36.526,27.777,9,245AAA0666BC08AE,Schmeeckle 2025 Master.csv,LPI\10 14\20251011,245AAA0666BC08AE_20251011_025828T.WAV,245AAA0666BC08AE_20251011_025828_000T.wav,NA,C:\Users\Nancy\Desktop\Bat Files,C:\Users\Nancy\Desktop\AutoID\10 14 Output,3,31.053,748.338,30.022,2.42,158.86,3.25,1.18,NA,2025-10-11T02:58:28Z,EPTFUS,2025-10-10
LPI,2025-10-11T03:17:22Z,2025-10-10,22:17:22,22,LASCIN,0.818,23.73,12.81,0,0.304447,LASNOC,EPTFUS,NA,NA,11,11,5.623,1,0,26.715,23.123,9,245AAA0666BC08AE,Schmeeckle 2025 Master.csv,LPI\10 14\20251011,245AAA0666BC08AE_20251011_031722T.WAV,245AAA0666BC08AE_20251011_031722_000T.wav,NA,C:\Users\Nancy\Desktop\Bat Files,C:\Users\Nancy\Desktop\AutoID\10 14 Output,9,24.137,496.116,24.002,3.522,155.67,4.429,3.82,NA,2025-10-11T03:17:22Z,LASCIN,2025-10-10
LPI,2025-10-11T03:50:44Z,2025-10-10,22:50:44,22,LASNOC,0.55,26.593,19,0,0.238589,EPTFUS,LASCIN,NA,NA,20,20,4.023,1,0,31.958,26.294,9,245AAA0666BC08AE,Schmeeckle 2025 Master.csv,LPI\10 14\20251011,245AAA0666BC08AE_20251011_035044T.WAV,245AAA0666BC08AE_20251011_035044_000T.wav,NA,C:\Users\Nancy\Desktop\Bat Files,C:\Users\Nancy\Desktop\AutoID\10 14 Output,11,27.865,258.424,27.034,2.311,171.68,3.392,7.85,NA,2025-10-11T03:50:44Z,LASNOC,2025-10-10
LPI,2025-10-11T03:52:22Z,2025-10-10,22:52:22,22,LASNOC,0.917,25.717,23.65,0,0.321208,LASCIN,EPTFUS,NA,NA,12,12,4.956,1,0,26.743,25.465,9,245AAA0666BC08AE,Schmeeckle 2025 Master.csv,LPI\10 14\20251011,245AAA0666BC08AE_20251011_035222T.WAV,245AAA0666BC08AE_20251011_035222_000T.wav,NA,C:\Users\Nancy\Desktop\Bat Files,C:\Users\Nancy\Desktop\AutoID\10 14 Output,11,25.989,319.117,26.044,2.601,49.02,4.087,2.92,NA,2025-10-11T03:52:22Z,LASNOC,2025-10-10
LPI,2025-10-11T06:59:58Z,2025-10-11,01:59:58,1,EPTFUS,0.091,25.611,22.58,0,0.168325,LASCIN,LASNOC,NA,NA,11,11,2.81,1,0,28.313,25.175,9,245AAA0666BC08AE,Schmeeckle 2025 Master.csv,LPI\10 14\20251011,245AAA0666BC08AE_20251011_065958T.WAV,245AAA0666BC08AE_20251011_065958_000T.wav,NA,C:\Users\Nancy\Desktop\Bat Files,C:\Users\Nancy\Desktop\AutoID\10 14 Output,1,26.225,609.67,25.981,1.543,166.87,2.369,3.14,NA,2025-10-11T06:59:58Z,EPTFUS,2025-10-10
LPI,2025-10-12T00:38:28Z,2025-10-11,19:38:28,19,LASCIN,1,23.154,0.2,0,0.292265,EPTFUS,NA,NA,NA,3,3,4.883,1,0,24.122,22.864,9,245AAA0666BC08AE,Schmeeckle 2025 Master.csv,LPI\10 14\20251012,245AAA0666BC08AE_20251012_003828T.WAV,245AAA0666BC08AE_20251012_003828_000T.wav,NA,C:\Users\Nancy\Desktop\Bat Files,C:\Users\Nancy\Desktop\AutoID\10 14 Output,3,23.393,322.815,23.223,2.921,-108.23,4.309,0.98,NA,2025-10-12T00:38:28Z,LASCIN,2025-10-11
LPI,2025-10-12T01:19:04Z,2025-10-11,20:19:04,20,LASCIN,1,20.916,7.89,0,0.457978,NA,NA,NA,NA,2,2,2.761,1,0,21.222,20.834,9,245AAA0666BC08AE,Schmeeckle 2025 Master.csv,LPI\10 14\20251012,245AAA0666BC08AE_20251012_011904T.WAV,245AAA0666BC08AE_20251012_011904_000T.wav,NA,C:\Users\Nancy\Desktop\Bat Files,C:\Users\Nancy\Desktop\AutoID\10 14 Output,2,21.007,936.518,21.026,0.476,69.48,1.622,0.56,NA,2025-10-12T01:19:04Z,LASCIN,2025-10-11
MCE,2025-10-06T00:45:14Z,2025-10-05,19:45:14,19,LASCIN,1,24.005,14.24,0,0.38017,LASNOC,EPTFUS,NA,NA,2,2,4.502,1,0,24.926,23.426,9,24A04F085FDF19C0,Schmeeckle 2025 Master.csv,MCE\10 09\20251006,24A04F085FDF19C0_20251006_004514T.WAV,24A04F085FDF19C0_20251006_004514_000T.wav,NA,C:\Users\Nancy\Desktop\Bat Files,C:\Users\Nancy\Desktop\AutoID\10 09 Output,2,23.99,2610.126,24.653,0.406,1.26,2.991,0.43,NA,2025-10-06T00:45:14Z,LASCIN,2025-10-05
MCE,2025-10-06T03:47:14Z,2025-10-05,22:47:14,22,LASCIN,1,20.554,15.34,0,0.475753,NA,NA,NA,NA,2,2,4.168,1,0,21.64,20.197,9,24A04F085FDF19C0,Schmeeckle 2025 Master.csv,MCE\10 09\20251006,24A04F085FDF19C0_20251006_034714T.WAV,24A04F085FDF19C0_20251006_034714_000T.wav,NA,C:\Users\Nancy\Desktop\Bat Files,C:\Users\Nancy\Desktop\AutoID\10 09 Output,2,20.817,1041.244,21.006,1.553,85.99,3.478,0.69,NA,2025-10-06T03:47:14Z,LASCIN,2025-10-05
MCE,2025-10-06T04:32:44Z,2025-10-05,23:32:44,23,LASNOC,0.8,27.959,43.12,0,0.452105,EPTFUS,LASCIN,NA,NA,5,5,4.16,1,0,37.395,27.866,9,24A04F085FDF19C0,Schmeeckle 2025 Master.csv,MCE\10 09\20251006,24A04F085FDF19C0_20251006_043244T.WAV,24A04F085FDF19C0_20251006_043244_000T.wav,NA,C:\Users\Nancy\Desktop\Bat Files,C:\Users\Nancy\Desktop\AutoID\10 09 Output,4,30.314,338.629,29.117,2.188,311.73,4.042,1.32,NA,2025-10-06T04:32:44Z,LASNOC,2025-10-05
MCE,2025-10-06T05:07:58Z,2025-10-06,00:07:58,0,LASNOC,0.333,25.458,12.52,0,0.243887,LASCIN,EPTFUS,NA,NA,15,15,8.458,1,0,30.288,25.164,9,24A04F085FDF19C0,Schmeeckle 2025 Master.csv,MCE\10 09\20251006,24A04F085FDF19C0_20251006_050758T.WAV,24A04F085FDF19C0_20251006_050758_000T.wav,NA,C:\Users\Nancy\Desktop\Bat Files,C:\Users\Nancy\Desktop\AutoID\10 09 Output,5,26.667,206.287,26.314,4.232,138.44,7.542,2.81,NA,2025-10-06T05:07:58Z,LASNOC,2025-10-05
MCE,2025-10-06T05:13:06Z,2025-10-06,00:13:06,0,LASBOR,0.7,42.762,31.26,0,0.235962,PERSUB,MYOLUC,NA,NA,10,10,4.553,1,0,51.596,42.623,9,24A04F085FDF19C0,Schmeeckle 2025 Master.csv,MCE\10 09\20251006,24A04F085FDF19C0_20251006_051306T.WAV,24A04F085FDF19C0_20251006_051306_000T.wav,NA,C:\Users\Nancy\Desktop\Bat Files,C:\Users\Nancy\Desktop\AutoID\10 09 Output,7,45.211,212.29,44.953,1.968,206.12,4.333,1.92,NA,2025-10-06T05:13:06Z,LASBOR,2025-10-05
MCE,2025-10-06T05:16:36Z,2025-10-06,00:16:36,0,LASBOR,0.8,45.58,93.29,0,0.227126,PERSUB,MYOLUC,NA,NA,5,5,2.651,1,0,61.44,45.227,9,24A04F085FDF19C0,Schmeeckle 2025 Master.csv,MCE\10 09\20251006,24A04F085FDF19C0_20251006_051636T.WAV,24A04F085FDF19C0_20251006_051636_000T.wav,NA,C:\Users\Nancy\Desktop\Bat Files,C:\Users\Nancy\Desktop\AutoID\10 09 Output,4,50.336,329.707,49.686,1.257,492.9,2.544,1.01,NA,2025-10-06T05:16:36Z,LASBOR,2025-10-05
MCE,2025-10-06T06:17:30Z,2025-10-06,01:17:30,1,LASNOC,0.476,26.099,22.74,0,0.362678,EPTFUS,LASCIN,NA,NA,21,21,7.873,1,0,35.489,25.657,9,24A04F085FDF19C0,Schmeeckle 2025 Master.csv,MCE\10 09\20251006,24A04F085FDF19C0_20251006_061730T.WAV,24A04F085FDF19C0_20251006_061730_000T.wav,NA,C:\Users\Nancy\Desktop\Bat Files,C:\Users\Nancy\Desktop\AutoID\10 09 Output,10,27.916,193.904,26.978,4.434,281.83,6.717,4.73,NA,2025-10-06T06:17:30Z,LASNOC,2025-10-05
MCE,2025-10-06T07:43:50Z,2025-10-06,02:43:50,2,MYOLUC,0.6,46.263,53.15,0,0.071636,LASBOR,NA,NA,NA,5,5,3.952,1,0,62.838,46.107,9,24A04F085FDF19C0,Schmeeckle 2025 Master.csv,MCE\10 09\20251006,24A04F085FDF19C0_20251006_074350T.WAV,24A04F085FDF19C0_20251006_074350_000T.wav,NA,C:\Users\Nancy\Desktop\Bat Files,C:\Users\Nancy\Desktop\AutoID\10 09 Output,3,51.186,121.158,49.464,2.117,311.63,3.917,1.09,NA,2025-10-06T07:43:50Z,MYOLUC,2025-10-05
MCE,2025-10-06T08:28:52Z,2025-10-06,03:28:52,3,LASNOC,0.645,25.284,13.79,0,0.290962,LASCIN,EPTFUS,NA,NA,31,31,10.631,1,0,30.526,24.834,9,24A04F085FDF19C0,Schmeeckle 2025 Master.csv,MCE\10 09\20251006,24A04F085FDF19C0_20251006_082852T.WAV,24A04F085FDF19C0_20251006_082852_000T.wav,NA,C:\Users\Nancy\Desktop\Bat Files,C:\Users\Nancy\Desktop\AutoID\10 09 Output,20,26.277,287.69,25.954,5.83,148.53,8.943,7.5,NA,2025-10-06T08:28:52Z,LASNOC,2025-10-05
MCE,2025-10-06T08:29:06Z,2025-10-06,03:29:06,3,LASNOC,0.842,27.11,12.92,0,0.417498,EPTFUS,LASCIN,NA,NA,19,19,6.96,1,0,35.475,26.859,9,24A04F085FDF19C0,Schmeeckle 2025 Master.csv,MCE\10 09\20251006,24A04F085FDF19C0_20251006_082906T.WAV,24A04F085FDF19C0_20251006_082906_000T.wav,NA,C:\Users\Nancy\Desktop\Bat Files,C:\Users\Nancy\Desktop\AutoID\10 09 Output,16,28.787,164.401,27.629,4.276,283.62,6.481,3.78,NA,2025-10-06T08:29:06Z,LASNOC,2025-10-05
MCE,2025-10-06T08:29:20Z,2025-10-06,03:29:20,3,LASNOC,0.958,26.285,7.59,0,0.385019,LASCIN,EPTFUS,NA,NA,24,24,6.718,1,0,28.88,25.867,9,24A04F085FDF19C0,Schmeeckle 2025 Master.csv,MCE\10 09\20251006,24A04F085FDF19C0_20251006_082920T.WAV,24A04F085FDF19C0_20251006_082920_000T.wav,NA,C:\Users\Nancy\Desktop\Bat Files,C:\Users\Nancy\Desktop\AutoID\10 09 Output,23,26.756,238.826,26.649,3.402,100.14,5.499,6.48,NA,2025-10-06T08:29:20Z,LASNOC,2025-10-05
MCE,2025-10-06T08:33:32Z,2025-10-06,03:33:32,3,LASNOC,0.688,27.026,29.96,0,0.404852,EPTFUS,LASCIN,NA,NA,16,16,5.536,1,0,37.843,26.764,9,24A04F085FDF19C0,Schmeeckle 2025 Master.csv,MCE\10 09\20251006,24A04F085FDF19C0_20251006_083332T.WAV,24A04F085FDF19C0_20251006_083332_000T.wav,NA,C:\Users\Nancy\Desktop\Bat Files,C:\Users\Nancy\Desktop\AutoID\10 09 Output,11,29.397,281.872,28.151,2.991,314.22,5.058,4.36,NA,2025-10-06T08:33:32Z,LASNOC,2025-10-05
MCE,2025-10-06T08:33:46Z,2025-10-06,03:33:46,3,LASNOC,0.92,26.053,7.53,0,0.416195,LASCIN,EPTFUS,NA,NA,25,25,9.278,1,0,29.263,25.666,9,24A04F085FDF19C0,Schmeeckle 2025 Master.csv,MCE\10 09\20251006,24A04F085FDF19C0_20251006_083346T.WAV,24A04F085FDF19C0_20251006_083346_000T.wav,NA,C:\Users\Nancy\Desktop\Bat Files,C:\Users\Nancy\Desktop\AutoID\10 09 Output,23,26.745,366.006,26.634,4.746,148,8.099,5.59,NA,2025-10-06T08:33:46Z,LASNOC,2025-10-05
MCE,2025-10-06T08:34:00Z,2025-10-06,03:34:00,3,LASNOC,0.75,25.984,8.08,0,0.274554,LASCIN,EPTFUS,NA,NA,4,4,4.375,1,0,26.767,25.629,9,24A04F085FDF19C0,Schmeeckle 2025 Master.csv,MCE\10 09\20251006,24A04F085FDF19C0_20251006_083400T.WAV,24A04F085FDF19C0_20251006_083400_000T.wav,NA,C:\Users\Nancy\Desktop\Bat Files,C:\Users\Nancy\Desktop\AutoID\10 09 Output,3,26.138,402.44,26.195,1.853,2.83,3.006,1.52,NA,2025-10-06T08:34:00Z,LASNOC,2025-10-05
MCE,2025-10-06T08:34:28Z,2025-10-06,03:34:28,3,LASNOC,1,26.701,13.58,0,0.376389,EPTFUS,LASCIN,NA,NA,4,4,6.494,1,0,29.296,26.452,9,24A04F085FDF19C0,Schmeeckle 2025 Master.csv,MCE\10 09\20251006,24A04F085FDF19C0_20251006_083428T.WAV,24A04F085FDF19C0_20251006_083428_000T.wav,NA,C:\Users\Nancy\Desktop\Bat Files,C:\Users\Nancy\Desktop\AutoID\10 09 Output,4,27.427,214.869,27.344,3.143,-17.33,5.825,0.77,NA,2025-10-06T08:34:28Z,LASNOC,2025-10-05
MCE,2025-10-06T08:42:24Z,2025-10-06,03:42:24,3,LASNOC,0.825,26.306,16.66,0,0.493207,EPTFUS,LASCIN,NA,NA,40,40,7.984,1,0,33.885,26.051,9,24A04F085FDF19C0,Schmeeckle 2025 Master.csv,MCE\10 09\20251006,24A04F085FDF19C0_20251006_084224T.WAV,24A04F085FDF19C0_20251006_084224_000T.wav,NA,C:\Users\Nancy\Desktop\Bat Files,C:\Users\Nancy\Desktop\AutoID\10 09 Output,33,27.739,218.613,27.163,4.561,326.49,7.413,4.67,NA,2025-10-06T08:42:24Z,LASNOC,2025-10-05
MCE,2025-10-06T08:43:06Z,2025-10-06,03:43:06,3,LASNOC,0.833,25.618,7.45,0,0.286895,LASCIN,EPTFUS,NA,NA,6,6,6.245,1,0,27.195,25.337,9,24A04F085FDF19C0,Schmeeckle 2025 Master.csv,MCE\10 09\20251006,24A04F085FDF19C0_20251006_084306T.WAV,24A04F085FDF19C0_20251006_084306_000T.wav,NA,C:\Users\Nancy\Desktop\Bat Files,C:\Users\Nancy\Desktop\AutoID\10 09 Output,5,26.039,1099.699,26.023,3.557,14.45,5.404,1.15,NA,2025-10-06T08:43:06Z,LASNOC,2025-10-05
MCE,2025-10-06T08:43:20Z,2025-10-06,03:43:20,3,LASNOC,0.707,26.502,17.72,0,0.405143,EPTFUS,LASCIN,NA,NA,41,41,8.481,1,0,33.579,26.229,9,24A04F085FDF19C0,Schmeeckle 2025 Master.csv,MCE\10 09\20251006,24A04F085FDF19C0_20251006_084320T.WAV,24A04F085FDF19C0_20251006_084320_000T.wav,NA,C:\Users\Nancy\Desktop\Bat Files,C:\Users\Nancy\Desktop\AutoID\10 09 Output,29,28.086,205.111,27.308,4.719,191,7.604,9.12,NA,2025-10-06T08:43:20Z,LASNOC,2025-10-05
MCE,2025-10-06T08:44:44Z,2025-10-06,03:44:44,3,LASNOC,0.8,26.602,-6.07,0,0.259929,LASCIN,EPTFUS,NA,NA,10,10,5.246,1,0,28.194,26.209,9,24A04F085FDF19C0,Schmeeckle 2025 Master.csv,MCE\10 09\20251006,24A04F085FDF19C0_20251006_084444T.WAV,24A04F085FDF19C0_20251006_084444_000T.wav,NA,C:\Users\Nancy\Desktop\Bat Files,C:\Users\Nancy\Desktop\AutoID\10 09 Output,8,26.884,226.878,26.607,3.021,49.09,4.424,2.6,NA,2025-10-06T08:44:44Z,LASNOC,2025-10-05
MCE,2025-10-06T08:45:40Z,2025-10-06,03:45:40,3,LASNOC,0.867,27.774,19.53,0,0.439138,EPTFUS,LASCIN,NA,NA,15,15,7.224,1,0,35.143,27.387,9,24A04F085FDF19C0,Schmeeckle 2025 Master.csv,MCE\10 09\20251006,24A04F085FDF19C0_20251006_084540T.WAV,24A04F085FDF19C0_20251006_084540_000T.wav,NA,C:\Users\Nancy\Desktop\Bat Files,C:\Users\Nancy\Desktop\AutoID\10 09 Output,13,29.341,198.505,28.743,3.517,203.79,6.385,2.7,NA,2025-10-06T08:45:40Z,LASNOC,2025-10-05
MCE,2025-10-06T08:45:54Z,2025-10-06,03:45:54,3,LASNOC,1,26.926,12.95,0,0.415929,LASCIN,EPTFUS,NA,NA,6,6,7.052,1,0,29.511,26.627,9,24A04F085FDF19C0,Schmeeckle 2025 Master.csv,MCE\10 09\20251006,24A04F085FDF19C0_20251006_084554T.WAV,24A04F085FDF19C0_20251006_084554_000T.wav,NA,C:\Users\Nancy\Desktop\Bat Files,C:\Users\Nancy\Desktop\AutoID\10 09 Output,6,27.549,1607.051,27.567,3.165,102.68,6.259,1.34,NA,2025-10-06T08:45:54Z,LASNOC,2025-10-05
MCE,2025-10-06T08:46:36Z,2025-10-06,03:46:36,3,LASNOC,0.6,26.655,10.71,0,0.308514,EPTFUS,LASCIN,NA,NA,10,10,5.428,1,0,29.158,26.291,9,24A04F085FDF19C0,Schmeeckle 2025 Master.csv,MCE\10 09\20251006,24A04F085FDF19C0_20251006_084636T.WAV,24A04F085FDF19C0_20251006_084636_000T.wav,NA,C:\Users\Nancy\Desktop\Bat Files,C:\Users\Nancy\Desktop\AutoID\10 09 Output,6,27.089,349.372,26.973,3.394,198.73,4.818,2.5,NA,2025-10-06T08:46:36Z,LASNOC,2025-10-05
MCE,2025-10-06T08:47:32Z,2025-10-06,03:47:32,3,LASCIN,1,23.316,12.63,0,0.327826,LASNOC,EPTFUS,NA,NA,14,14,11.226,1,0,26.416,22.042,9,24A04F085FDF19C0,Schmeeckle 2025 Master.csv,MCE\10 09\20251006,24A04F085FDF19C0_20251006_084732T.WAV,24A04F085FDF19C0_20251006_084732_000T.wav,NA,C:\Users\Nancy\Desktop\Bat Files,C:\Users\Nancy\Desktop\AutoID\10 09 Output,14,23.792,464.87,24.292,3.163,38.17,7.656,5.37,NA,2025-10-06T08:47:32Z,LASCIN,2025-10-05
MCE,2025-10-06T08:48:00Z,2025-10-06,03:48:00,3,LASNOC,0.75,25.688,13.93,0,0.282256,LASCIN,EPTFUS,NA,NA,4,4,8.459,1,0,27.59,25.095,9,24A04F085FDF19C0,Schmeeckle 2025 Master.csv,MCE\10 09\20251006,24A04F085FDF19C0_20251006_084800T.WAV,24A04F085FDF19C0_20251006_084800_000T.wav,NA,C:\Users\Nancy\Desktop\Bat Files,C:\Users\Nancy\Desktop\AutoID\10 09 Output,3,26.113,1285.372,26.238,3.592,115.34,6.139,1.83,NA,2025-10-06T08:48:00Z,LASNOC,2025-10-05
MCE,2025-10-06T08:49:10Z,2025-10-06,03:49:10,3,LASNOC,0.846,25.91,12.68,0,0.321638,LASCIN,EPTFUS,NA,NA,13,13,9.524,1,0,28.169,25.348,9,24A04F085FDF19C0,Schmeeckle 2025 Master.csv,MCE\10 09\20251006,24A04F085FDF19C0_20251006_084910T.WAV,24A04F085FDF19C0_20251006_084910_000T.wav,NA,C:\Users\Nancy\Desktop\Bat Files,C:\Users\Nancy\Desktop\AutoID\10 09 Output,11,26.435,280.984,26.567,3.867,25.32,7.731,2.39,NA,2025-10-06T08:49:10Z,LASNOC,2025-10-05
MCE,2025-10-06T08:51:16Z,2025-10-06,03:51:16,3,LASNOC,0.609,27.068,42.27,0,0.399428,EPTFUS,LASCIN,NA,NA,23,23,5.338,1,0,40.06,26.838,9,24A04F085FDF19C0,Schmeeckle 2025 Master.csv,MCE\10 09\20251006,24A04F085FDF19C0_20251006_085116T.WAV,24A04F085FDF19C0_20251006_085116_000T.wav,NA,C:\Users\Nancy\Desktop\Bat Files,C:\Users\Nancy\Desktop\AutoID\10 09 Output,14,30.194,293.113,28.293,3.328,292.11,5.049,3.54,NA,2025-10-06T08:51:16Z,LASNOC,2025-10-05
MCE,2025-10-06T08:51:30Z,2025-10-06,03:51:30,3,LASNOC,0.9,26.391,23.68,0,0.384813,LASCIN,EPTFUS,NA,NA,10,10,6.045,1,0,28.992,26.314,9,24A04F085FDF19C0,Schmeeckle 2025 Master.csv,MCE\10 09\20251006,24A04F085FDF19C0_20251006_085130T.WAV,24A04F085FDF19C0_20251006_085130_000T.wav,NA,C:\Users\Nancy\Desktop\Bat Files,C:\Users\Nancy\Desktop\AutoID\10 09 Output,9,27.234,697.802,27.158,3.315,59.5,5.708,1.98,NA,2025-10-06T08:51:30Z,LASNOC,2025-10-05
MCE,2025-10-06T08:52:26Z,2025-10-06,03:52:26,3,LASNOC,0.804,27.633,26.81,0,0.354639,EPTFUS,LASCIN,NA,NA,56,56,7.095,1,0,39.145,27.296,9,24A04F085FDF19C0,Schmeeckle 2025 Master.csv,MCE\10 09\20251006,24A04F085FDF19C0_20251006_085226T.WAV,24A04F085FDF19C0_20251006_085226_000T.wav,NA,C:\Users\Nancy\Desktop\Bat Files,C:\Users\Nancy\Desktop\AutoID\10 09 Output,45,30.078,157.238,28.848,3.833,368.45,6.514,10.23,NA,2025-10-06T08:52:26Z,LASNOC,2025-10-05
MCE,2025-10-06T08:54:18Z,2025-10-06,03:54:18,3,LASNOC,0.929,26.956,14.99,0,0.410901,EPTFUS,LASCIN,NA,NA,14,14,6.44,1,0,32.458,26.501,9,24A04F085FDF19C0,Schmeeckle 2025 Master.csv,MCE\10 09\20251006,24A04F085FDF19C0_20251006_085418T.WAV,24A04F085FDF19C0_20251006_085418_000T.wav,NA,C:\Users\Nancy\Desktop\Bat Files,C:\Users\Nancy\Desktop\AutoID\10 09 Output,13,27.979,342.408,27.723,3.248,200.95,5.739,3.86,NA,2025-10-06T08:54:18Z,LASNOC,2025-10-05
MCE,2025-10-06T08:54:32Z,2025-10-06,03:54:32,3,LASNOC,0.952,27.172,10.6,0,0.414697,EPTFUS,LASCIN,NA,NA,21,21,6.688,1,0,34.239,26.856,9,24A04F085FDF19C0,Schmeeckle 2025 Master.csv,MCE\10 09\20251006,24A04F085FDF19C0_20251006_085432T.WAV,24A04F085FDF19C0_20251006_085432_000T.wav,NA,C:\Users\Nancy\Desktop\Bat Files,C:\Users\Nancy\Desktop\AutoID\10 09 Output,20,28.637,296.211,27.966,3.585,192.5,6.103,3.25,NA,2025-10-06T08:54:32Z,LASNOC,2025-10-05
MCE,2025-10-06T08:56:24Z,2025-10-06,03:56:24,3,LASNOC,0.733,26.771,22.36,0,0.396426,EPTFUS,LASCIN,NA,NA,15,15,6.467,1,0,30.9,26.324,9,24A04F085FDF19C0,Schmeeckle 2025 Master.csv,MCE\10 09\20251006,24A04F085FDF19C0_20251006_085624T.WAV,24A04F085FDF19C0_20251006_085624_000T.wav,NA,C:\Users\Nancy\Desktop\Bat Files,C:\Users\Nancy\Desktop\AutoID\10 09 Output,11,27.662,175.378,27.738,2.51,154.11,5.448,3.15,NA,2025-10-06T08:56:24Z,LASNOC,2025-10-05
MCE,2025-10-06T08:57:06Z,2025-10-06,03:57:06,3,LASNOC,0.95,26.96,11.73,0,0.374195,LASCIN,EPTFUS,NA,NA,20,20,5.409,1,0,29.015,26.641,9,24A04F085FDF19C0,Schmeeckle 2025 Master.csv,MCE\10 09\20251006,24A04F085FDF19C0_20251006_085706T.WAV,24A04F085FDF19C0_20251006_085706_000T.wav,NA,C:\Users\Nancy\Desktop\Bat Files,C:\Users\Nancy\Desktop\AutoID\10 09 Output,19,27.408,302.371,27.412,2.694,136.83,4.526,6.45,NA,2025-10-06T08:57:06Z,LASNOC,2025-10-05
MCE,2025-10-06T08:57:20Z,2025-10-06,03:57:20,3,LASNOC,0.944,26.835,10.24,0,0.389563,LASCIN,EPTFUS,NA,NA,18,18,5.629,1,0,28.707,26.46,9,24A04F085FDF19C0,Schmeeckle 2025 Master.csv,MCE\10 09\20251006,24A04F085FDF19C0_20251006_085720T.WAV,24A04F085FDF19C0_20251006_085720_000T.wav,NA,C:\Users\Nancy\Desktop\Bat Files,C:\Users\Nancy\Desktop\AutoID\10 09 Output,17,27.291,526.104,27.261,2.56,54.34,4.768,2.78,NA,2025-10-06T08:57:20Z,LASNOC,2025-10-05
MCE,2025-10-06T08:59:40Z,2025-10-06,03:59:40,3,LASNOC,0.821,27.43,16.3,0,0.360099,EPTFUS,LASCIN,NA,NA,28,28,6.117,1,0,31.802,27.105,9,24A04F085FDF19C0,Schmeeckle 2025 Master.csv,MCE\10 09\20251006,24A04F085FDF19C0_20251006_085940T.WAV,24A04F085FDF19C0_20251006_085940_000T.wav,NA,C:\Users\Nancy\Desktop\Bat Files,C:\Users\Nancy\Desktop\AutoID\10 09 Output,23,28.51,226.438,28.38,2.679,188.38,5.556,5.9,NA,2025-10-06T08:59:40Z,LASNOC,2025-10-05
MCE,2025-10-06T09:01:04Z,2025-10-06,04:01:04,4,LASNOC,0.913,25.482,11.38,0,0.367573,LASCIN,EPTFUS,NA,NA,23,23,9.804,1,0,27.112,25.173,9,24A04F085FDF19C0,Schmeeckle 2025 Master.csv,MCE\10 09\20251006,24A04F085FDF19C0_20251006_090104T.WAV,24A04F085FDF19C0_20251006_090104_000T.wav,NA,C:\Users\Nancy\Desktop\Bat Files,C:\Users\Nancy\Desktop\AutoID\10 09 Output,21,25.962,383.622,25.804,6.684,23.31,8.665,5.36,NA,2025-10-06T09:01:04Z,LASNOC,2025-10-05
MCE,2025-10-06T09:01:46Z,2025-10-06,04:01:46,4,LASNOC,0.667,25.493,14.21,0,0.3012,LASCIN,EPTFUS,NA,NA,12,12,9.178,1,0,27.114,24.883,9,24A04F085FDF19C0,Schmeeckle 2025 Master.csv,MCE\10 09\20251006,24A04F085FDF19C0_20251006_090146T.WAV,24A04F085FDF19C0_20251006_090146_000T.wav,NA,C:\Users\Nancy\Desktop\Bat Files,C:\Users\Nancy\Desktop\AutoID\10 09 Output,8,25.899,386.258,25.863,5.042,50.09,7.523,1.57,NA,2025-10-06T09:01:46Z,LASNOC,2025-10-05
MCE,2025-10-06T09:03:10Z,2025-10-06,04:03:10,4,LASNOC,0.864,27.033,9.17,0,0.381355,LASCIN,EPTFUS,NA,NA,22,22,6.302,1,0,29.322,26.718,9,24A04F085FDF19C0,Schmeeckle 2025 Master.csv,MCE\10 09\20251006,24A04F085FDF19C0_20251006_090310T.WAV,24A04F085FDF19C0_20251006_090310_000T.wav,NA,C:\Users\Nancy\Desktop\Bat Files,C:\Users\Nancy\Desktop\AutoID\10 09 Output,19,27.602,291.65,27.635,2.579,44.99,5.466,3.78,NA,2025-10-06T09:03:10Z,LASNOC,2025-10-05
MCE,2025-10-06T09:04:34Z,2025-10-06,04:04:34,4,LASNOC,1,26.167,-14.39,0,0.359022,LASCIN,EPTFUS,NA,NA,6,6,5.873,1,0,27.71,25.609,9,24A04F085FDF19C0,Schmeeckle 2025 Master.csv,MCE\10 09\20251006,24A04F085FDF19C0_20251006_090434T.WAV,24A04F085FDF19C0_20251006_090434_000T.wav,NA,C:\Users\Nancy\Desktop\Bat Files,C:\Users\Nancy\Desktop\AutoID\10 09 Output,6,26.442,196.832,26.171,3.216,60.23,4.669,1.52,NA,2025-10-06T09:04:34Z,LASNOC,2025-10-05
MCE,2025-10-06T09:04:48Z,2025-10-06,04:04:48,4,LASNOC,0.875,26.274,16.03,0,0.388564,LASCIN,EPTFUS,NA,NA,16,16,6.695,1,0,30.342,25.854,9,24A04F085FDF19C0,Schmeeckle 2025 Master.csv,MCE\10 09\20251006,24A04F085FDF19C0_20251006_090448T.WAV,24A04F085FDF19C0_20251006_090448_000T.wav,NA,C:\Users\Nancy\Desktop\Bat Files,C:\Users\Nancy\Desktop\AutoID\10 09 Output,14,27.083,236.811,26.743,3.886,119.03,5.939,5.63,NA,2025-10-06T09:04:48Z,LASNOC,2025-10-05
MCE,2025-10-06T09:06:26Z,2025-10-06,04:06:26,4,LASNOC,0.947,26.077,1.97,0,0.361331,LASCIN,EPTFUS,NA,NA,19,19,7.698,1,0,27.986,25.532,9,24A04F085FDF19C0,Schmeeckle 2025 Master.csv,MCE\10 09\20251006,24A04F085FDF19C0_20251006_090626T.WAV,24A04F085FDF19C0_20251006_090626_000T.wav,NA,C:\Users\Nancy\Desktop\Bat Files,C:\Users\Nancy\Desktop\AutoID\10 09 Output,18,26.522,430.542,26.501,3.385,66.26,6.222,4.73,NA,2025-10-06T09:06:26Z,LASNOC,2025-10-05
MCE,2025-10-06T09:06:54Z,2025-10-06,04:06:54,4,LASNOC,0.929,26.535,9.43,0,0.415342,LASCIN,EPTFUS,NA,NA,28,28,8.866,1,0,30.384,26.276,9,24A04F085FDF19C0,Schmeeckle 2025 Master.csv,MCE\10 09\20251006,24A04F085FDF19C0_20251006_090654T.WAV,24A04F085FDF19C0_20251006_090654_000T.wav,NA,C:\Users\Nancy\Desktop\Bat Files,C:\Users\Nancy\Desktop\AutoID\10 09 Output,26,27.468,260.944,27.203,4.548,124.68,8.177,5.46,NA,2025-10-06T09:06:54Z,LASNOC,2025-10-05
MCE,2025-10-06T09:10:38Z,2025-10-06,04:10:38,4,LASNOC,0.8,26.846,14.69,0,0.403684,EPTFUS,LASCIN,NA,NA,45,45,8.584,1,0,33.308,26.497,9,24A04F085FDF19C0,Schmeeckle 2025 Master.csv,MCE\10 09\20251006,24A04F085FDF19C0_20251006_091038T.WAV,24A04F085FDF19C0_20251006_091038_000T.wav,NA,C:\Users\Nancy\Desktop\Bat Files,C:\Users\Nancy\Desktop\AutoID\10 09 Output,36,28.24,168.657,27.784,4.076,237.52,7.634,7.38,NA,2025-10-06T09:10:38Z,LASNOC,2025-10-05
MCE,2025-10-06T09:11:06Z,2025-10-06,04:11:06,4,LASNOC,1,27.469,4.25,0,0.38842,LASCIN,EPTFUS,NA,NA,10,10,5.961,1,0,29.342,27.159,9,24A04F085FDF19C0,Schmeeckle 2025 Master.csv,MCE\10 09\20251006,24A04F085FDF19C0_20251006_091106T.WAV,24A04F085FDF19C0_20251006_091106_000T.wav,NA,C:\Users\Nancy\Desktop\Bat Files,C:\Users\Nancy\Desktop\AutoID\10 09 Output,10,27.892,354.464,27.86,2.683,64.27,5.155,2.43,NA,2025-10-06T09:11:06Z,LASNOC,2025-10-05
MCE,2025-10-06T09:11:48Z,2025-10-06,04:11:48,4,LASNOC,0.833,27.176,12.39,0,0.431077,EPTFUS,LASCIN,NA,NA,12,12,6.801,1,0,33.885,26.975,9,24A04F085FDF19C0,Schmeeckle 2025 Master.csv,MCE\10 09\20251006,24A04F085FDF19C0_20251006_091148T.WAV,24A04F085FDF19C0_20251006_091148_000T.wav,NA,C:\Users\Nancy\Desktop\Bat Files,C:\Users\Nancy\Desktop\AutoID\10 09 Output,10,28.724,201.913,27.915,3.873,212.2,6.517,2.91,NA,2025-10-06T09:11:48Z,LASNOC,2025-10-05
MCE,2025-10-06T09:12:16Z,2025-10-06,04:12:16,4,LASNOC,1,26.628,9.53,0,0.369794,LASCIN,EPTFUS,NA,NA,2,2,5.407,1,0,27.801,26.148,9,24A04F085FDF19C0,Schmeeckle 2025 Master.csv,MCE\10 09\20251006,24A04F085FDF19C0_20251006_091216T.WAV,24A04F085FDF19C0_20251006_091216_000T.wav,NA,C:\Users\Nancy\Desktop\Bat Files,C:\Users\Nancy\Desktop\AutoID\10 09 Output,2,26.884,1183.421,27.33,0.729,-25.08,4.206,0.53,NA,2025-10-06T09:12:16Z,LASNOC,2025-10-05
MCE,2025-10-06T09:13:12Z,2025-10-06,04:13:12,4,LASCIN,0.783,23.472,11.71,0,0.275609,LASNOC,EPTFUS,NA,NA,23,23,9.792,1,0,27.481,22.995,9,24A04F085FDF19C0,Schmeeckle 2025 Master.csv,MCE\10 09\20251006,24A04F085FDF19C0_20251006_091312T.WAV,24A04F085FDF19C0_20251006_091312_000T.wav,NA,C:\Users\Nancy\Desktop\Bat Files,C:\Users\Nancy\Desktop\AutoID\10 09 Output,18,24.553,335.688,23.991,6.462,61.32,8.466,4.22,NA,2025-10-06T09:13:12Z,LASCIN,2025-10-05
MCE,2025-10-06T09:14:22Z,2025-10-06,04:14:22,4,LASNOC,0.811,27.673,19.29,0,0.36082,EPTFUS,LASCIN,NA,NA,37,37,6.993,1,0,34.767,27.519,9,24A04F085FDF19C0,Schmeeckle 2025 Master.csv,MCE\10 09\20251006,24A04F085FDF19C0_20251006_091422T.WAV,24A04F085FDF19C0_20251006_091422_000T.wav,NA,C:\Users\Nancy\Desktop\Bat Files,C:\Users\Nancy\Desktop\AutoID\10 09 Output,30,29.348,168.68,28.83,3.393,225.2,6.666,4.51,NA,2025-10-06T09:14:22Z,LASNOC,2025-10-05
MCE,2025-10-06T09:15:46Z,2025-10-06,04:15:46,4,LASNOC,0.789,26.08,6.43,0,0.363846,LASCIN,EPTFUS,NA,NA,19,19,5.521,1,0,28.428,25.76,9,24A04F085FDF19C0,Schmeeckle 2025 Master.csv,MCE\10 09\20251006,24A04F085FDF19C0_20251006_091546T.WAV,24A04F085FDF19C0_20251006_091546_000T.wav,NA,C:\Users\Nancy\Desktop\Bat Files,C:\Users\Nancy\Desktop\AutoID\10 09 Output,15,26.584,317.987,26.378,2.751,90.18,4.597,3.44,NA,2025-10-06T09:15:46Z,LASNOC,2025-10-05
MCE,2025-10-06T09:16:14Z,2025-10-06,04:16:14,4,LASNOC,0.773,26.769,11.48,0,0.329098,EPTFUS,LASCIN,NA,NA,22,22,6.754,1,0,29.995,26.447,9,24A04F085FDF19C0,Schmeeckle 2025 Master.csv,MCE\10 09\20251006,24A04F085FDF19C0_20251006_091614T.WAV,24A04F085FDF19C0_20251006_091614_000T.wav,NA,C:\Users\Nancy\Desktop\Bat Files,C:\Users\Nancy\Desktop\AutoID\10 09 Output,17,27.479,209.982,27.031,4.142,97.26,5.604,5.14,NA,2025-10-06T09:16:14Z,LASNOC,2025-10-05
MCE,2025-10-06T09:16:28Z,2025-10-06,04:16:28,4,LASNOC,1,26.49,-1.93,0,0.382644,LASCIN,EPTFUS,NA,NA,15,15,7.708,1,0,27.463,25.913,9,24A04F085FDF19C0,Schmeeckle 2025 Master.csv,MCE\10 09\20251006,24A04F085FDF19C0_20251006_091628T.WAV,24A04F085FDF19C0_20251006_091628_000T.wav,NA,C:\Users\Nancy\Desktop\Bat Files,C:\Users\Nancy\Desktop\AutoID\10 09 Output,15,26.631,349.766,26.686,3.011,28.93,5.972,3.3,NA,2025-10-06T09:16:28Z,LASNOC,2025-10-05
MCE,2025-10-06T09:16:42Z,2025-10-06,04:16:42,4,LASNOC,0.857,26.519,9.52,0,0.371819,LASCIN,EPTFUS,NA,NA,21,21,5.915,1,0,28.258,26.191,9,24A04F085FDF19C0,Schmeeckle 2025 Master.csv,MCE\10 09\20251006,24A04F085FDF19C0_20251006_091642T.WAV,24A04F085FDF19C0_20251006_091642_000T.wav,NA,C:\Users\Nancy\Desktop\Bat Files,C:\Users\Nancy\Desktop\AutoID\10 09 Output,18,26.941,231.727,26.953,3.069,60.34,5.05,5.1,NA,2025-10-06T09:16:42Z,LASNOC,2025-10-05
MCE,2025-10-06T09:17:24Z,2025-10-06,04:17:24,4,LASNOC,0.857,27.331,9.77,0,0.377764,EPTFUS,LASCIN,NA,NA,28,28,7.87,1,0,34.683,27.057,9,24A04F085FDF19C0,Schmeeckle 2025 Master.csv,MCE\10 09\20251006,24A04F085FDF19C0_20251006_091724T.WAV,24A04F085FDF19C0_20251006_091724_000T.wav,NA,C:\Users\Nancy\Desktop\Bat Files,C:\Users\Nancy\Desktop\AutoID\10 09 Output,24,28.87,210.398,27.77,4.846,239.1,7.123,6.47,NA,2025-10-06T09:17:24Z,LASNOC,2025-10-05
MCE,2025-10-06T09:17:38Z,2025-10-06,04:17:38,4,LASNOC,0.952,26.779,6.8,0,0.372827,LASCIN,EPTFUS,NA,NA,21,21,4.58,1,0,28.146,26.503,9,24A04F085FDF19C0,Schmeeckle 2025 Master.csv,MCE\10 09\20251006,24A04F085FDF19C0_20251006_091738T.WAV,24A04F085FDF19C0_20251006_091738_000T.wav,NA,C:\Users\Nancy\Desktop\Bat Files,C:\Users\Nancy\Desktop\AutoID\10 09 Output,20,27.08,442.295,27.023,2.005,42.08,3.694,4.33,NA,2025-10-06T09:17:38Z,LASNOC,2025-10-05
MCE,2025-10-06T09:17:52Z,2025-10-06,04:17:52,4,LASNOC,1,26.002,3.36,0,0.294974,LASCIN,EPTFUS,NA,NA,12,12,4.76,1,0,26.556,25.592,9,24A04F085FDF19C0,Schmeeckle 2025 Master.csv,MCE\10 09\20251006,24A04F085FDF19C0_20251006_091752T.WAV,24A04F085FDF19C0_20251006_091752_000T.wav,NA,C:\Users\Nancy\Desktop\Bat Files,C:\Users\Nancy\Desktop\AutoID\10 09 Output,12,26.056,543.804,26.186,1.291,4.81,3.068,2.76,NA,2025-10-06T09:17:52Z,LASNOC,2025-10-05
MCE,2025-10-06T09:18:06Z,2025-10-06,04:18:06,4,LASNOC,0.923,26.835,13.64,0,0.427922,LASCIN,EPTFUS,NA,NA,26,26,9.13,1,0,32.208,26.5,9,24A04F085FDF19C0,Schmeeckle 2025 Master.csv,MCE\10 09\20251006,24A04F085FDF19C0_20251006_091806T.WAV,24A04F085FDF19C0_20251006_091806_000T.wav,NA,C:\Users\Nancy\Desktop\Bat Files,C:\Users\Nancy\Desktop\AutoID\10 09 Output,24,28.048,232.85,27.817,4.019,162.96,8.141,4.68,NA,2025-10-06T09:18:06Z,LASNOC,2025-10-05
MCE,2025-10-06T09:18:34Z,2025-10-06,04:18:34,4,LASNOC,0.645,25.365,7.67,0,0.300876,LASCIN,EPTFUS,NA,NA,31,31,9.865,1,0,29.85,24.972,9,24A04F085FDF19C0,Schmeeckle 2025 Master.csv,MCE\10 09\20251006,24A04F085FDF19C0_20251006_091834T.WAV,24A04F085FDF19C0_20251006_091834_000T.wav,NA,C:\Users\Nancy\Desktop\Bat Files,C:\Users\Nancy\Desktop\AutoID\10 09 Output,20,26.317,271.059,25.871,5.903,166.65,8.655,5.28,NA,2025-10-06T09:18:34Z,LASNOC,2025-10-05
MCE,2025-10-06T09:18:48Z,2025-10-06,04:18:48,4,LASNOC,0.303,26.505,21.63,0,0.327386,EPTFUS,LASCIN,NA,NA,33,33,7.743,1,0,38.525,25.436,9,24A04F085FDF19C0,Schmeeckle 2025 Master.csv,MCE\10 09\20251006,24A04F085FDF19C0_20251006_091848T.WAV,24A04F085FDF19C0_20251006_091848_000T.wav,NA,C:\Users\Nancy\Desktop\Bat Files,C:\Users\Nancy\Desktop\AutoID\10 09 Output,10,28.725,179.121,27.727,3.758,356.91,6.554,4.71,NA,2025-10-06T09:18:48Z,LASNOC,2025-10-05
MCE,2025-10-06T09:19:02Z,2025-10-06,04:19:02,4,LASNOC,0.679,26.371,16.31,0,0.383035,EPTFUS,LASCIN,NA,NA,28,28,7.845,1,0,31.475,26.165,9,24A04F085FDF19C0,Schmeeckle 2025 Master.csv,MCE\10 09\20251006,24A04F085FDF19C0_20251006_091902T.WAV,24A04F085FDF19C0_20251006_091902_000T.wav,NA,C:\Users\Nancy\Desktop\Bat Files,C:\Users\Nancy\Desktop\AutoID\10 09 Output,19,27.518,262.962,27.108,4.414,177.02,7.049,5.62,NA,2025-10-06T09:19:02Z,LASNOC,2025-10-05
MCE,2025-10-06T09:19:16Z,2025-10-06,04:19:16,4,LASNOC,0.707,27.412,16.16,0,0.342026,EPTFUS,LASCIN,NA,NA,41,41,7.529,1,0,36.018,27.237,9,24A04F085FDF19C0,Schmeeckle 2025 Master.csv,MCE\10 09\20251006,24A04F085FDF19C0_20251006_091916T.WAV,24A04F085FDF19C0_20251006_091916_000T.wav,NA,C:\Users\Nancy\Desktop\Bat Files,C:\Users\Nancy\Desktop\AutoID\10 09 Output,29,29.375,208.283,28.329,4.331,261.47,7.215,6.45,NA,2025-10-06T09:19:16Z,LASNOC,2025-10-05
MCE,2025-10-06T09:19:30Z,2025-10-06,04:19:30,4,LASNOC,0.842,26.529,9.61,0,0.431211,EPTFUS,LASCIN,NA,NA,19,19,7.741,1,0,30.664,26.26,9,24A04F085FDF19C0,Schmeeckle 2025 Master.csv,MCE\10 09\20251006,24A04F085FDF19C0_20251006_091930T.WAV,24A04F085FDF19C0_20251006_091930_000T.wav,NA,C:\Users\Nancy\Desktop\Bat Files,C:\Users\Nancy\Desktop\AutoID\10 09 Output,16,27.406,222.068,27.166,3.458,161.34,6.743,2.85,NA,2025-10-06T09:19:30Z,LASNOC,2025-10-05
MCE,2025-10-06T09:19:58Z,2025-10-06,04:19:58,4,LASNOC,0.833,27.263,16.91,0,0.472983,EPTFUS,LASCIN,NA,NA,6,6,7.424,1,0,32.912,27.018,9,24A04F085FDF19C0,Schmeeckle 2025 Master.csv,MCE\10 09\20251006,24A04F085FDF19C0_20251006_091958T.WAV,24A04F085FDF19C0_20251006_091958_000T.wav,NA,C:\Users\Nancy\Desktop\Bat Files,C:\Users\Nancy\Desktop\AutoID\10 09 Output,5,28.525,230.417,28.393,3.301,152.07,6.908,0.84,NA,2025-10-06T09:19:58Z,LASNOC,2025-10-05
MCE,2025-10-06T09:20:12Z,2025-10-06,04:20:12,4,LASNOC,0.647,27.026,16.98,0,0.32499,EPTFUS,LASCIN,NA,NA,17,17,6.797,1,0,33.371,26.809,9,24A04F085FDF19C0,Schmeeckle 2025 Master.csv,MCE\10 09\20251006,24A04F085FDF19C0_20251006_092012T.WAV,24A04F085FDF19C0_20251006_092012_000T.wav,NA,C:\Users\Nancy\Desktop\Bat Files,C:\Users\Nancy\Desktop\AutoID\10 09 Output,11,28.605,210.924,27.906,3.649,201.89,6.261,2.76,NA,2025-10-06T09:20:12Z,LASNOC,2025-10-05
MCE,2025-10-06T09:20:40Z,2025-10-06,04:20:40,4,LASNOC,0.867,26.545,9.34,0,0.390463,LASCIN,EPTFUS,NA,NA,15,15,7.172,1,0,29.489,26.172,9,24A04F085FDF19C0,Schmeeckle 2025 Master.csv,MCE\10 09\20251006,24A04F085FDF19C0_20251006_092040T.WAV,24A04F085FDF19C0_20251006_092040_000T.wav,NA,C:\Users\Nancy\Desktop\Bat Files,C:\Users\Nancy\Desktop\AutoID\10 09 Output,13,27.297,253.579,26.863,4.92,97.67,6.202,5.32,NA,2025-10-06T09:20:40Z,LASNOC,2025-10-05
MCE,2025-10-06T09:20:54Z,2025-10-06,04:20:54,4,LASNOC,0.706,25.904,11.67,0,0.252647,LASCIN,EPTFUS,NA,NA,17,17,6.266,1,0,27.347,25.581,9,24A04F085FDF19C0,Schmeeckle 2025 Master.csv,MCE\10 09\20251006,24A04F085FDF19C0_20251006_092054T.WAV,24A04F085FDF19C0_20251006_092054_000T.wav,NA,C:\Users\Nancy\Desktop\Bat Files,C:\Users\Nancy\Desktop\AutoID\10 09 Output,12,26.257,392.776,26.325,3.018,94.03,5.087,5.19,NA,2025-10-06T09:20:54Z,LASNOC,2025-10-05
MCE,2025-10-06T09:21:22Z,2025-10-06,04:21:22,4,LASNOC,0.925,27.411,10.57,0,0.364866,EPTFUS,LASCIN,NA,NA,40,40,6.596,1,0,31.455,27.003,9,24A04F085FDF19C0,Schmeeckle 2025 Master.csv,MCE\10 09\20251006,24A04F085FDF19C0_20251006_092122T.WAV,24A04F085FDF19C0_20251006_092122_000T.wav,NA,C:\Users\Nancy\Desktop\Bat Files,C:\Users\Nancy\Desktop\AutoID\10 09 Output,37,28.318,218.227,27.919,3.441,99.76,5.585,9.15,NA,2025-10-06T09:21:22Z,LASNOC,2025-10-05
MCE,2025-10-06T09:21:36Z,2025-10-06,04:21:36,4,LASNOC,1,26.492,1.15,0,0.355451,LASCIN,EPTFUS,NA,NA,2,2,3.771,1,0,26.713,26.273,9,24A04F085FDF19C0,Schmeeckle 2025 Master.csv,MCE\10 09\20251006,24A04F085FDF19C0_20251006_092136T.WAV,24A04F085FDF19C0_20251006_092136_000T.wav,NA,C:\Users\Nancy\Desktop\Bat Files,C:\Users\Nancy\Desktop\AutoID\10 09 Output,2,26.514,800.719,26.537,1.205,-24.41,3.394,0.52,NA,2025-10-06T09:21:36Z,LASNOC,2025-10-05
MCE,2025-10-06T09:22:04Z,2025-10-06,04:22:04,4,LASNOC,1,25.717,9.06,0,0.429705,LASCIN,EPTFUS,NA,NA,11,11,9.47,1,0,27.985,25.342,9,24A04F085FDF19C0,Schmeeckle 2025 Master.csv,MCE\10 09\20251006,24A04F085FDF19C0_20251006_092204T.WAV,24A04F085FDF19C0_20251006_092204_000T.wav,NA,C:\Users\Nancy\Desktop\Bat Files,C:\Users\Nancy\Desktop\AutoID\10 09 Output,11,26.345,430.988,26.367,4.468,44.45,7.964,2.72,NA,2025-10-06T09:22:04Z,LASNOC,2025-10-05
MCE,2025-10-06T09:22:46Z,2025-10-06,04:22:46,4,LASNOC,0.827,26.874,13.21,0,0.392078,EPTFUS,LASCIN,NA,NA,52,52,7.783,1,0,34.587,26.262,9,24A04F085FDF19C0,Schmeeckle 2025 Master.csv,MCE\10 09\20251006,24A04F085FDF19C0_20251006_092246T.WAV,24A04F085FDF19C0_20251006_092246_000T.wav,NA,C:\Users\Nancy\Desktop\Bat Files,C:\Users\Nancy\Desktop\AutoID\10 09 Output,43,28.36,132.37,27.62,4.067,199.39,6.738,9.33,NA,2025-10-06T09:22:46Z,LASNOC,2025-10-05
MCE,2025-10-06T09:23:00Z,2025-10-06,04:23:00,4,LASNOC,0.933,26.752,5.42,0,0.420597,LASCIN,EPTFUS,NA,NA,30,30,8.196,1,0,29.783,26.408,9,24A04F085FDF19C0,Schmeeckle 2025 Master.csv,MCE\10 09\20251006,24A04F085FDF19C0_20251006_092300T.WAV,24A04F085FDF19C0_20251006_092300_000T.wav,NA,C:\Users\Nancy\Desktop\Bat Files,C:\Users\Nancy\Desktop\AutoID\10 09 Output,28,27.392,250.175,27.307,3.816,140.52,7.126,5.93,NA,2025-10-06T09:23:00Z,LASNOC,2025-10-05
MCE,2025-10-06T09:23:14Z,2025-10-06,04:23:14,4,LASNOC,0.966,27.536,13.85,0,0.441852,EPTFUS,LASCIN,NA,NA,29,29,8.521,1,0,33.24,27.138,9,24A04F085FDF19C0,Schmeeckle 2025 Master.csv,MCE\10 09\20251006,24A04F085FDF19C0_20251006_092314T.WAV,24A04F085FDF19C0_20251006_092314_000T.wav,NA,C:\Users\Nancy\Desktop\Bat Files,C:\Users\Nancy\Desktop\AutoID\10 09 Output,28,28.627,229.359,28.416,3.564,199.69,7.497,5.54,NA,2025-10-06T09:23:14Z,LASNOC,2025-10-05
MCE,2025-10-06T09:25:20Z,2025-10-06,04:25:20,4,LASNOC,0.846,25.73,5.72,0,0.377462,LASCIN,EPTFUS,NA,NA,13,13,7.535,1,0,28.008,25.278,9,24A04F085FDF19C0,Schmeeckle 2025 Master.csv,MCE\10 09\20251006,24A04F085FDF19C0_20251006_092520T.WAV,24A04F085FDF19C0_20251006_092520_000T.wav,NA,C:\Users\Nancy\Desktop\Bat Files,C:\Users\Nancy\Desktop\AutoID\10 09 Output,11,26.233,237.529,26.296,2.863,15.83,6.295,2.76,NA,2025-10-06T09:25:20Z,LASNOC,2025-10-05
MCE,2025-10-06T09:25:34Z,2025-10-06,04:25:34,4,LASNOC,0.29,25.798,9.53,0,0.231343,LASCIN,EPTFUS,NA,NA,31,31,7.36,1,0,29.682,25.251,9,24A04F085FDF19C0,Schmeeckle 2025 Master.csv,MCE\10 09\20251006,24A04F085FDF19C0_20251006_092534T.WAV,24A04F085FDF19C0_20251006_092534_000T.wav,NA,C:\Users\Nancy\Desktop\Bat Files,C:\Users\Nancy\Desktop\AutoID\10 09 Output,9,26.556,262.178,26.048,4.945,147.84,6.407,8.02,NA,2025-10-06T09:25:34Z,LASNOC,2025-10-05
MCE,2025-10-06T09:26:58Z,2025-10-06,04:26:58,4,LASNOC,0.933,26.356,1,0,0.331216,LASCIN,EPTFUS,NA,NA,15,15,3.86,1,0,27.02,26.115,9,24A04F085FDF19C0,Schmeeckle 2025 Master.csv,MCE\10 09\20251006,24A04F085FDF19C0_20251006_092658T.WAV,24A04F085FDF19C0_20251006_092658_000T.wav,NA,C:\Users\Nancy\Desktop\Bat Files,C:\Users\Nancy\Desktop\AutoID\10 09 Output,14,26.465,298.29,26.5,1.526,13.66,3.304,3.5,NA,2025-10-06T09:26:58Z,LASNOC,2025-10-05
MCE,2025-10-06T09:27:40Z,2025-10-06,04:27:40,4,LASNOC,0.6,26.426,-13.01,0,0.349286,EPTFUS,LASCIN,NA,NA,5,5,5.351,1,0,27.841,26.076,9,24A04F085FDF19C0,Schmeeckle 2025 Master.csv,MCE\10 09\20251006,24A04F085FDF19C0_20251006_092740T.WAV,24A04F085FDF19C0_20251006_092740_000T.wav,NA,C:\Users\Nancy\Desktop\Bat Files,C:\Users\Nancy\Desktop\AutoID\10 09 Output,3,26.671,259.755,26.468,3.057,117.54,4.611,1.06,NA,2025-10-06T09:27:40Z,LASNOC,2025-10-05
MCE,2025-10-06T09:28:36Z,2025-10-06,04:28:36,4,LASNOC,0.929,27.892,15.82,0,0.376529,EPTFUS,LASCIN,NA,NA,14,14,7.814,1,0,34.223,27.315,9,24A04F085FDF19C0,Schmeeckle 2025 Master.csv,MCE\10 09\20251006,24A04F085FDF19C0_20251006_092836T.WAV,24A04F085FDF19C0_20251006_092836_000T.wav,NA,C:\Users\Nancy\Desktop\Bat Files,C:\Users\Nancy\Desktop\AutoID\10 09 Output,13,29.173,511.553,28.88,3.46,207.53,6.774,1.7,NA,2025-10-06T09:28:36Z,LASNOC,2025-10-05
MCE,2025-10-06T09:28:50Z,2025-10-06,04:28:50,4,LASNOC,0.803,27.189,16.8,0,0.382414,EPTFUS,LASCIN,NA,NA,71,71,7.665,1,0,35.836,26.639,9,24A04F085FDF19C0,Schmeeckle 2025 Master.csv,MCE\10 09\20251006,24A04F085FDF19C0_20251006_092850T.WAV,24A04F085FDF19C0_20251006_092850_000T.wav,NA,C:\Users\Nancy\Desktop\Bat Files,C:\Users\Nancy\Desktop\AutoID\10 09 Output,57,28.906,127.141,28.088,4.06,279.37,6.864,13.83,NA,2025-10-06T09:28:50Z,LASNOC,2025-10-05
MCE,2025-10-06T09:29:04Z,2025-10-06,04:29:04,4,EPTFUS,0.5,27.781,26.23,0,0.331189,LASNOC,LASCIN,NA,NA,2,2,3.099,1,0,30.55,27.307,9,24A04F085FDF19C0,Schmeeckle 2025 Master.csv,MCE\10 09\20251006,24A04F085FDF19C0_20251006_092904T.WAV,24A04F085FDF19C0_20251006_092904_000T.wav,NA,C:\Users\Nancy\Desktop\Bat Files,C:\Users\Nancy\Desktop\AutoID\10 09 Output,1,28.385,116.388,28.075,1.799,108.87,2.518,0.64,NA,2025-10-06T09:29:04Z,EPTFUS,2025-10-05
MCE,2025-10-06T09:29:18Z,2025-10-06,04:29:18,4,LASNOC,0.692,25.819,16.37,0,0.27826,LASCIN,EPTFUS,NA,NA,13,13,6.464,1,0,29.374,25.533,9,24A04F085FDF19C0,Schmeeckle 2025 Master.csv,MCE\10 09\20251006,24A04F085FDF19C0_20251006_092918T.WAV,24A04F085FDF19C0_20251006_092918_000T.wav,NA,C:\Users\Nancy\Desktop\Bat Files,C:\Users\Nancy\Desktop\AutoID\10 09 Output,9,26.585,371.388,26.274,3.788,100.37,5.532,2.89,NA,2025-10-06T09:29:18Z,LASNOC,2025-10-05
MCE,2025-10-06T09:30:00Z,2025-10-06,04:30:00,4,LASCIN,0.667,25.159,21.83,0,0.189829,EPTFUS,LASNOC,NA,NA,3,3,4.276,1,0,27.085,24.696,9,24A04F085FDF19C0,Schmeeckle 2025 Master.csv,MCE\10 09\20251006,24A04F085FDF19C0_20251006_093000T.WAV,24A04F085FDF19C0_20251006_093000_000T.wav,NA,C:\Users\Nancy\Desktop\Bat Files,C:\Users\Nancy\Desktop\AutoID\10 09 Output,2,25.681,1840.815,26.272,0.565,-72.49,3.59,0.79,NA,2025-10-06T09:30:00Z,LASCIN,2025-10-05
MCE,2025-10-06T09:31:24Z,2025-10-06,04:31:24,4,LASNOC,0.939,26.904,9.15,0,0.466528,EPTFUS,LASCIN,NA,NA,33,33,8.976,1,0,34.375,26.421,9,24A04F085FDF19C0,Schmeeckle 2025 Master.csv,MCE\10 09\20251006,24A04F085FDF19C0_20251006_093124T.WAV,24A04F085FDF19C0_20251006_093124_000T.wav,NA,C:\Users\Nancy\Desktop\Bat Files,C:\Users\Nancy\Desktop\AutoID\10 09 Output,31,28.252,254.4,27.53,5.077,231.29,7.86,7.89,NA,2025-10-06T09:31:24Z,LASNOC,2025-10-05
MCE,2025-10-06T09:31:38Z,2025-10-06,04:31:38,4,LASNOC,1,26.011,7.05,0,0.426702,EPTFUS,LASCIN,NA,NA,13,13,7.634,1,0,30.477,25.598,9,24A04F085FDF19C0,Schmeeckle 2025 Master.csv,MCE\10 09\20251006,24A04F085FDF19C0_20251006_093138T.WAV,24A04F085FDF19C0_20251006_093138_000T.wav,NA,C:\Users\Nancy\Desktop\Bat Files,C:\Users\Nancy\Desktop\AutoID\10 09 Output,13,26.877,241.563,26.461,4.456,187.94,6.795,3.17,NA,2025-10-06T09:31:38Z,LASNOC,2025-10-05
MCE,2025-10-06T09:31:52Z,2025-10-06,04:31:52,4,LASNOC,1,26.748,12.52,0,0.402532,LASCIN,EPTFUS,NA,NA,5,5,5.605,1,0,27.926,26.496,9,24A04F085FDF19C0,Schmeeckle 2025 Master.csv,MCE\10 09\20251006,24A04F085FDF19C0_20251006_093152T.WAV,24A04F085FDF19C0_20251006_093152_000T.wav,NA,C:\Users\Nancy\Desktop\Bat Files,C:\Users\Nancy\Desktop\AutoID\10 09 Output,5,27.073,680.833,27.112,3.104,39.25,4.62,1.53,NA,2025-10-06T09:31:52Z,LASNOC,2025-10-05
MCE,2025-10-06T09:32:20Z,2025-10-06,04:32:20,4,LASNOC,1,26.93,7.4,0,0.362378,LASCIN,EPTFUS,NA,NA,11,11,6.537,1,0,29.096,26.57,9,24A04F085FDF19C0,Schmeeckle 2025 Master.csv,MCE\10 09\20251006,24A04F085FDF19C0_20251006_093220T.WAV,24A04F085FDF19C0_20251006_093220_000T.wav,NA,C:\Users\Nancy\Desktop\Bat Files,C:\Users\Nancy\Desktop\AutoID\10 09 Output,11,27.564,323.401,27.479,3.379,52.63,6.022,2.45,NA,2025-10-06T09:32:20Z,LASNOC,2025-10-05
MCE,2025-10-06T09:32:34Z,2025-10-06,04:32:34,4,LASNOC,0.68,27.043,12.33,0,0.394079,EPTFUS,LASCIN,NA,NA,25,25,6.012,1,0,31.809,26.785,9,24A04F085FDF19C0,Schmeeckle 2025 Master.csv,MCE\10 09\20251006,24A04F085FDF19C0_20251006_093234T.WAV,24A04F085FDF19C0_20251006_093234_000T.wav,NA,C:\Users\Nancy\Desktop\Bat Files,C:\Users\Nancy\Desktop\AutoID\10 09 Output,17,28.235,360.135,27.688,3.501,156.34,5.531,4.78,NA,2025-10-06T09:32:34Z,LASNOC,2025-10-05
MCE,2025-10-06T09:32:48Z,2025-10-06,04:32:48,4,LASNOC,0.963,27.111,11.49,0,0.43502,EPTFUS,LASCIN,NA,NA,54,54,8.061,1,0,34.927,26.746,9,24A04F085FDF19C0,Schmeeckle 2025 Master.csv,MCE\10 09\20251006,24A04F085FDF19C0_20251006_093248T.WAV,24A04F085FDF19C0_20251006_093248_000T.wav,NA,C:\Users\Nancy\Desktop\Bat Files,C:\Users\Nancy\Desktop\AutoID\10 09 Output,52,28.556,165.245,27.748,4.763,219.25,7.223,9.62,NA,2025-10-06T09:32:48Z,LASNOC,2025-10-05
MCE,2025-10-06T09:33:58Z,2025-10-06,04:33:58,4,LASNOC,1,26.321,9.82,0,0.362053,LASCIN,EPTFUS,NA,NA,3,3,6.992,1,0,28.106,26.091,9,24A04F085FDF19C0,Schmeeckle 2025 Master.csv,MCE\10 09\20251006,24A04F085FDF19C0_20251006_093358T.WAV,24A04F085FDF19C0_20251006_093358_000T.wav,NA,C:\Users\Nancy\Desktop\Bat Files,C:\Users\Nancy\Desktop\AutoID\10 09 Output,3,26.92,374.381,26.67,4.564,14.03,6.585,1.06,NA,2025-10-06T09:33:58Z,LASNOC,2025-10-05
MCE,2025-10-06T09:34:12Z,2025-10-06,04:34:12,4,LASNOC,0.95,27.233,10.88,0,0.398144,EPTFUS,LASCIN,NA,NA,40,40,7.274,1,0,31.358,26.968,9,24A04F085FDF19C0,Schmeeckle 2025 Master.csv,MCE\10 09\20251006,24A04F085FDF19C0_20251006_093412T.WAV,24A04F085FDF19C0_20251006_093412_000T.wav,NA,C:\Users\Nancy\Desktop\Bat Files,C:\Users\Nancy\Desktop\AutoID\10 09 Output,38,28.137,229.841,27.759,4.127,159.44,6.619,7.37,NA,2025-10-06T09:34:12Z,LASNOC,2025-10-05
MCE,2025-10-06T09:34:26Z,2025-10-06,04:34:26,4,EPTFUS,0.364,27.985,36.56,0,0.257952,LASNOC,LASCIN,NA,NA,11,11,3.398,1,0,33.777,27.829,9,24A04F085FDF19C0,Schmeeckle 2025 Master.csv,MCE\10 09\20251006,24A04F085FDF19C0_20251006_093426T.WAV,24A04F085FDF19C0_20251006_093426_000T.wav,NA,C:\Users\Nancy\Desktop\Bat Files,C:\Users\Nancy\Desktop\AutoID\10 09 Output,4,29.446,267.2,28.872,1.935,281.86,3.239,2.79,NA,2025-10-06T09:34:26Z,EPTFUS,2025-10-05
MCE,2025-10-06T09:34:40Z,2025-10-06,04:34:40,4,LASNOC,0.613,26.46,16,0,0.321466,EPTFUS,LASCIN,NA,NA,31,31,6.981,1,0,32.829,26.189,9,24A04F085FDF19C0,Schmeeckle 2025 Master.csv,MCE\10 09\20251006,24A04F085FDF19C0_20251006_093440T.WAV,24A04F085FDF19C0_20251006_093440_000T.wav,NA,C:\Users\Nancy\Desktop\Bat Files,C:\Users\Nancy\Desktop\AutoID\10 09 Output,19,27.863,258.011,27.335,3.638,183.77,6.48,6.83,NA,2025-10-06T09:34:40Z,LASNOC,2025-10-05
MCE,2025-10-06T09:34:54Z,2025-10-06,04:34:54,4,LASNOC,1,27.43,7.83,0,0.462203,LASCIN,EPTFUS,NA,NA,25,25,9.288,1,0,32.505,27.123,9,24A04F085FDF19C0,Schmeeckle 2025 Master.csv,MCE\10 09\20251006,24A04F085FDF19C0_20251006_093454T.WAV,24A04F085FDF19C0_20251006_093454_000T.wav,NA,C:\Users\Nancy\Desktop\Bat Files,C:\Users\Nancy\Desktop\AutoID\10 09 Output,25,28.419,205.677,28.116,4.305,168.92,8.264,3.85,NA,2025-10-06T09:34:54Z,LASNOC,2025-10-05
MCE,2025-10-06T09:35:08Z,2025-10-06,04:35:08,4,LASNOC,0.81,26.453,30.16,0,0.448918,EPTFUS,LASCIN,NA,NA,21,21,6.609,1,0,36.638,26.222,9,24A04F085FDF19C0,Schmeeckle 2025 Master.csv,MCE\10 09\20251006,24A04F085FDF19C0_20251006_093508T.WAV,24A04F085FDF19C0_20251006_093508_000T.wav,NA,C:\Users\Nancy\Desktop\Bat Files,C:\Users\Nancy\Desktop\AutoID\10 09 Output,17,28.471,182.412,27.453,4.067,359.16,6.282,4.26,NA,2025-10-06T09:35:08Z,LASNOC,2025-10-05
MCE,2025-10-06T09:35:22Z,2025-10-06,04:35:22,4,LASNOC,0.923,27.295,14.26,0,0.445883,EPTFUS,LASCIN,NA,NA,39,39,8.536,1,0,33.259,26.712,9,24A04F085FDF19C0,Schmeeckle 2025 Master.csv,MCE\10 09\20251006,24A04F085FDF19C0_20251006_093522T.WAV,24A04F085FDF19C0_20251006_093522_000T.wav,NA,C:\Users\Nancy\Desktop\Bat Files,C:\Users\Nancy\Desktop\AutoID\10 09 Output,36,28.554,232.931,28.266,3.797,187.09,7.412,6.02,NA,2025-10-06T09:35:22Z,LASNOC,2025-10-05
MCE,2025-10-06T09:35:36Z,2025-10-06,04:35:36,4,LASNOC,0.722,27.143,9.21,0,0.333879,EPTFUS,LASCIN,NA,NA,18,18,5.452,1,0,31.666,26.826,9,24A04F085FDF19C0,Schmeeckle 2025 Master.csv,MCE\10 09\20251006,24A04F085FDF19C0_20251006_093536T.WAV,24A04F085FDF19C0_20251006_093536_000T.wav,NA,C:\Users\Nancy\Desktop\Bat Files,C:\Users\Nancy\Desktop\AutoID\10 09 Output,13,28.235,127.501,27.695,3.079,151.5,4.838,5.41,NA,2025-10-06T09:35:36Z,LASNOC,2025-10-05
MCE,2025-10-06T09:35:50Z,2025-10-06,04:35:50,4,LASNOC,0.875,26.987,13.04,0,0.411987,EPTFUS,LASCIN,NA,NA,24,24,7.363,1,0,29.548,26.759,9,24A04F085FDF19C0,Schmeeckle 2025 Master.csv,MCE\10 09\20251006,24A04F085FDF19C0_20251006_093550T.WAV,24A04F085FDF19C0_20251006_093550_000T.wav,NA,C:\Users\Nancy\Desktop\Bat Files,C:\Users\Nancy\Desktop\AutoID\10 09 Output,21,27.662,266.134,27.727,2.885,87.34,6.454,3.97,NA,2025-10-06T09:35:50Z,LASNOC,2025-10-05
MCE,2025-10-06T09:36:18Z,2025-10-06,04:36:18,4,LASNOC,0.81,28.859,35.48,0,0.236655,EPTFUS,LASCIN,NA,NA,21,21,4.127,1,0,38.336,28.717,9,24A04F085FDF19C0,Schmeeckle 2025 Master.csv,MCE\10 09\20251006,24A04F085FDF19C0_20251006_093618T.WAV,24A04F085FDF19C0_20251006_093618_000T.wav,NA,C:\Users\Nancy\Desktop\Bat Files,C:\Users\Nancy\Desktop\AutoID\10 09 Output,17,31.28,144.069,29.739,2.238,312.33,3.833,3.51,NA,2025-10-06T09:36:18Z,LASNOC,2025-10-05
MCE,2025-10-06T09:36:32Z,2025-10-06,04:36:32,4,LASNOC,0.545,27.499,32.39,0,0.312991,EPTFUS,LASCIN,NA,NA,11,11,5.02,1,0,33.986,27.113,9,24A04F085FDF19C0,Schmeeckle 2025 Master.csv,MCE\10 09\20251006,24A04F085FDF19C0_20251006_093632T.WAV,24A04F085FDF19C0_20251006_093632_000T.wav,NA,C:\Users\Nancy\Desktop\Bat Files,C:\Users\Nancy\Desktop\AutoID\10 09 Output,6,29.114,513.952,28.278,2.75,209.33,4.264,3.03,NA,2025-10-06T09:36:32Z,LASNOC,2025-10-05
MCE,2025-10-06T09:36:46Z,2025-10-06,04:36:46,4,LASNOC,0.893,26.329,18.45,0,0.341202,LASCIN,EPTFUS,NA,NA,28,28,7.916,1,0,30.369,25.975,9,24A04F085FDF19C0,Schmeeckle 2025 Master.csv,MCE\10 09\20251006,24A04F085FDF19C0_20251006_093646T.WAV,24A04F085FDF19C0_20251006_093646_000T.wav,NA,C:\Users\Nancy\Desktop\Bat Files,C:\Users\Nancy\Desktop\AutoID\10 09 Output,25,27.21,198.728,26.812,4.588,114.8,6.516,7.02,NA,2025-10-06T09:36:46Z,LASNOC,2025-10-05
MCE,2025-10-06T09:37:00Z,2025-10-06,04:37:00,4,LASNOC,0.76,26.42,10.15,0,0.318737,EPTFUS,LASCIN,NA,NA,25,25,6.92,1,0,29.865,26.05,9,24A04F085FDF19C0,Schmeeckle 2025 Master.csv,MCE\10 09\20251006,24A04F085FDF19C0_20251006_093700T.WAV,24A04F085FDF19C0_20251006_093700_000T.wav,NA,C:\Users\Nancy\Desktop\Bat Files,C:\Users\Nancy\Desktop\AutoID\10 09 Output,19,27.183,356.3,26.911,3.85,123.43,5.693,6.76,NA,2025-10-06T09:37:00Z,LASNOC,2025-10-05
MCE,2025-10-06T09:37:14Z,2025-10-06,04:37:14,4,LASNOC,0.778,26.562,18.4,0,0.31721,EPTFUS,LASCIN,NA,NA,9,9,3.749,1,0,28.142,26.37,9,24A04F085FDF19C0,Schmeeckle 2025 Master.csv,MCE\10 09\20251006,24A04F085FDF19C0_20251006_093714T.WAV,24A04F085FDF19C0_20251006_093714_000T.wav,NA,C:\Users\Nancy\Desktop\Bat Files,C:\Users\Nancy\Desktop\AutoID\10 09 Output,7,27.033,374.358,27.066,1.771,89.13,3.245,3,NA,2025-10-06T09:37:14Z,LASNOC,2025-10-05
MCE,2025-10-06T09:37:28Z,2025-10-06,04:37:28,4,LASNOC,0.786,27.303,9.59,0,0.370505,EPTFUS,LASCIN,NA,NA,14,14,6.881,1,0,30.384,27.081,9,24A04F085FDF19C0,Schmeeckle 2025 Master.csv,MCE\10 09\20251006,24A04F085FDF19C0_20251006_093728T.WAV,24A04F085FDF19C0_20251006_093728_000T.wav,NA,C:\Users\Nancy\Desktop\Bat Files,C:\Users\Nancy\Desktop\AutoID\10 09 Output,11,28.111,259.326,27.867,3.166,110.66,6.349,2.13,NA,2025-10-06T09:37:28Z,LASNOC,2025-10-05
MCE,2025-10-06T09:37:42Z,2025-10-06,04:37:42,4,LASNOC,0.81,27.108,18.64,0,0.421096,EPTFUS,LASCIN,NA,NA,21,21,7.163,1,0,34.169,26.756,9,24A04F085FDF19C0,Schmeeckle 2025 Master.csv,MCE\10 09\20251006,24A04F085FDF19C0_20251006_093742T.WAV,24A04F085FDF19C0_20251006_093742_000T.wav,NA,C:\Users\Nancy\Desktop\Bat Files,C:\Users\Nancy\Desktop\AutoID\10 09 Output,17,28.654,168.067,27.849,3.886,261.71,6.405,3.26,NA,2025-10-06T09:37:42Z,LASNOC,2025-10-05
MCE,2025-10-06T09:38:52Z,2025-10-06,04:38:52,4,LASNOC,0.5,27.066,19.56,0,0.318799,EPTFUS,LASCIN,NA,NA,8,8,5.622,1,0,31.165,26.575,9,24A04F085FDF19C0,Schmeeckle 2025 Master.csv,MCE\10 09\20251006,24A04F085FDF19C0_20251006_093852T.WAV,24A04F085FDF19C0_20251006_093852_000T.wav,NA,C:\Users\Nancy\Desktop\Bat Files,C:\Users\Nancy\Desktop\AutoID\10 09 Output,4,28.129,209.547,27.913,2.752,93.22,4.969,1.26,NA,2025-10-06T09:38:52Z,LASNOC,2025-10-05
MCE,2025-10-06T09:39:06Z,2025-10-06,04:39:06,4,LASNOC,0.611,26.519,15.31,0,0.342889,EPTFUS,LASCIN,NA,NA,18,18,7.565,1,0,30.591,25.854,9,24A04F085FDF19C0,Schmeeckle 2025 Master.csv,MCE\10 09\20251006,24A04F085FDF19C0_20251006_093906T.WAV,24A04F085FDF19C0_20251006_093906_000T.wav,NA,C:\Users\Nancy\Desktop\Bat Files,C:\Users\Nancy\Desktop\AutoID\10 09 Output,11,27.305,527.105,27.323,2.721,103.33,5.945,4.22,NA,2025-10-06T09:39:06Z,LASNOC,2025-10-05
MCE,2025-10-06T09:39:20Z,2025-10-06,04:39:20,4,LASNOC,0.768,27.061,12.85,0,0.354012,EPTFUS,LASCIN,NA,NA,69,69,6.752,1,0,33.007,26.63,9,24A04F085FDF19C0,Schmeeckle 2025 Master.csv,MCE\10 09\20251006,24A04F085FDF19C0_20251006_093920T.WAV,24A04F085FDF19C0_20251006_093920_000T.wav,NA,C:\Users\Nancy\Desktop\Bat Files,C:\Users\Nancy\Desktop\AutoID\10 09 Output,53,28.312,129.03,27.666,3.468,202.2,5.858,16.06,NA,2025-10-06T09:39:20Z,LASNOC,2025-10-05
MCE,2025-10-06T09:39:34Z,2025-10-06,04:39:34,4,LASNOC,0.9,27.27,14.21,0,0.446051,EPTFUS,LASCIN,NA,NA,30,30,7.57,1,0,32.889,27.012,9,24A04F085FDF19C0,Schmeeckle 2025 Master.csv,MCE\10 09\20251006,24A04F085FDF19C0_20251006_093934T.WAV,24A04F085FDF19C0_20251006_093934_000T.wav,NA,C:\Users\Nancy\Desktop\Bat Files,C:\Users\Nancy\Desktop\AutoID\10 09 Output,27,28.361,256.85,28.006,3.947,240.78,6.734,4.67,NA,2025-10-06T09:39:34Z,LASNOC,2025-10-05
MCE,2025-10-06T09:39:48Z,2025-10-06,04:39:48,4,LASNOC,0.867,27.355,5.19,0,0.415345,EPTFUS,LASCIN,NA,NA,30,30,7.794,1,0,31.907,27.078,9,24A04F085FDF19C0,Schmeeckle 2025 Master.csv,MCE\10 09\20251006,24A04F085FDF19C0_20251006_093948T.WAV,24A04F085FDF19C0_20251006_093948_000T.wav,NA,C:\Users\Nancy\Desktop\Bat Files,C:\Users\Nancy\Desktop\AutoID\10 09 Output,26,28.351,299.685,27.902,3.846,165.01,6.96,6.76,NA,2025-10-06T09:39:48Z,LASNOC,2025-10-05
MCE,2025-10-06T09:40:02Z,2025-10-06,04:40:02,4,LASNOC,1,26.653,10.62,0,0.438878,LASCIN,EPTFUS,NA,NA,24,24,8.279,1,0,31.445,26.191,9,24A04F085FDF19C0,Schmeeckle 2025 Master.csv,MCE\10 09\20251006,24A04F085FDF19C0_20251006_094002T.WAV,24A04F085FDF19C0_20251006_094002_000T.wav,NA,C:\Users\Nancy\Desktop\Bat Files,C:\Users\Nancy\Desktop\AutoID\10 09 Output,24,27.484,364.566,27.259,4.168,211.5,7.057,6.33,NA,2025-10-06T09:40:02Z,LASNOC,2025-10-05
MCE,2025-10-06T09:40:16Z,2025-10-06,04:40:16,4,LASNOC,1,25.73,9.48,0,0.339081,LASCIN,EPTFUS,NA,NA,4,4,5.269,1,0,26.235,25.4,9,24A04F085FDF19C0,Schmeeckle 2025 Master.csv,MCE\10 09\20251006,24A04F085FDF19C0_20251006_094016T.WAV,24A04F085FDF19C0_20251006_094016_000T.wav,NA,C:\Users\Nancy\Desktop\Bat Files,C:\Users\Nancy\Desktop\AutoID\10 09 Output,4,25.762,320.419,25.942,1.313,-24.73,2.742,1.27,NA,2025-10-06T09:40:16Z,LASNOC,2025-10-05
MCE,2025-10-06T09:40:30Z,2025-10-06,04:40:30,4,LASNOC,1,26.787,10.63,0,0.444688,LASCIN,EPTFUS,NA,NA,11,11,10.625,1,0,29.389,26.26,9,24A04F085FDF19C0,Schmeeckle 2025 Master.csv,MCE\10 09\20251006,24A04F085FDF19C0_20251006_094030T.WAV,24A04F085FDF19C0_20251006_094030_000T.wav,NA,C:\Users\Nancy\Desktop\Bat Files,C:\Users\Nancy\Desktop\AutoID\10 09 Output,11,27.479,389.077,27.54,5.227,66.32,9.013,1.64,NA,2025-10-06T09:40:30Z,LASNOC,2025-10-05
MCE,2025-10-06T09:40:44Z,2025-10-06,04:40:44,4,LASNOC,1,27.369,1.38,0,0.392836,LASCIN,EPTFUS,NA,NA,11,11,6.549,1,0,28.968,27.014,9,24A04F085FDF19C0,Schmeeckle 2025 Master.csv,MCE\10 09\20251006,24A04F085FDF19C0_20251006_094044T.WAV,24A04F085FDF19C0_20251006_094044_000T.wav,NA,C:\Users\Nancy\Desktop\Bat Files,C:\Users\Nancy\Desktop\AutoID\10 09 Output,11,27.652,861.953,27.637,3.204,87.97,5.481,2.35,NA,2025-10-06T09:40:44Z,LASNOC,2025-10-05
MCE,2025-10-06T09:41:12Z,2025-10-06,04:41:12,4,LASNOC,0.726,27.632,20.55,0,0.341082,EPTFUS,LASCIN,NA,NA,117,117,6.274,1,0,35.104,27.36,9,24A04F085FDF19C0,Schmeeckle 2025 Master.csv,MCE\10 09\20251006,24A04F085FDF19C0_20251006_094112T.WAV,24A04F085FDF19C0_20251006_094112_000T.wav,NA,C:\Users\Nancy\Desktop\Bat Files,C:\Users\Nancy\Desktop\AutoID\10 09 Output,85,29.293,77.174,28.645,3.165,218.04,5.844,21.08,NA,2025-10-06T09:41:12Z,LASNOC,2025-10-05
MCE,2025-10-06T09:42:22Z,2025-10-06,04:42:22,4,LASNOC,0.793,27.651,21.11,0,0.334908,EPTFUS,LASCIN,NA,NA,29,29,4.951,1,0,34.066,27.445,9,24A04F085FDF19C0,Schmeeckle 2025 Master.csv,MCE\10 09\20251006,24A04F085FDF19C0_20251006_094222T.WAV,24A04F085FDF19C0_20251006_094222_000T.wav,NA,C:\Users\Nancy\Desktop\Bat Files,C:\Users\Nancy\Desktop\AutoID\10 09 Output,23,29.17,204.219,28.403,2.984,210.12,4.556,6.32,NA,2025-10-06T09:42:22Z,LASNOC,2025-10-05
MCE,2025-10-06T09:42:36Z,2025-10-06,04:42:36,4,LASNOC,0.952,27.177,8.72,0,0.462731,LASCIN,EPTFUS,NA,NA,21,21,9.789,1,0,32.423,26.828,9,24A04F085FDF19C0,Schmeeckle 2025 Master.csv,MCE\10 09\20251006,24A04F085FDF19C0_20251006_094236T.WAV,24A04F085FDF19C0_20251006_094236_000T.wav,NA,C:\Users\Nancy\Desktop\Bat Files,C:\Users\Nancy\Desktop\AutoID\10 09 Output,20,28.275,287.693,27.934,5.031,201.63,8.677,3.2,NA,2025-10-06T09:42:36Z,LASNOC,2025-10-05
MCE,2025-10-06T09:42:50Z,2025-10-06,04:42:50,4,LASNOC,0.75,27.098,13.5,0,0.332052,EPTFUS,LASCIN,NA,NA,8,8,4.604,1,0,29.864,26.839,9,24A04F085FDF19C0,Schmeeckle 2025 Master.csv,MCE\10 09\20251006,24A04F085FDF19C0_20251006_094250T.WAV,24A04F085FDF19C0_20251006_094250_000T.wav,NA,C:\Users\Nancy\Desktop\Bat Files,C:\Users\Nancy\Desktop\AutoID\10 09 Output,6,27.14,1372.396,27.566,2.784,117.83,4.284,1.83,NA,2025-10-06T09:42:50Z,LASNOC,2025-10-05
MCE,2025-10-06T09:43:46Z,2025-10-06,04:43:46,4,LASNOC,0.842,26.836,7.29,0,0.396352,LASCIN,EPTFUS,NA,NA,19,19,7.463,1,0,29.657,26.571,9,24A04F085FDF19C0,Schmeeckle 2025 Master.csv,MCE\10 09\20251006,24A04F085FDF19C0_20251006_094346T.WAV,24A04F085FDF19C0_20251006_094346_000T.wav,NA,C:\Users\Nancy\Desktop\Bat Files,C:\Users\Nancy\Desktop\AutoID\10 09 Output,16,27.46,396.192,27.412,3.432,149.04,6.657,3.31,NA,2025-10-06T09:43:46Z,LASNOC,2025-10-05
MCE,2025-10-06T09:44:00Z,2025-10-06,04:44:00,4,LASNOC,0.938,25.995,4.38,0,0.297829,LASCIN,EPTFUS,NA,NA,16,16,5.773,1,0,26.737,25.744,9,24A04F085FDF19C0,Schmeeckle 2025 Master.csv,MCE\10 09\20251006,24A04F085FDF19C0_20251006_094400T.WAV,24A04F085FDF19C0_20251006_094400_000T.wav,NA,C:\Users\Nancy\Desktop\Bat Files,C:\Users\Nancy\Desktop\AutoID\10 09 Output,15,26.17,504.487,26.122,2.822,46.61,4.408,4.54,NA,2025-10-06T09:44:00Z,LASNOC,2025-10-05
MCE,2025-10-06T09:44:28Z,2025-10-06,04:44:28,4,LASNOC,0.944,26.894,1.3,0,0.401512,LASCIN,EPTFUS,NA,NA,18,18,6.677,1,0,28.436,26.454,9,24A04F085FDF19C0,Schmeeckle 2025 Master.csv,MCE\10 09\20251006,24A04F085FDF19C0_20251006_094428T.WAV,24A04F085FDF19C0_20251006_094428_000T.wav,NA,C:\Users\Nancy\Desktop\Bat Files,C:\Users\Nancy\Desktop\AutoID\10 09 Output,17,27.177,334.318,27.208,2.897,92.98,5.711,3.44,NA,2025-10-06T09:44:28Z,LASNOC,2025-10-05
MCE,2025-10-06T09:45:10Z,2025-10-06,04:45:10,4,LASNOC,0.759,26.867,14.25,0,0.357844,EPTFUS,LASCIN,NA,NA,29,29,5.882,1,0,30.81,26.495,9,24A04F085FDF19C0,Schmeeckle 2025 Master.csv,MCE\10 09\20251006,24A04F085FDF19C0_20251006_094510T.WAV,24A04F085FDF19C0_20251006_094510_000T.wav,NA,C:\Users\Nancy\Desktop\Bat Files,C:\Users\Nancy\Desktop\AutoID\10 09 Output,22,27.885,195.018,27.606,3.009,149.36,5.194,6.16,NA,2025-10-06T09:45:10Z,LASNOC,2025-10-05
MCE,2025-10-06T09:45:24Z,2025-10-06,04:45:24,4,LASNOC,0.887,27.189,10.03,0,0.391366,EPTFUS,LASCIN,NA,NA,62,62,6.628,1,0,31.888,26.762,9,24A04F085FDF19C0,Schmeeckle 2025 Master.csv,MCE\10 09\20251006,24A04F085FDF19C0_20251006_094524T.WAV,24A04F085FDF19C0_20251006_094524_000T.wav,NA,C:\Users\Nancy\Desktop\Bat Files,C:\Users\Nancy\Desktop\AutoID\10 09 Output,55,28.098,141.902,27.827,3.022,143.94,5.621,13.54,NA,2025-10-06T09:45:24Z,LASNOC,2025-10-05
MCE,2025-10-06T09:45:52Z,2025-10-06,04:45:52,4,LASNOC,0.821,26.612,12.68,0,0.410879,LASCIN,EPTFUS,NA,NA,28,28,9.327,1,0,38.45,26.188,9,24A04F085FDF19C0,Schmeeckle 2025 Master.csv,MCE\10 09\20251006,24A04F085FDF19C0_20251006_094552T.WAV,24A04F085FDF19C0_20251006_094552_000T.wav,NA,C:\Users\Nancy\Desktop\Bat Files,C:\Users\Nancy\Desktop\AutoID\10 09 Output,23,28.799,175.9,27.444,4.842,355.9,8.58,5.17,NA,2025-10-06T09:45:52Z,LASNOC,2025-10-05
MCE,2025-10-06T09:46:34Z,2025-10-06,04:46:34,4,LASNOC,1,25.16,20.17,0,0.313469,LASCIN,EPTFUS,NA,NA,3,3,6.93,1,0,26.405,24.871,9,24A04F085FDF19C0,Schmeeckle 2025 Master.csv,MCE\10 09\20251006,24A04F085FDF19C0_20251006_094634T.WAV,24A04F085FDF19C0_20251006_094634_000T.wav,NA,C:\Users\Nancy\Desktop\Bat Files,C:\Users\Nancy\Desktop\AutoID\10 09 Output,3,25.575,335.572,25.564,3.823,41.38,5.5,0.8,NA,2025-10-06T09:46:34Z,LASNOC,2025-10-05
MCE,2025-10-06T09:46:48Z,2025-10-06,04:46:48,4,LASNOC,1,27.108,2.64,0,0.470036,LASCIN,EPTFUS,NA,NA,11,11,10.585,1,0,29.495,26.8,9,24A04F085FDF19C0,Schmeeckle 2025 Master.csv,MCE\10 09\20251006,24A04F085FDF19C0_20251006_094648T.WAV,24A04F085FDF19C0_20251006_094648_000T.wav,NA,C:\Users\Nancy\Desktop\Bat Files,C:\Users\Nancy\Desktop\AutoID\10 09 Output,11,27.629,276.871,27.522,4.926,75.73,9.495,2.25,NA,2025-10-06T09:46:48Z,LASNOC,2025-10-05
MCE,2025-10-06T09:47:02Z,2025-10-06,04:47:02,4,LASNOC,0.86,26.456,9.86,0,0.411768,EPTFUS,LASCIN,NA,NA,50,50,8.353,1,0,33.973,26.059,9,24A04F085FDF19C0,Schmeeckle 2025 Master.csv,MCE\10 09\20251006,24A04F085FDF19C0_20251006_094702T.WAV,24A04F085FDF19C0_20251006_094702_000T.wav,NA,C:\Users\Nancy\Desktop\Bat Files,C:\Users\Nancy\Desktop\AutoID\10 09 Output,43,27.845,179.66,26.948,5.314,220.69,7.38,9.29,NA,2025-10-06T09:47:02Z,LASNOC,2025-10-05
MCE,2025-10-06T09:47:16Z,2025-10-06,04:47:16,4,LASNOC,0.75,26.917,17.43,0,0.4674,EPTFUS,LASCIN,NA,NA,4,4,4.945,1,0,31.629,26.827,9,24A04F085FDF19C0,Schmeeckle 2025 Master.csv,MCE\10 09\20251006,24A04F085FDF19C0_20251006_094716T.WAV,24A04F085FDF19C0_20251006_094716_000T.wav,NA,C:\Users\Nancy\Desktop\Bat Files,C:\Users\Nancy\Desktop\AutoID\10 09 Output,3,27.932,253.975,27.668,2.594,271.12,4.722,0.96,NA,2025-10-06T09:47:16Z,LASNOC,2025-10-05
MCE,2025-10-06T09:47:30Z,2025-10-06,04:47:30,4,LASNOC,0.846,26.487,8.25,0,0.422981,EPTFUS,LASCIN,NA,NA,39,39,8.398,1,0,34.06,26.196,9,24A04F085FDF19C0,Schmeeckle 2025 Master.csv,MCE\10 09\20251006,24A04F085FDF19C0_20251006_094730T.WAV,24A04F085FDF19C0_20251006_094730_000T.wav,NA,C:\Users\Nancy\Desktop\Bat Files,C:\Users\Nancy\Desktop\AutoID\10 09 Output,33,27.901,223.524,27.29,3.818,242.66,7.523,5.8,NA,2025-10-06T09:47:30Z,LASNOC,2025-10-05
MCE,2025-10-06T09:47:58Z,2025-10-06,04:47:58,4,LASNOC,1,27.495,3.78,0,0.383041,LASCIN,EPTFUS,NA,NA,4,4,4.547,1,0,28.178,26.939,9,24A04F085FDF19C0,Schmeeckle 2025 Master.csv,MCE\10 09\20251006,24A04F085FDF19C0_20251006_094758T.WAV,24A04F085FDF19C0_20251006_094758_000T.wav,NA,C:\Users\Nancy\Desktop\Bat Files,C:\Users\Nancy\Desktop\AutoID\10 09 Output,4,27.487,499.487,27.636,1.073,-108.58,2.343,1.14,NA,2025-10-06T09:47:58Z,LASNOC,2025-10-05
MCE,2025-10-06T09:48:12Z,2025-10-06,04:48:12,4,LASNOC,0.683,27.19,23.46,0,0.38902,EPTFUS,LASCIN,NA,NA,41,41,6.538,1,0,33.95,26.971,9,24A04F085FDF19C0,Schmeeckle 2025 Master.csv,MCE\10 09\20251006,24A04F085FDF19C0_20251006_094812T.WAV,24A04F085FDF19C0_20251006_094812_000T.wav,NA,C:\Users\Nancy\Desktop\Bat Files,C:\Users\Nancy\Desktop\AutoID\10 09 Output,28,28.85,205.378,28.15,3.388,189.76,6.134,8.51,NA,2025-10-06T09:48:12Z,LASNOC,2025-10-05
MCE,2025-10-06T09:48:40Z,2025-10-06,04:48:40,4,LASNOC,1,26.573,5.11,0,0.353508,LASCIN,EPTFUS,NA,NA,4,4,4.811,1,0,27.949,26.337,9,24A04F085FDF19C0,Schmeeckle 2025 Master.csv,MCE\10 09\20251006,24A04F085FDF19C0_20251006_094840T.WAV,24A04F085FDF19C0_20251006_094840_000T.wav,NA,C:\Users\Nancy\Desktop\Bat Files,C:\Users\Nancy\Desktop\AutoID\10 09 Output,4,26.941,2572.72,26.762,2.476,-16.19,4.078,0.88,NA,2025-10-06T09:48:40Z,LASNOC,2025-10-05
MCE,2025-10-06T09:48:54Z,2025-10-06,04:48:54,4,LASNOC,0.882,26.489,13.12,0,0.517925,EPTFUS,LASCIN,NA,NA,34,34,8.73,1,0,36.116,26.252,9,24A04F085FDF19C0,Schmeeckle 2025 Master.csv,MCE\10 09\20251006,24A04F085FDF19C0_20251006_094854T.WAV,24A04F085FDF19C0_20251006_094854_000T.wav,NA,C:\Users\Nancy\Desktop\Bat Files,C:\Users\Nancy\Desktop\AutoID\10 09 Output,30,28.21,252.888,27.356,4.654,325.79,8.022,4.77,NA,2025-10-06T09:48:54Z,LASNOC,2025-10-05
MCE,2025-10-06T09:49:36Z,2025-10-06,04:49:36,4,LASNOC,0.864,27.447,30.29,0,0.408823,EPTFUS,LASCIN,NA,NA,44,44,6.877,1,0,37.566,26.808,9,24A04F085FDF19C0,Schmeeckle 2025 Master.csv,MCE\10 09\20251006,24A04F085FDF19C0_20251006_094936T.WAV,24A04F085FDF19C0_20251006_094936_000T.wav,NA,C:\Users\Nancy\Desktop\Bat Files,C:\Users\Nancy\Desktop\AutoID\10 09 Output,38,29.435,204.264,28.626,3.309,377.18,6.203,7.63,NA,2025-10-06T09:49:36Z,LASNOC,2025-10-05
MCE,2025-10-06T09:49:50Z,2025-10-06,04:49:50,4,LASNOC,0.817,27.587,19.35,0,0.393211,EPTFUS,LASCIN,NA,NA,60,60,7.478,1,0,37.203,27.359,9,24A04F085FDF19C0,Schmeeckle 2025 Master.csv,MCE\10 09\20251006,24A04F085FDF19C0_20251006_094950T.WAV,24A04F085FDF19C0_20251006_094950_000T.wav,NA,C:\Users\Nancy\Desktop\Bat Files,C:\Users\Nancy\Desktop\AutoID\10 09 Output,49,29.596,147.74,28.606,3.849,303.69,6.941,10.08,NA,2025-10-06T09:49:50Z,LASNOC,2025-10-05
MCE,2025-10-06T09:50:04Z,2025-10-06,04:50:04,4,LASNOC,0.833,27.544,-0.19,0,0.360586,EPTFUS,LASCIN,NA,NA,6,6,5.13,1,0,29.286,27.296,9,24A04F085FDF19C0,Schmeeckle 2025 Master.csv,MCE\10 09\20251006,24A04F085FDF19C0_20251006_095004T.WAV,24A04F085FDF19C0_20251006_095004_000T.wav,NA,C:\Users\Nancy\Desktop\Bat Files,C:\Users\Nancy\Desktop\AutoID\10 09 Output,5,27.959,294.153,27.824,2.405,40.79,4.787,1.1,NA,2025-10-06T09:50:04Z,LASNOC,2025-10-05
MCE,2025-10-06T09:50:32Z,2025-10-06,04:50:32,4,LASNOC,0.684,25.986,11.49,0,0.33598,EPTFUS,LASCIN,NA,NA,19,19,9.164,1,0,30.732,25.67,9,24A04F085FDF19C0,Schmeeckle 2025 Master.csv,MCE\10 09\20251006,24A04F085FDF19C0_20251006_095032T.WAV,24A04F085FDF19C0_20251006_095032_000T.wav,NA,C:\Users\Nancy\Desktop\Bat Files,C:\Users\Nancy\Desktop\AutoID\10 09 Output,13,27.056,328.792,26.738,4.547,105.51,8.037,2.16,NA,2025-10-06T09:50:32Z,LASNOC,2025-10-05
MCE,2025-10-06T09:50:46Z,2025-10-06,04:50:46,4,LASNOC,0.333,28.282,-17.41,0,0.292695,EPTFUS,LASCIN,NA,NA,3,3,2.84,1,0,30.468,27.844,9,24A04F085FDF19C0,Schmeeckle 2025 Master.csv,MCE\10 09\20251006,24A04F085FDF19C0_20251006_095046T.WAV,24A04F085FDF19C0_20251006_095046_000T.wav,NA,C:\Users\Nancy\Desktop\Bat Files,C:\Users\Nancy\Desktop\AutoID\10 09 Output,1,28.62,143.739,28.443,1.429,154.56,2.792,0.77,NA,2025-10-06T09:50:46Z,LASNOC,2025-10-05
MCE,2025-10-06T09:51:00Z,2025-10-06,04:51:00,4,LASNOC,0.862,26.368,6.33,0,0.347319,LASCIN,EPTFUS,NA,NA,29,29,7.232,1,0,29.378,26.072,9,24A04F085FDF19C0,Schmeeckle 2025 Master.csv,MCE\10 09\20251006,24A04F085FDF19C0_20251006_095100T.WAV,24A04F085FDF19C0_20251006_095100_000T.wav,NA,C:\Users\Nancy\Desktop\Bat Files,C:\Users\Nancy\Desktop\AutoID\10 09 Output,25,27.106,288.443,26.733,3.804,117.6,6.089,6.96,NA,2025-10-06T09:51:00Z,LASNOC,2025-10-05
MCE,2025-10-06T09:51:14Z,2025-10-06,04:51:14,4,LASNOC,1,27.335,2.98,0,0.350373,LASCIN,EPTFUS,NA,NA,14,14,6.003,1,0,28.862,26.77,9,24A04F085FDF19C0,Schmeeckle 2025 Master.csv,MCE\10 09\20251006,24A04F085FDF19C0_20251006_095114T.WAV,24A04F085FDF19C0_20251006_095114_000T.wav,NA,C:\Users\Nancy\Desktop\Bat Files,C:\Users\Nancy\Desktop\AutoID\10 09 Output,14,27.625,664.378,27.55,2.948,45.77,4.487,5.31,NA,2025-10-06T09:51:14Z,LASNOC,2025-10-05
MCE,2025-10-06T09:51:28Z,2025-10-06,04:51:28,4,LASNOC,0.889,26.918,8.72,0,0.445659,EPTFUS,LASCIN,NA,NA,9,9,6.642,1,0,30.993,26.461,9,24A04F085FDF19C0,Schmeeckle 2025 Master.csv,MCE\10 09\20251006,24A04F085FDF19C0_20251006_095128T.WAV,24A04F085FDF19C0_20251006_095128_000T.wav,NA,C:\Users\Nancy\Desktop\Bat Files,C:\Users\Nancy\Desktop\AutoID\10 09 Output,8,27.769,316.887,27.435,3.651,158.24,5.993,2.26,NA,2025-10-06T09:51:28Z,LASNOC,2025-10-05
MCE,2025-10-06T09:51:56Z,2025-10-06,04:51:56,4,LASNOC,0.511,26.022,14.55,0,0.314917,EPTFUS,LASCIN,NA,NA,45,45,8.372,1,0,33.963,25.468,9,24A04F085FDF19C0,Schmeeckle 2025 Master.csv,MCE\10 09\20251006,24A04F085FDF19C0_20251006_095156T.WAV,24A04F085FDF19C0_20251006_095156_000T.wav,NA,C:\Users\Nancy\Desktop\Bat Files,C:\Users\Nancy\Desktop\AutoID\10 09 Output,23,27.575,199.142,26.91,4.581,232.32,7.388,8.64,NA,2025-10-06T09:51:56Z,LASNOC,2025-10-05
MCE,2025-10-06T09:52:10Z,2025-10-06,04:52:10,4,EPTFUS,0.7,29.278,51.62,0,0.297762,LASNOC,LASCIN,NA,NA,10,10,5.21,1,0,41.369,28.796,9,24A04F085FDF19C0,Schmeeckle 2025 Master.csv,MCE\10 09\20251006,24A04F085FDF19C0_20251006_095210T.WAV,24A04F085FDF19C0_20251006_095210_000T.wav,NA,C:\Users\Nancy\Desktop\Bat Files,C:\Users\Nancy\Desktop\AutoID\10 09 Output,7,32.144,91.676,31.472,2.873,363,4.815,1.96,NA,2025-10-06T09:52:10Z,EPTFUS,2025-10-05
MCE,2025-10-06T09:53:06Z,2025-10-06,04:53:06,4,LASNOC,0.857,26.192,3.56,0,0.340762,LASCIN,EPTFUS,NA,NA,14,14,4.56,1,0,27.477,25.965,9,24A04F085FDF19C0,Schmeeckle 2025 Master.csv,MCE\10 09\20251006,24A04F085FDF19C0_20251006_095306T.WAV,24A04F085FDF19C0_20251006_095306_000T.wav,NA,C:\Users\Nancy\Desktop\Bat Files,C:\Users\Nancy\Desktop\AutoID\10 09 Output,12,26.512,346.724,26.41,2.239,61.96,3.844,3.14,NA,2025-10-06T09:53:06Z,LASNOC,2025-10-05
MCE,2025-10-06T09:53:20Z,2025-10-06,04:53:20,4,LASNOC,0.742,26.644,18.46,0,0.352263,EPTFUS,LASCIN,NA,NA,31,31,5.814,1,0,30.255,26.393,9,24A04F085FDF19C0,Schmeeckle 2025 Master.csv,MCE\10 09\20251006,24A04F085FDF19C0_20251006_095320T.WAV,24A04F085FDF19C0_20251006_095320_000T.wav,NA,C:\Users\Nancy\Desktop\Bat Files,C:\Users\Nancy\Desktop\AutoID\10 09 Output,23,27.53,295.652,27.271,2.829,136.98,5.217,7.24,NA,2025-10-06T09:53:20Z,LASNOC,2025-10-05
MCE,2025-10-06T09:54:16Z,2025-10-06,04:54:16,4,LASNOC,1,25.577,9.23,0,0.422284,LASCIN,EPTFUS,NA,NA,8,8,10.19,1,0,26.922,25.209,9,24A04F085FDF19C0,Schmeeckle 2025 Master.csv,MCE\10 09\20251006,24A04F085FDF19C0_20251006_095416T.WAV,24A04F085FDF19C0_20251006_095416_000T.wav,NA,C:\Users\Nancy\Desktop\Bat Files,C:\Users\Nancy\Desktop\AutoID\10 09 Output,8,25.952,579.167,26.026,4.528,-5.71,8.222,1.67,NA,2025-10-06T09:54:16Z,LASNOC,2025-10-05
MCE,2025-10-06T09:54:58Z,2025-10-06,04:54:58,4,LASNOC,0.945,26.872,12.08,0,0.427303,EPTFUS,LASCIN,NA,NA,55,55,7.365,1,0,30.849,26.451,9,24A04F085FDF19C0,Schmeeckle 2025 Master.csv,MCE\10 09\20251006,24A04F085FDF19C0_20251006_095458T.WAV,24A04F085FDF19C0_20251006_095458_000T.wav,NA,C:\Users\Nancy\Desktop\Bat Files,C:\Users\Nancy\Desktop\AutoID\10 09 Output,52,27.638,153.58,27.609,2.967,141.94,6.142,10.58,NA,2025-10-06T09:54:58Z,LASNOC,2025-10-05
MCE,2025-10-06T09:56:22Z,2025-10-06,04:56:22,4,LASNOC,0.857,26.62,6.73,0,0.337516,LASCIN,EPTFUS,NA,NA,7,7,3.478,1,0,27.329,26.48,9,24A04F085FDF19C0,Schmeeckle 2025 Master.csv,MCE\10 09\20251006,24A04F085FDF19C0_20251006_095622T.WAV,24A04F085FDF19C0_20251006_095622_000T.wav,NA,C:\Users\Nancy\Desktop\Bat Files,C:\Users\Nancy\Desktop\AutoID\10 09 Output,6,26.799,456.135,26.876,1.096,88.49,3.108,1.33,NA,2025-10-06T09:56:22Z,LASNOC,2025-10-05
MCE,2025-10-06T09:56:36Z,2025-10-06,04:56:36,4,LASNOC,0.875,26.856,14.07,0,0.410533,EPTFUS,LASCIN,NA,NA,16,16,5.243,1,0,30.803,26.609,9,24A04F085FDF19C0,Schmeeckle 2025 Master.csv,MCE\10 09\20251006,24A04F085FDF19C0_20251006_095636T.WAV,24A04F085FDF19C0_20251006_095636_000T.wav,NA,C:\Users\Nancy\Desktop\Bat Files,C:\Users\Nancy\Desktop\AutoID\10 09 Output,14,27.714,353.988,27.555,2.025,152.37,4.549,3.88,NA,2025-10-06T09:56:36Z,LASNOC,2025-10-05
MCE,2025-10-06T09:56:50Z,2025-10-06,04:56:50,4,LASNOC,0.818,28.057,20.49,0,0.43379,EPTFUS,LASCIN,NA,NA,11,11,5.568,1,0,35.574,27.805,9,24A04F085FDF19C0,Schmeeckle 2025 Master.csv,MCE\10 09\20251006,24A04F085FDF19C0_20251006_095650T.WAV,24A04F085FDF19C0_20251006_095650_000T.wav,NA,C:\Users\Nancy\Desktop\Bat Files,C:\Users\Nancy\Desktop\AutoID\10 09 Output,9,29.662,327.659,29.01,2.932,217.24,5.092,1.96,NA,2025-10-06T09:56:50Z,LASNOC,2025-10-05
MCE,2025-10-06T09:57:04Z,2025-10-06,04:57:04,4,LASNOC,0.848,26.919,22.66,0,0.415174,LASCIN,EPTFUS,NA,NA,33,33,7.446,1,0,33.572,26.602,9,24A04F085FDF19C0,Schmeeckle 2025 Master.csv,MCE\10 09\20251006,24A04F085FDF19C0_20251006_095704T.WAV,24A04F085FDF19C0_20251006_095704_000T.wav,NA,C:\Users\Nancy\Desktop\Bat Files,C:\Users\Nancy\Desktop\AutoID\10 09 Output,28,28.372,250.291,27.971,3.848,295.15,6.771,6.1,NA,2025-10-06T09:57:04Z,LASNOC,2025-10-05
MCE,2025-10-06T09:57:19Z,2025-10-06,04:57:19,4,LASNOC,0.688,26.496,32.25,0,0.386924,LASCIN,EPTFUS,NA,NA,16,16,6.431,1,0,33.535,25.939,8,24A04F085FDF19C0,Schmeeckle 2025 Master.csv,MCE\10 09\20251006,24A04F085FDF19C0_20251006_095719T.WAV,24A04F085FDF19C0_20251006_095719_000T.wav,NA,C:\Users\Nancy\Desktop\Bat Files,C:\Users\Nancy\Desktop\AutoID\10 09 Output,11,28.082,216.25,28.026,2.411,326.4,5.74,2.56,NA,2025-10-06T09:57:19Z,LASNOC,2025-10-05
MCE,2025-10-06T09:57:46Z,2025-10-06,04:57:46,4,LASNOC,1,25.199,4.51,0,0.388827,LASCIN,EPTFUS,NA,NA,2,2,5.287,1,0,26.426,25.001,9,24A04F085FDF19C0,Schmeeckle 2025 Master.csv,MCE\10 09\20251006,24A04F085FDF19C0_20251006_095746T.WAV,24A04F085FDF19C0_20251006_095746_000T.wav,NA,C:\Users\Nancy\Desktop\Bat Files,C:\Users\Nancy\Desktop\AutoID\10 09 Output,2,25.539,509.597,25.484,2.215,99.49,4.889,1,NA,2025-10-06T09:57:46Z,LASNOC,2025-10-05
MCE,2025-10-06T09:58:00Z,2025-10-06,04:58:00,4,LASNOC,0.875,26.204,15.28,0,0.446293,EPTFUS,LASCIN,NA,NA,16,16,8.751,1,0,31.091,25.766,9,24A04F085FDF19C0,Schmeeckle 2025 Master.csv,MCE\10 09\20251006,24A04F085FDF19C0_20251006_095800T.WAV,24A04F085FDF19C0_20251006_095800_000T.wav,NA,C:\Users\Nancy\Desktop\Bat Files,C:\Users\Nancy\Desktop\AutoID\10 09 Output,14,27.314,265.822,27.099,4.488,190.78,7.67,2.73,NA,2025-10-06T09:58:00Z,LASNOC,2025-10-05
MCE,2025-10-06T09:58:14Z,2025-10-06,04:58:14,4,LASNOC,0.903,25.904,9.77,0,0.380982,LASCIN,EPTFUS,NA,NA,31,31,10.183,1,0,28.321,25.373,9,24A04F085FDF19C0,Schmeeckle 2025 Master.csv,MCE\10 09\20251006,24A04F085FDF19C0_20251006_095814T.WAV,24A04F085FDF19C0_20251006_095814_000T.wav,NA,C:\Users\Nancy\Desktop\Bat Files,C:\Users\Nancy\Desktop\AutoID\10 09 Output,28,26.389,256.456,26.302,5.226,112.3,7.789,5.15,NA,2025-10-06T09:58:14Z,LASNOC,2025-10-05
MCE,2025-10-06T09:58:56Z,2025-10-06,04:58:56,4,LASNOC,0.889,27.069,17.24,0,0.482485,EPTFUS,LASCIN,NA,NA,18,18,7.315,1,0,35.267,26.727,9,24A04F085FDF19C0,Schmeeckle 2025 Master.csv,MCE\10 09\20251006,24A04F085FDF19C0_20251006_095856T.WAV,24A04F085FDF19C0_20251006_095856_000T.wav,NA,C:\Users\Nancy\Desktop\Bat Files,C:\Users\Nancy\Desktop\AutoID\10 09 Output,16,28.709,319.295,27.984,3.678,222.98,6.596,3.75,NA,2025-10-06T09:58:56Z,LASNOC,2025-10-05
MCE,2025-10-06T09:59:10Z,2025-10-06,04:59:10,4,LASNOC,0.763,26.053,9.19,0,0.374434,LASCIN,EPTFUS,NA,NA,38,38,9.387,1,0,32.522,25.108,9,24A04F085FDF19C0,Schmeeckle 2025 Master.csv,MCE\10 09\20251006,24A04F085FDF19C0_20251006_095910T.WAV,24A04F085FDF19C0_20251006_095910_000T.wav,NA,C:\Users\Nancy\Desktop\Bat Files,C:\Users\Nancy\Desktop\AutoID\10 09 Output,29,27.071,224.274,26.9,3.639,225.26,7.69,8.88,NA,2025-10-06T09:59:10Z,LASNOC,2025-10-05
MCE,2025-10-06T09:59:38Z,2025-10-06,04:59:38,4,LASNOC,1,27.123,26.11,0,0.460148,LASCIN,EPTFUS,NA,NA,5,5,5.335,1,0,28.706,26.957,9,24A04F085FDF19C0,Schmeeckle 2025 Master.csv,MCE\10 09\20251006,24A04F085FDF19C0_20251006_095938T.WAV,24A04F085FDF19C0_20251006_095938_000T.wav,NA,C:\Users\Nancy\Desktop\Bat Files,C:\Users\Nancy\Desktop\AutoID\10 09 Output,5,27.626,512.675,27.763,2.761,48.61,4.748,1.2,NA,2025-10-06T09:59:38Z,LASNOC,2025-10-05
MCE,2025-10-06T09:59:52Z,2025-10-06,04:59:52,4,LASNOC,1,26.079,2.65,0,0.426945,LASCIN,EPTFUS,NA,NA,18,18,11.153,1,0,33.695,25.657,9,24A04F085FDF19C0,Schmeeckle 2025 Master.csv,MCE\10 09\20251006,24A04F085FDF19C0_20251006_095952T.WAV,24A04F085FDF19C0_20251006_095952_000T.wav,NA,C:\Users\Nancy\Desktop\Bat Files,C:\Users\Nancy\Desktop\AutoID\10 09 Output,18,27.362,219.495,26.744,6.22,311.31,9.953,2.68,NA,2025-10-06T09:59:52Z,LASNOC,2025-10-05
MCE,2025-10-06T10:00:06Z,2025-10-06,05:00:06,5,LASNOC,0.667,26.686,18.58,0,0.414119,EPTFUS,LASCIN,NA,NA,36,36,8.409,1,0,34.462,26.465,9,24A04F085FDF19C0,Schmeeckle 2025 Master.csv,MCE\10 09\20251006,24A04F085FDF19C0_20251006_100006T.WAV,24A04F085FDF19C0_20251006_100006_000T.wav,NA,C:\Users\Nancy\Desktop\Bat Files,C:\Users\Nancy\Desktop\AutoID\10 09 Output,24,28.503,253.874,27.88,4.195,239.92,7.81,5.55,NA,2025-10-06T10:00:06Z,LASNOC,2025-10-05
MCE,2025-10-06T10:00:48Z,2025-10-06,05:00:48,5,LASNOC,0.818,27.157,13.11,0,0.4381,EPTFUS,LASCIN,NA,NA,22,22,8.262,1,0,35.915,26.949,9,24A04F085FDF19C0,Schmeeckle 2025 Master.csv,MCE\10 09\20251006,24A04F085FDF19C0_20251006_100048T.WAV,24A04F085FDF19C0_20251006_100048_000T.wav,NA,C:\Users\Nancy\Desktop\Bat Files,C:\Users\Nancy\Desktop\AutoID\10 09 Output,18,28.882,216.136,28.005,4.303,276.15,7.627,2.66,NA,2025-10-06T10:00:48Z,LASNOC,2025-10-05
MCE,2025-10-06T10:03:08Z,2025-10-06,05:03:08,5,LASNOC,0.585,27.56,37.75,0,0.36902,EPTFUS,LASCIN,NA,NA,53,53,5.245,1,0,39.434,27.192,9,24A04F085FDF19C0,Schmeeckle 2025 Master.csv,MCE\10 09\20251006,24A04F085FDF19C0_20251006_100308T.WAV,24A04F085FDF19C0_20251006_100308_000T.wav,NA,C:\Users\Nancy\Desktop\Bat Files,C:\Users\Nancy\Desktop\AutoID\10 09 Output,31,30.22,125.198,28.825,3.115,375.56,4.865,9.43,NA,2025-10-06T10:03:08Z,LASNOC,2025-10-05
MCE,2025-10-06T10:03:22Z,2025-10-06,05:03:22,5,LASNOC,1,27.078,7.39,0,0.412772,LASCIN,EPTFUS,NA,NA,4,4,5.484,1,0,28.34,26.758,9,24A04F085FDF19C0,Schmeeckle 2025 Master.csv,MCE\10 09\20251006,24A04F085FDF19C0_20251006_100322T.WAV,24A04F085FDF19C0_20251006_100322_000T.wav,NA,C:\Users\Nancy\Desktop\Bat Files,C:\Users\Nancy\Desktop\AutoID\10 09 Output,4,27.478,374.462,27.427,2.62,29.18,4.965,1.24,NA,2025-10-06T10:03:22Z,LASNOC,2025-10-05
MCE,2025-10-06T10:03:36Z,2025-10-06,05:03:36,5,LASNOC,1,27.212,-10.15,0,0.334831,LASCIN,EPTFUS,NA,NA,2,2,6.289,1,0,29.272,26.807,9,24A04F085FDF19C0,Schmeeckle 2025 Master.csv,MCE\10 09\20251006,24A04F085FDF19C0_20251006_100336T.WAV,24A04F085FDF19C0_20251006_100336_000T.wav,NA,C:\Users\Nancy\Desktop\Bat Files,C:\Users\Nancy\Desktop\AutoID\10 09 Output,2,27.665,231.424,27.426,4.389,141.77,5.847,0.63,NA,2025-10-06T10:03:36Z,LASNOC,2025-10-05
MCE,2025-10-06T10:05:42Z,2025-10-06,05:05:42,5,LASNOC,0.696,26.735,13.4,0,0.322366,EPTFUS,LASCIN,NA,NA,23,23,5.089,1,0,30.236,26.39,9,24A04F085FDF19C0,Schmeeckle 2025 Master.csv,MCE\10 09\20251006,24A04F085FDF19C0_20251006_100542T.WAV,24A04F085FDF19C0_20251006_100542_000T.wav,NA,C:\Users\Nancy\Desktop\Bat Files,C:\Users\Nancy\Desktop\AutoID\10 09 Output,16,27.613,259.44,27.347,2.73,97.97,4.466,4.57,NA,2025-10-06T10:05:42Z,LASNOC,2025-10-05
MCE,2025-10-06T10:05:56Z,2025-10-06,05:05:56,5,LASNOC,0.786,26.676,23.59,0,0.41795,EPTFUS,LASCIN,NA,NA,28,28,8.018,1,0,34.935,26.261,9,24A04F085FDF19C0,Schmeeckle 2025 Master.csv,MCE\10 09\20251006,24A04F085FDF19C0_20251006_100556T.WAV,24A04F085FDF19C0_20251006_100556_000T.wav,NA,C:\Users\Nancy\Desktop\Bat Files,C:\Users\Nancy\Desktop\AutoID\10 09 Output,22,28.584,200.863,27.753,3.386,245.49,7.17,3.67,NA,2025-10-06T10:05:56Z,LASNOC,2025-10-05
MCE,2025-10-06T10:06:10Z,2025-10-06,05:06:10,5,LASNOC,0.594,27.145,24.61,0,0.353696,EPTFUS,LASCIN,NA,NA,32,32,5.014,1,0,30.806,26.854,9,24A04F085FDF19C0,Schmeeckle 2025 Master.csv,MCE\10 09\20251006,24A04F085FDF19C0_20251006_100610T.WAV,24A04F085FDF19C0_20251006_100610_000T.wav,NA,C:\Users\Nancy\Desktop\Bat Files,C:\Users\Nancy\Desktop\AutoID\10 09 Output,19,28.099,139.941,28.067,2.252,123.17,4.519,6.11,NA,2025-10-06T10:06:10Z,LASNOC,2025-10-05
MCE,2025-10-06T10:06:24Z,2025-10-06,05:06:24,5,LASNOC,1,26.989,10.52,0,0.406244,LASCIN,EPTFUS,NA,NA,8,8,5.313,1,0,30.071,26.507,9,24A04F085FDF19C0,Schmeeckle 2025 Master.csv,MCE\10 09\20251006,24A04F085FDF19C0_20251006_100624T.WAV,24A04F085FDF19C0_20251006_100624_000T.wav,NA,C:\Users\Nancy\Desktop\Bat Files,C:\Users\Nancy\Desktop\AutoID\10 09 Output,8,27.619,329.073,27.69,2.028,94.64,4.453,1.08,NA,2025-10-06T10:06:24Z,LASNOC,2025-10-05
MCE,2025-10-06T10:06:52Z,2025-10-06,05:06:52,5,LASNOC,1,27.269,11.54,0,0.419245,LASCIN,EPTFUS,NA,NA,5,5,5.52,1,0,28.94,27.14,9,24A04F085FDF19C0,Schmeeckle 2025 Master.csv,MCE\10 09\20251006,24A04F085FDF19C0_20251006_100652T.WAV,24A04F085FDF19C0_20251006_100652_000T.wav,NA,C:\Users\Nancy\Desktop\Bat Files,C:\Users\Nancy\Desktop\AutoID\10 09 Output,5,27.801,560.287,28.056,1.574,65.46,5.107,1.32,NA,2025-10-06T10:06:52Z,LASNOC,2025-10-05
MCE,2025-10-06T10:07:20Z,2025-10-06,05:07:20,5,LASNOC,0.627,28.208,30.95,0,0.279828,EPTFUS,LASCIN,NA,NA,51,51,5.671,1,0,42.424,27.978,9,24A04F085FDF19C0,Schmeeckle 2025 Master.csv,MCE\10 09\20251006,24A04F085FDF19C0_20251006_100720T.WAV,24A04F085FDF19C0_20251006_100720_000T.wav,NA,C:\Users\Nancy\Desktop\Bat Files,C:\Users\Nancy\Desktop\AutoID\10 09 Output,32,31.472,96.53,29.19,3.677,372.97,5.332,8.19,NA,2025-10-06T10:07:20Z,LASNOC,2025-10-05
MCE,2025-10-06T10:07:34Z,2025-10-06,05:07:34,5,LASNOC,0.714,26.595,25.16,0,0.362449,EPTFUS,LASCIN,NA,NA,21,21,5.369,1,0,38.59,26.434,9,24A04F085FDF19C0,Schmeeckle 2025 Master.csv,MCE\10 09\20251006,24A04F085FDF19C0_20251006_100734T.WAV,24A04F085FDF19C0_20251006_100734_000T.wav,NA,C:\Users\Nancy\Desktop\Bat Files,C:\Users\Nancy\Desktop\AutoID\10 09 Output,15,29.133,137.234,27.556,3.222,334.12,5.075,3.91,NA,2025-10-06T10:07:34Z,LASNOC,2025-10-05
MCE,2025-10-06T10:08:58Z,2025-10-06,05:08:58,5,LASNOC,0.6,25.901,14.86,0,0.305759,EPTFUS,LASCIN,NA,NA,20,20,6.656,1,0,29.064,25.57,9,24A04F085FDF19C0,Schmeeckle 2025 Master.csv,MCE\10 09\20251006,24A04F085FDF19C0_20251006_100858T.WAV,24A04F085FDF19C0_20251006_100858_000T.wav,NA,C:\Users\Nancy\Desktop\Bat Files,C:\Users\Nancy\Desktop\AutoID\10 09 Output,12,26.748,250.131,26.545,3.428,129.49,5.771,3.74,NA,2025-10-06T10:08:58Z,LASNOC,2025-10-05
MCE,2025-10-06T10:09:26Z,2025-10-06,05:09:26,5,LASNOC,0.522,26.172,32.5,0,0.332258,EPTFUS,LASCIN,NA,NA,46,46,5.934,1,0,38.75,25.781,9,24A04F085FDF19C0,Schmeeckle 2025 Master.csv,MCE\10 09\20251006,24A04F085FDF19C0_20251006_100926T.WAV,24A04F085FDF19C0_20251006_100926_000T.wav,NA,C:\Users\Nancy\Desktop\Bat Files,C:\Users\Nancy\Desktop\AutoID\10 09 Output,24,28.76,175.672,27.614,3.067,395.4,5.525,8.74,NA,2025-10-06T10:09:26Z,LASNOC,2025-10-05
MCE,2025-10-06T10:11:46Z,2025-10-06,05:11:46,5,LASNOC,0.875,26.408,20.14,0,0.43156,EPTFUS,LASCIN,NA,NA,24,24,8.767,1,0,38.144,26.165,9,24A04F085FDF19C0,Schmeeckle 2025 Master.csv,MCE\10 09\20251006,24A04F085FDF19C0_20251006_101146T.WAV,24A04F085FDF19C0_20251006_101146_000T.wav,NA,C:\Users\Nancy\Desktop\Bat Files,C:\Users\Nancy\Desktop\AutoID\10 09 Output,21,28.63,223.995,27.237,5.279,349.36,7.925,3.75,NA,2025-10-06T10:11:46Z,LASNOC,2025-10-05
MCE,2025-10-06T10:12:00Z,2025-10-06,05:12:00,5,LASNOC,0.909,26.162,6.85,0,0.415466,EPTFUS,LASCIN,NA,NA,22,22,6.726,1,0,29.33,25.911,9,24A04F085FDF19C0,Schmeeckle 2025 Master.csv,MCE\10 09\20251006,24A04F085FDF19C0_20251006_101200T.WAV,24A04F085FDF19C0_20251006_101200_000T.wav,NA,C:\Users\Nancy\Desktop\Bat Files,C:\Users\Nancy\Desktop\AutoID\10 09 Output,20,26.839,248.243,26.61,3.142,122.1,6.036,6.05,NA,2025-10-06T10:12:00Z,LASNOC,2025-10-05
MCE,2025-10-06T10:12:14Z,2025-10-06,05:12:14,5,LASNOC,0.722,26.28,15.98,0,0.392469,EPTFUS,LASCIN,NA,NA,18,18,7.082,1,0,30.748,26.048,9,24A04F085FDF19C0,Schmeeckle 2025 Master.csv,MCE\10 09\20251006,24A04F085FDF19C0_20251006_101214T.WAV,24A04F085FDF19C0_20251006_101214_000T.wav,NA,C:\Users\Nancy\Desktop\Bat Files,C:\Users\Nancy\Desktop\AutoID\10 09 Output,13,27.264,361.291,26.877,4.081,186.35,6.251,3.69,NA,2025-10-06T10:12:14Z,LASNOC,2025-10-05
MCE,2025-10-06T10:12:28Z,2025-10-06,05:12:28,5,LASNOC,0.909,26.081,4.49,0,0.377846,LASCIN,EPTFUS,NA,NA,11,11,7.25,1,0,27.854,25.699,9,24A04F085FDF19C0,Schmeeckle 2025 Master.csv,MCE\10 09\20251006,24A04F085FDF19C0_20251006_101228T.WAV,24A04F085FDF19C0_20251006_101228_000T.wav,NA,C:\Users\Nancy\Desktop\Bat Files,C:\Users\Nancy\Desktop\AutoID\10 09 Output,10,26.546,301.482,26.509,3.487,69.26,6.331,2.27,NA,2025-10-06T10:12:28Z,LASNOC,2025-10-05
MCE,2025-10-06T10:13:38Z,2025-10-06,05:13:38,5,LASNOC,0.449,26.565,23.37,0,0.272447,EPTFUS,LASCIN,NA,NA,49,49,7.352,1,0,37.076,26.26,9,24A04F085FDF19C0,Schmeeckle 2025 Master.csv,MCE\10 09\20251006,24A04F085FDF19C0_20251006_101338T.WAV,24A04F085FDF19C0_20251006_101338_000T.wav,NA,C:\Users\Nancy\Desktop\Bat Files,C:\Users\Nancy\Desktop\AutoID\10 09 Output,22,28.899,176.081,27.739,4.025,300.49,6.854,8.9,NA,2025-10-06T10:13:38Z,LASNOC,2025-10-05
MCE,2025-10-06T10:13:52Z,2025-10-06,05:13:52,5,LASNOC,0.622,27.372,34.2,0,0.366507,EPTFUS,LASCIN,NA,NA,37,37,6.137,1,0,40.771,26.883,9,24A04F085FDF19C0,Schmeeckle 2025 Master.csv,MCE\10 09\20251006,24A04F085FDF19C0_20251006_101352T.WAV,24A04F085FDF19C0_20251006_101352_000T.wav,NA,C:\Users\Nancy\Desktop\Bat Files,C:\Users\Nancy\Desktop\AutoID\10 09 Output,23,30.375,244.015,29.073,3.26,414.3,5.729,5.07,NA,2025-10-06T10:13:52Z,LASNOC,2025-10-05
MCE,2025-10-06T10:14:20Z,2025-10-06,05:14:20,5,LASNOC,1,26.613,19.36,0,0.448078,LASCIN,EPTFUS,NA,NA,3,3,6.806,1,0,30.902,26.289,9,24A04F085FDF19C0,Schmeeckle 2025 Master.csv,MCE\10 09\20251006,24A04F085FDF19C0_20251006_101420T.WAV,24A04F085FDF19C0_20251006_101420_000T.wav,NA,C:\Users\Nancy\Desktop\Bat Files,C:\Users\Nancy\Desktop\AutoID\10 09 Output,3,27.792,634.237,27.879,2.716,149.37,6.053,0.63,NA,2025-10-06T10:14:20Z,LASNOC,2025-10-05
MCE,2025-10-06T10:14:48Z,2025-10-06,05:14:48,5,LASNOC,0.841,27.18,14.88,0,0.4043,EPTFUS,LASCIN,NA,NA,44,44,8.182,1,0,34.253,26.833,9,24A04F085FDF19C0,Schmeeckle 2025 Master.csv,MCE\10 09\20251006,24A04F085FDF19C0_20251006_101448T.WAV,24A04F085FDF19C0_20251006_101448_000T.wav,NA,C:\Users\Nancy\Desktop\Bat Files,C:\Users\Nancy\Desktop\AutoID\10 09 Output,37,28.554,154.926,27.895,4.602,229.32,7.284,8.95,NA,2025-10-06T10:14:48Z,LASNOC,2025-10-05
MCE,2025-10-06T10:15:58Z,2025-10-06,05:15:58,5,LASNOC,0.5,25.22,7.02,0,0.284915,LASCIN,EPTFUS,NA,NA,6,6,6.778,1,0,27.367,24.951,9,24A04F085FDF19C0,Schmeeckle 2025 Master.csv,MCE\10 09\20251006,24A04F085FDF19C0_20251006_101558T.WAV,24A04F085FDF19C0_20251006_101558_000T.wav,NA,C:\Users\Nancy\Desktop\Bat Files,C:\Users\Nancy\Desktop\AutoID\10 09 Output,3,25.913,491.218,25.745,3.408,44.43,5.752,0.79,NA,2025-10-06T10:15:58Z,LASNOC,2025-10-05
MCE,2025-10-06T10:17:22Z,2025-10-06,05:17:22,5,LASNOC,0.833,28.533,21.82,0,0.299537,EPTFUS,LASCIN,NA,NA,6,6,3.058,1,0,34.387,28.35,9,24A04F085FDF19C0,Schmeeckle 2025 Master.csv,MCE\10 09\20251006,24A04F085FDF19C0_20251006_101722T.WAV,24A04F085FDF19C0_20251006_101722_000T.wav,NA,C:\Users\Nancy\Desktop\Bat Files,C:\Users\Nancy\Desktop\AutoID\10 09 Output,5,30.004,129.513,29.225,1.728,271.89,2.915,1.23,NA,2025-10-06T10:17:22Z,LASNOC,2025-10-05
MCE,2025-10-06T10:19:42Z,2025-10-06,05:19:42,5,LASNOC,0.604,26.274,16.66,0,0.327049,EPTFUS,LASCIN,NA,NA,53,53,7.257,1,0,32.315,25.995,9,24A04F085FDF19C0,Schmeeckle 2025 Master.csv,MCE\10 09\20251006,24A04F085FDF19C0_20251006_101942T.WAV,24A04F085FDF19C0_20251006_101942_000T.wav,NA,C:\Users\Nancy\Desktop\Bat Files,C:\Users\Nancy\Desktop\AutoID\10 09 Output,32,27.576,170.525,27.162,3.458,197.44,6.544,10.02,NA,2025-10-06T10:19:42Z,LASNOC,2025-10-05
MCE,2025-10-06T10:19:56Z,2025-10-06,05:19:56,5,LASNOC,1,27.257,13.41,0,0.434197,EPTFUS,LASCIN,NA,NA,5,5,6.371,1,0,31.562,27.181,9,24A04F085FDF19C0,Schmeeckle 2025 Master.csv,MCE\10 09\20251006,24A04F085FDF19C0_20251006_101956T.WAV,24A04F085FDF19C0_20251006_101956_000T.wav,NA,C:\Users\Nancy\Desktop\Bat Files,C:\Users\Nancy\Desktop\AutoID\10 09 Output,5,28.381,282.977,28.072,3.05,98.46,6.223,0.94,NA,2025-10-06T10:19:56Z,LASNOC,2025-10-05
MCE,2025-10-06T10:20:38Z,2025-10-06,05:20:38,5,LASNOC,0.929,27.426,13.03,0,0.462747,EPTFUS,LASCIN,NA,NA,14,14,7.09,1,0,32.714,26.863,9,24A04F085FDF19C0,Schmeeckle 2025 Master.csv,MCE\10 09\20251006,24A04F085FDF19C0_20251006_102038T.WAV,24A04F085FDF19C0_20251006_102038_000T.wav,NA,C:\Users\Nancy\Desktop\Bat Files,C:\Users\Nancy\Desktop\AutoID\10 09 Output,13,28.35,212.99,27.947,4.084,236.18,6.085,1.89,NA,2025-10-06T10:20:38Z,LASNOC,2025-10-05
MCE,2025-10-06T10:20:52Z,2025-10-06,05:20:52,5,LASNOC,0.878,27.364,22.26,0,0.413386,EPTFUS,LASCIN,NA,NA,41,41,6.878,1,0,36.725,27.133,9,24A04F085FDF19C0,Schmeeckle 2025 Master.csv,MCE\10 09\20251006,24A04F085FDF19C0_20251006_102052T.WAV,24A04F085FDF19C0_20251006_102052_000T.wav,NA,C:\Users\Nancy\Desktop\Bat Files,C:\Users\Nancy\Desktop\AutoID\10 09 Output,36,29.358,138.598,28.204,3.913,297.12,6.316,6.44,NA,2025-10-06T10:20:52Z,LASNOC,2025-10-05
MCE,2025-10-06T10:21:06Z,2025-10-06,05:21:06,5,LASNOC,0.933,27.02,11.76,0,0.377032,LASCIN,EPTFUS,NA,NA,15,15,7.608,1,0,29.16,26.586,9,24A04F085FDF19C0,Schmeeckle 2025 Master.csv,MCE\10 09\20251006,24A04F085FDF19C0_20251006_102106T.WAV,24A04F085FDF19C0_20251006_102106_000T.wav,NA,C:\Users\Nancy\Desktop\Bat Files,C:\Users\Nancy\Desktop\AutoID\10 09 Output,14,27.534,327.795,27.686,3.046,95.74,5.99,2.86,NA,2025-10-06T10:21:06Z,LASNOC,2025-10-05
MCE,2025-10-06T10:22:02Z,2025-10-06,05:22:02,5,LASNOC,0.689,27.799,22.77,0,0.336271,EPTFUS,LASCIN,NA,NA,61,61,6.774,1,0,37.713,27.528,9,24A04F085FDF19C0,Schmeeckle 2025 Master.csv,MCE\10 09\20251006,24A04F085FDF19C0_20251006_102202T.WAV,24A04F085FDF19C0_20251006_102202_000T.wav,NA,C:\Users\Nancy\Desktop\Bat Files,C:\Users\Nancy\Desktop\AutoID\10 09 Output,42,29.975,137.668,28.975,3.644,325.08,6.39,10,NA,2025-10-06T10:22:02Z,LASNOC,2025-10-05
MCE,2025-10-06T10:22:30Z,2025-10-06,05:22:30,5,LASNOC,0.913,27.065,14.83,0,0.455612,EPTFUS,LASCIN,NA,NA,23,23,7.422,1,0,33.479,26.92,9,24A04F085FDF19C0,Schmeeckle 2025 Master.csv,MCE\10 09\20251006,24A04F085FDF19C0_20251006_102230T.WAV,24A04F085FDF19C0_20251006_102230_000T.wav,NA,C:\Users\Nancy\Desktop\Bat Files,C:\Users\Nancy\Desktop\AutoID\10 09 Output,21,28.526,249.814,27.895,4.297,255.07,7.064,2.67,NA,2025-10-06T10:22:30Z,LASNOC,2025-10-05
MCE,2025-10-06T10:22:44Z,2025-10-06,05:22:44,5,EPTFUS,0.8,25.92,12.19,0,0.357316,LASNOC,LASCIN,NA,NA,5,5,5.8,1,0,29.92,25.602,9,24A04F085FDF19C0,Schmeeckle 2025 Master.csv,MCE\10 09\20251006,24A04F085FDF19C0_20251006_102244T.WAV,24A04F085FDF19C0_20251006_102244_000T.wav,NA,C:\Users\Nancy\Desktop\Bat Files,C:\Users\Nancy\Desktop\AutoID\10 09 Output,4,26.923,1595.378,26.535,3.21,164.84,5.395,1.23,NA,2025-10-06T10:22:44Z,EPTFUS,2025-10-05
MCE,2025-10-06T10:23:12Z,2025-10-06,05:23:12,5,LASNOC,1,26.9,17.4,0,0.400448,LASCIN,EPTFUS,NA,NA,6,6,7.499,1,0,29.995,26.643,9,24A04F085FDF19C0,Schmeeckle 2025 Master.csv,MCE\10 09\20251006,24A04F085FDF19C0_20251006_102312T.WAV,24A04F085FDF19C0_20251006_102312_000T.wav,NA,C:\Users\Nancy\Desktop\Bat Files,C:\Users\Nancy\Desktop\AutoID\10 09 Output,6,27.82,550.784,27.512,4.91,67.22,6.984,1.56,NA,2025-10-06T10:23:12Z,LASNOC,2025-10-05
MCE,2025-10-06T10:23:26Z,2025-10-06,05:23:26,5,LASNOC,0.742,26.951,18.5,0,0.343004,EPTFUS,LASCIN,NA,NA,31,31,7.089,1,0,32.331,26.73,9,24A04F085FDF19C0,Schmeeckle 2025 Master.csv,MCE\10 09\20251006,24A04F085FDF19C0_20251006_102326T.WAV,24A04F085FDF19C0_20251006_102326_000T.wav,NA,C:\Users\Nancy\Desktop\Bat Files,C:\Users\Nancy\Desktop\AutoID\10 09 Output,23,28.324,208.62,27.764,3.839,195.56,6.492,6.87,NA,2025-10-06T10:23:26Z,LASNOC,2025-10-05
MCE,2025-10-06T10:23:40Z,2025-10-06,05:23:40,5,LASNOC,1,26.653,5.8,0,0.196385,LASCIN,EPTFUS,NA,NA,5,5,5.949,1,0,28.584,26.182,9,24A04F085FDF19C0,Schmeeckle 2025 Master.csv,MCE\10 09\20251006,24A04F085FDF19C0_20251006_102340T.WAV,24A04F085FDF19C0_20251006_102340_000T.wav,NA,C:\Users\Nancy\Desktop\Bat Files,C:\Users\Nancy\Desktop\AutoID\10 09 Output,5,27,761.735,26.881,2.731,94.14,4.609,1.86,NA,2025-10-06T10:23:40Z,LASNOC,2025-10-05
MCE,2025-10-06T10:25:04Z,2025-10-06,05:25:04,5,LASNOC,1,26.625,-8.53,0,0.412772,LASCIN,EPTFUS,NA,NA,2,2,4.791,1,0,27.267,26.321,9,24A04F085FDF19C0,Schmeeckle 2025 Master.csv,MCE\10 09\20251006,24A04F085FDF19C0_20251006_102504T.WAV,24A04F085FDF19C0_20251006_102504_000T.wav,NA,C:\Users\Nancy\Desktop\Bat Files,C:\Users\Nancy\Desktop\AutoID\10 09 Output,2,26.749,586.883,26.594,2.694,9.96,3.441,0.37,NA,2025-10-06T10:25:04Z,LASNOC,2025-10-05
MCE,2025-10-06T10:26:42Z,2025-10-06,05:26:42,5,LASNOC,0.706,26.793,31.16,0,0.466877,EPTFUS,LASCIN,NA,NA,17,17,6.721,1,0,38.126,26.433,9,24A04F085FDF19C0,Schmeeckle 2025 Master.csv,MCE\10 09\20251006,24A04F085FDF19C0_20251006_102642T.WAV,24A04F085FDF19C0_20251006_102642_000T.wav,NA,C:\Users\Nancy\Desktop\Bat Files,C:\Users\Nancy\Desktop\AutoID\10 09 Output,12,29.051,462.642,28.081,3.257,399.85,6.203,5.15,NA,2025-10-06T10:26:42Z,LASNOC,2025-10-05
MCE,2025-10-06T10:26:56Z,2025-10-06,05:26:56,5,LASNOC,1,26.765,15.47,0,0.400621,LASCIN,EPTFUS,NA,NA,4,4,3.568,1,0,28.059,26.561,9,24A04F085FDF19C0,Schmeeckle 2025 Master.csv,MCE\10 09\20251006,24A04F085FDF19C0_20251006_102656T.WAV,24A04F085FDF19C0_20251006_102656_000T.wav,NA,C:\Users\Nancy\Desktop\Bat Files,C:\Users\Nancy\Desktop\AutoID\10 09 Output,4,27.225,551.069,27.503,1.126,58.94,3.267,1.07,NA,2025-10-06T10:26:56Z,LASNOC,2025-10-05
MCE,2025-10-06T10:27:52Z,2025-10-06,05:27:52,5,EPTFUS,0.833,31.843,109.34,0,0.398203,LASNOC,NA,NA,NA,6,6,3.102,1,0,46.453,31.645,9,24A04F085FDF19C0,Schmeeckle 2025 Master.csv,MCE\10 09\20251006,24A04F085FDF19C0_20251006_102752T.WAV,24A04F085FDF19C0_20251006_102752_000T.wav,NA,C:\Users\Nancy\Desktop\Bat Files,C:\Users\Nancy\Desktop\AutoID\10 09 Output,5,36.783,204.684,34.459,2.013,328.89,3.037,1.17,NA,2025-10-06T10:27:52Z,EPTFUS,2025-10-05
MCE,2025-10-06T10:29:58Z,2025-10-06,05:29:58,5,LASNOC,0.667,26.913,21.89,0,0.352058,EPTFUS,LASCIN,NA,NA,9,9,7.001,1,0,35.968,26.53,9,24A04F085FDF19C0,Schmeeckle 2025 Master.csv,MCE\10 09\20251006,24A04F085FDF19C0_20251006_102958T.WAV,24A04F085FDF19C0_20251006_102958_000T.wav,NA,C:\Users\Nancy\Desktop\Bat Files,C:\Users\Nancy\Desktop\AutoID\10 09 Output,6,28.916,423.942,27.96,3.922,294.96,6.231,1.52,NA,2025-10-06T10:29:58Z,LASNOC,2025-10-05
MCE,2025-10-06T10:30:26Z,2025-10-06,05:30:26,5,LASBOR,0.778,44.339,44.89,0,0.24428,PERSUB,MYOLUC,NA,NA,18,18,3.733,1,0,64.686,44.184,9,24A04F085FDF19C0,Schmeeckle 2025 Master.csv,MCE\10 09\20251006,24A04F085FDF19C0_20251006_103026T.WAV,24A04F085FDF19C0_20251006_103026_000T.wav,NA,C:\Users\Nancy\Desktop\Bat Files,C:\Users\Nancy\Desktop\AutoID\10 09 Output,14,49.223,256.729,46.311,2.264,331.27,3.657,4.65,NA,2025-10-06T10:30:26Z,LASBOR,2025-10-05
MCE,2025-10-06T10:30:40Z,2025-10-06,05:30:40,5,LASBOR,0.75,40.681,26.65,0,0.296385,MYOLUC,PERSUB,NA,NA,8,8,5.02,1,0,48.559,40.448,9,24A04F085FDF19C0,Schmeeckle 2025 Master.csv,MCE\10 09\20251006,24A04F085FDF19C0_20251006_103040T.WAV,24A04F085FDF19C0_20251006_103040_000T.wav,NA,C:\Users\Nancy\Desktop\Bat Files,C:\Users\Nancy\Desktop\AutoID\10 09 Output,6,42.776,193.592,42.419,2.371,177.22,4.658,1.98,NA,2025-10-06T10:30:40Z,LASBOR,2025-10-05
MCE,2025-10-06T10:32:32Z,2025-10-06,05:32:32,5,LASNOC,0.737,29.741,34.46,0,0.281825,EPTFUS,LASCIN,NA,NA,19,19,5.503,1,0,41.839,29.436,9,24A04F085FDF19C0,Schmeeckle 2025 Master.csv,MCE\10 09\20251006,24A04F085FDF19C0_20251006_103232T.WAV,24A04F085FDF19C0_20251006_103232_000T.wav,NA,C:\Users\Nancy\Desktop\Bat Files,C:\Users\Nancy\Desktop\AutoID\10 09 Output,14,32.642,303.13,31.41,2.753,340.22,5.217,3.86,NA,2025-10-06T10:32:32Z,LASNOC,2025-10-05
MCE,2025-10-06T10:33:14Z,2025-10-06,05:33:14,5,LASNOC,0.8,26.649,11.7,0,0.334007,EPTFUS,LASCIN,NA,NA,15,15,9.911,1,0,31.922,26.317,9,24A04F085FDF19C0,Schmeeckle 2025 Master.csv,MCE\10 09\20251006,24A04F085FDF19C0_20251006_103314T.WAV,24A04F085FDF19C0_20251006_103314_000T.wav,NA,C:\Users\Nancy\Desktop\Bat Files,C:\Users\Nancy\Desktop\AutoID\10 09 Output,12,27.904,272.333,27.336,3.277,168.44,8.078,2.97,NA,2025-10-06T10:33:14Z,LASNOC,2025-10-05
MCE,2025-10-06T10:34:24Z,2025-10-06,05:34:24,5,LASNOC,0.263,24.965,13.54,0,0.272892,LASCIN,EPTFUS,NA,NA,19,19,9.541,1,0,33.232,24.502,9,24A04F085FDF19C0,Schmeeckle 2025 Master.csv,MCE\10 09\20251006,24A04F085FDF19C0_20251006_103424T.WAV,24A04F085FDF19C0_20251006_103424_000T.wav,NA,C:\Users\Nancy\Desktop\Bat Files,C:\Users\Nancy\Desktop\AutoID\10 09 Output,5,26.565,236.121,25.939,5,279.6,8.388,1.93,NA,2025-10-06T10:34:24Z,LASNOC,2025-10-05
MCE,2025-10-06T10:35:06Z,2025-10-06,05:35:06,5,LASNOC,0.45,24.922,4.61,0,0.23945,LASCIN,EPTFUS,NA,NA,20,20,8.211,1,0,26.793,24.633,9,24A04F085FDF19C0,Schmeeckle 2025 Master.csv,MCE\10 09\20251006,24A04F085FDF19C0_20251006_103506T.WAV,24A04F085FDF19C0_20251006_103506_000T.wav,NA,C:\Users\Nancy\Desktop\Bat Files,C:\Users\Nancy\Desktop\AutoID\10 09 Output,9,25.376,264.53,25.348,3.719,69.52,6.914,3.2,NA,2025-10-06T10:35:06Z,LASNOC,2025-10-05
MCE,2025-10-06T10:35:34Z,2025-10-06,05:35:34,5,LASNOC,0.838,26.976,16.63,0,0.430222,EPTFUS,LASCIN,NA,NA,37,37,8.476,1,0,37.122,26.785,9,24A04F085FDF19C0,Schmeeckle 2025 Master.csv,MCE\10 09\20251006,24A04F085FDF19C0_20251006_103534T.WAV,24A04F085FDF19C0_20251006_103534_000T.wav,NA,C:\Users\Nancy\Desktop\Bat Files,C:\Users\Nancy\Desktop\AutoID\10 09 Output,31,28.933,205.174,27.866,4.831,359.28,7.87,4.56,NA,2025-10-06T10:35:34Z,LASNOC,2025-10-05
MCE,2025-10-06T10:37:40Z,2025-10-06,05:37:40,5,LASNOC,1,26.28,5.37,0,0.323488,EPTFUS,LASCIN,NA,NA,5,5,4.334,1,0,27.506,25.536,9,24A04F085FDF19C0,Schmeeckle 2025 Master.csv,MCE\10 09\20251006,24A04F085FDF19C0_20251006_103740T.WAV,24A04F085FDF19C0_20251006_103740_000T.wav,NA,C:\Users\Nancy\Desktop\Bat Files,C:\Users\Nancy\Desktop\AutoID\10 09 Output,5,26.222,285.811,26.52,1.64,112.97,2.666,1.73,NA,2025-10-06T10:37:40Z,LASNOC,2025-10-05
MCE,2025-10-06T10:40:28Z,2025-10-06,05:40:28,5,LASNOC,0.889,27.062,20.72,0,0.512288,EPTFUS,LASCIN,NA,NA,9,9,6.893,1,0,35.254,26.713,9,24A04F085FDF19C0,Schmeeckle 2025 Master.csv,MCE\10 09\20251006,24A04F085FDF19C0_20251006_104028T.WAV,24A04F085FDF19C0_20251006_104028_000T.wav,NA,C:\Users\Nancy\Desktop\Bat Files,C:\Users\Nancy\Desktop\AutoID\10 09 Output,8,28.534,202.833,28.13,3.305,309.58,6.251,1.22,NA,2025-10-06T10:40:28Z,LASNOC,2025-10-05
MCE,2025-10-06T10:42:06Z,2025-10-06,05:42:06,5,LASNOC,1,26.069,21,0,0.388827,LASCIN,EPTFUS,NA,NA,2,2,4.666,1,0,26.714,25.244,9,24A04F085FDF19C0,Schmeeckle 2025 Master.csv,MCE\10 09\20251006,24A04F085FDF19C0_20251006_104206T.WAV,24A04F085FDF19C0_20251006_104206_000T.wav,NA,C:\Users\Nancy\Desktop\Bat Files,C:\Users\Nancy\Desktop\AutoID\10 09 Output,2,26.075,1019.566,26.455,0.838,-31.1,1.836,0.83,NA,2025-10-06T10:42:06Z,LASNOC,2025-10-05
MCE,2025-10-06T10:42:20Z,2025-10-06,05:42:20,5,LASNOC,0.885,27.719,25.85,0,0.407139,EPTFUS,LASCIN,NA,NA,26,26,7.043,1,0,38.408,27.445,9,24A04F085FDF19C0,Schmeeckle 2025 Master.csv,MCE\10 09\20251006,24A04F085FDF19C0_20251006_104220T.WAV,24A04F085FDF19C0_20251006_104220_000T.wav,NA,C:\Users\Nancy\Desktop\Bat Files,C:\Users\Nancy\Desktop\AutoID\10 09 Output,23,29.956,192.93,28.912,3.992,336.31,6.495,3.35,NA,2025-10-06T10:42:20Z,LASNOC,2025-10-05
MCE,2025-10-06T10:42:48Z,2025-10-06,05:42:48,5,LASNOC,0.875,26.915,4.62,0,0.373861,LASCIN,EPTFUS,NA,NA,16,16,8.49,1,0,27.929,26.131,9,24A04F085FDF19C0,Schmeeckle 2025 Master.csv,MCE\10 09\20251006,24A04F085FDF19C0_20251006_104248T.WAV,24A04F085FDF19C0_20251006_104248_000T.wav,NA,C:\Users\Nancy\Desktop\Bat Files,C:\Users\Nancy\Desktop\AutoID\10 09 Output,14,27.028,316.688,27.32,1.655,54.47,5.476,5.06,NA,2025-10-06T10:42:48Z,LASNOC,2025-10-05
MCE,2025-10-06T10:43:16Z,2025-10-06,05:43:16,5,LASNOC,1,26.233,20.66,0,0.362729,LASCIN,EPTFUS,NA,NA,11,11,4.873,1,0,27.825,26.038,9,24A04F085FDF19C0,Schmeeckle 2025 Master.csv,MCE\10 09\20251006,24A04F085FDF19C0_20251006_104316T.WAV,24A04F085FDF19C0_20251006_104316_000T.wav,NA,C:\Users\Nancy\Desktop\Bat Files,C:\Users\Nancy\Desktop\AutoID\10 09 Output,11,26.722,332.056,26.775,2.403,-9.13,4.179,2.6,NA,2025-10-06T10:43:16Z,LASNOC,2025-10-05
MCE,2025-10-06T10:46:46Z,2025-10-06,05:46:46,5,LASNOC,0.893,25.475,10.01,0,0.384901,LASCIN,EPTFUS,NA,NA,28,28,9.947,1,0,27,24.88,9,24A04F085FDF19C0,Schmeeckle 2025 Master.csv,MCE\10 09\20251006,24A04F085FDF19C0_20251006_104646T.WAV,24A04F085FDF19C0_20251006_104646_000T.wav,NA,C:\Users\Nancy\Desktop\Bat Files,C:\Users\Nancy\Desktop\AutoID\10 09 Output,25,25.848,248.038,25.924,3.882,3.96,7.645,7.18,NA,2025-10-06T10:46:46Z,LASNOC,2025-10-05
MCE,2025-10-06T10:49:06Z,2025-10-06,05:49:06,5,LASNOC,0.625,25.464,9.26,0,0.236069,LASCIN,EPTFUS,NA,NA,24,24,6.974,1,0,27.526,25.007,9,24A04F085FDF19C0,Schmeeckle 2025 Master.csv,MCE\10 09\20251006,24A04F085FDF19C0_20251006_104906T.WAV,24A04F085FDF19C0_20251006_104906_000T.wav,NA,C:\Users\Nancy\Desktop\Bat Files,C:\Users\Nancy\Desktop\AutoID\10 09 Output,15,25.97,334.559,25.7,4.42,124.77,5.878,7.91,NA,2025-10-06T10:49:06Z,LASNOC,2025-10-05
MCE,2025-10-06T10:50:16Z,2025-10-06,05:50:16,5,LASNOC,0.6,26.434,19.64,0,0.385057,EPTFUS,LASCIN,NA,NA,35,35,6.675,1,0,35.267,26.085,9,24A04F085FDF19C0,Schmeeckle 2025 Master.csv,MCE\10 09\20251006,24A04F085FDF19C0_20251006_105016T.WAV,24A04F085FDF19C0_20251006_105016_000T.wav,NA,C:\Users\Nancy\Desktop\Bat Files,C:\Users\Nancy\Desktop\AutoID\10 09 Output,21,28.298,224.342,27.264,3.945,307.1,6.113,4.69,NA,2025-10-06T10:50:16Z,LASNOC,2025-10-05
MCE,2025-10-06T10:50:30Z,2025-10-06,05:50:30,5,LASNOC,0.606,26.869,67.08,0,0.300356,EPTFUS,LASCIN,NA,NA,33,33,5.838,1,0,38.422,26.543,9,24A04F085FDF19C0,Schmeeckle 2025 Master.csv,MCE\10 09\20251006,24A04F085FDF19C0_20251006_105030T.WAV,24A04F085FDF19C0_20251006_105030_000T.wav,NA,C:\Users\Nancy\Desktop\Bat Files,C:\Users\Nancy\Desktop\AutoID\10 09 Output,20,29.821,256.168,28.261,3.817,387.88,5.403,7.79,NA,2025-10-06T10:50:30Z,LASNOC,2025-10-05
MCE,2025-10-06T10:51:12Z,2025-10-06,05:51:12,5,LASCIN,0.875,24.123,10.99,0,0.288574,LASNOC,EPTFUS,NA,NA,8,8,4.726,1,0,24.788,23.822,9,24A04F085FDF19C0,Schmeeckle 2025 Master.csv,MCE\10 09\20251006,24A04F085FDF19C0_20251006_105112T.WAV,24A04F085FDF19C0_20251006_105112_000T.wav,NA,C:\Users\Nancy\Desktop\Bat Files,C:\Users\Nancy\Desktop\AutoID\10 09 Output,7,24.204,508.584,24.399,0.855,67.72,2.578,1.47,NA,2025-10-06T10:51:12Z,LASCIN,2025-10-05
MCE,2025-10-06T10:51:26Z,2025-10-06,05:51:26,5,LASNOC,0.5,27.212,8.71,0,0.300072,EPTFUS,LASCIN,NA,NA,10,10,7.726,1,0,34.322,26.916,9,24A04F085FDF19C0,Schmeeckle 2025 Master.csv,MCE\10 09\20251006,24A04F085FDF19C0_20251006_105126T.WAV,24A04F085FDF19C0_20251006_105126_000T.wav,NA,C:\Users\Nancy\Desktop\Bat Files,C:\Users\Nancy\Desktop\AutoID\10 09 Output,5,28.783,249.291,27.875,3.909,205,7.002,1.34,NA,2025-10-06T10:51:26Z,LASNOC,2025-10-05
MCE,2025-10-06T10:54:14Z,2025-10-06,05:54:14,5,LASNOC,1,26.552,-7.47,0,0.391817,LASCIN,EPTFUS,NA,NA,2,2,8.259,1,0,27.544,25.741,9,24A04F085FDF19C0,Schmeeckle 2025 Master.csv,MCE\10 09\20251006,24A04F085FDF19C0_20251006_105414T.WAV,24A04F085FDF19C0_20251006_105414_000T.wav,NA,C:\Users\Nancy\Desktop\Bat Files,C:\Users\Nancy\Desktop\AutoID\10 09 Output,2,26.435,1682.428,26.627,2.014,-146.41,4.758,0.42,NA,2025-10-06T10:54:14Z,LASNOC,2025-10-05
MCE,2025-10-06T10:56:06Z,2025-10-06,05:56:06,5,LASBOR,1,39.091,25.76,0,0.348743,MYOLUC,PERSUB,NA,NA,3,3,5.788,1,0,45.217,39.09,9,24A04F085FDF19C0,Schmeeckle 2025 Master.csv,MCE\10 09\20251006,24A04F085FDF19C0_20251006_105606T.WAV,24A04F085FDF19C0_20251006_105606_000T.wav,NA,C:\Users\Nancy\Desktop\Bat Files,C:\Users\Nancy\Desktop\AutoID\10 09 Output,3,41.073,748.176,42.031,1.548,184.19,5.621,0.58,NA,2025-10-06T10:56:06Z,LASBOR,2025-10-05
MCE,2025-10-06T10:58:54Z,2025-10-06,05:58:54,5,LASNOC,0.5,25.807,35.32,0,0.351429,EPTFUS,LASCIN,NA,NA,30,30,7.301,1,0,38.531,25.38,9,24A04F085FDF19C0,Schmeeckle 2025 Master.csv,MCE\10 09\20251006,24A04F085FDF19C0_20251006_105854T.WAV,24A04F085FDF19C0_20251006_105854_000T.wav,NA,C:\Users\Nancy\Desktop\Bat Files,C:\Users\Nancy\Desktop\AutoID\10 09 Output,15,28.298,216.166,27.255,4.016,377.5,6.685,4.36,NA,2025-10-06T10:58:54Z,LASNOC,2025-10-05
MCE,2025-10-06T11:08:56Z,2025-10-06,06:08:56,6,LASBOR,1,36.939,18.84,0,0.308449,MYOLUC,NA,NA,NA,5,5,6.474,1,0,41.095,36.827,9,24A04F085FDF19C0,Schmeeckle 2025 Master.csv,MCE\10 09\20251006,24A04F085FDF19C0_20251006_110856T.WAV,24A04F085FDF19C0_20251006_110856_000T.wav,NA,C:\Users\Nancy\Desktop\Bat Files,C:\Users\Nancy\Desktop\AutoID\10 09 Output,5,38.166,246.06,38.278,3.059,18.17,6.091,1.21,NA,2025-10-06T11:08:56Z,LASBOR,2025-10-05
MCE,2025-10-06T11:11:16Z,2025-10-06,06:11:16,6,LASNOC,0.71,25.794,18.36,0,0.299724,LASCIN,EPTFUS,NA,NA,31,31,7.5,1,0,29.576,25.25,9,24A04F085FDF19C0,Schmeeckle 2025 Master.csv,MCE\10 09\20251006,24A04F085FDF19C0_20251006_111116T.WAV,24A04F085FDF19C0_20251006_111116_000T.wav,NA,C:\Users\Nancy\Desktop\Bat Files,C:\Users\Nancy\Desktop\AutoID\10 09 Output,22,26.61,291.094,26.481,4.179,115.21,6.379,6.37,NA,2025-10-06T11:11:16Z,LASNOC,2025-10-05
MCE,2025-10-06T11:11:30Z,2025-10-06,06:11:30,6,LASNOC,0.444,25.132,12.83,0,0.202595,LASCIN,EPTFUS,NA,NA,9,9,5.276,1,0,26.346,24.905,9,24A04F085FDF19C0,Schmeeckle 2025 Master.csv,MCE\10 09\20251006,24A04F085FDF19C0_20251006_111130T.WAV,24A04F085FDF19C0_20251006_111130_000T.wav,NA,C:\Users\Nancy\Desktop\Bat Files,C:\Users\Nancy\Desktop\AutoID\10 09 Output,4,25.432,1053.014,25.52,2.438,70.84,4.291,1.92,NA,2025-10-06T11:11:30Z,LASNOC,2025-10-05
MCE,2025-10-06T11:11:58Z,2025-10-06,06:11:58,6,LASNOC,1,24.801,26.84,0,0.278546,LASCIN,EPTFUS,NA,NA,3,3,3.36,1,0,25.264,24.644,9,24A04F085FDF19C0,Schmeeckle 2025 Master.csv,MCE\10 09\20251006,24A04F085FDF19C0_20251006_111158T.WAV,24A04F085FDF19C0_20251006_111158_000T.wav,NA,C:\Users\Nancy\Desktop\Bat Files,C:\Users\Nancy\Desktop\AutoID\10 09 Output,3,24.961,404.547,25.164,1.116,-18.88,1.973,1.37,NA,2025-10-06T11:11:58Z,LASNOC,2025-10-05
MCE,2025-10-06T11:12:26Z,2025-10-06,06:12:26,6,LASNOC,0.8,24.835,2.44,0,0.270032,LASCIN,EPTFUS,NA,NA,5,5,4.311,1,0,25.289,24.53,9,24A04F085FDF19C0,Schmeeckle 2025 Master.csv,MCE\10 09\20251006,24A04F085FDF19C0_20251006_111226T.WAV,24A04F085FDF19C0_20251006_111226_000T.wav,NA,C:\Users\Nancy\Desktop\Bat Files,C:\Users\Nancy\Desktop\AutoID\10 09 Output,4,24.875,1783.372,24.882,1.996,-24.26,3.158,1.42,NA,2025-10-06T11:12:26Z,LASNOC,2025-10-05
MCE,2025-10-06T11:12:40Z,2025-10-06,06:12:40,6,LASNOC,0.75,25.204,-2.82,0,0.271149,LASCIN,EPTFUS,NA,NA,8,8,5.343,1,0,26.198,24.904,9,24A04F085FDF19C0,Schmeeckle 2025 Master.csv,MCE\10 09\20251006,24A04F085FDF19C0_20251006_111240T.WAV,24A04F085FDF19C0_20251006_111240_000T.wav,NA,C:\Users\Nancy\Desktop\Bat Files,C:\Users\Nancy\Desktop\AutoID\10 09 Output,6,25.405,488.614,25.417,2.259,48.01,4.62,1.75,NA,2025-10-06T11:12:40Z,LASNOC,2025-10-05
MCE,2025-10-06T11:23:52Z,2025-10-06,06:23:52,6,LASBOR,0.583,41.996,30.51,0,0.218259,MYOLUC,PERSUB,NA,NA,12,12,4.66,1,0,53.674,41.67,9,24A04F085FDF19C0,Schmeeckle 2025 Master.csv,MCE\10 09\20251006,24A04F085FDF19C0_20251006_112352T.WAV,24A04F085FDF19C0_20251006_112352_000T.wav,NA,C:\Users\Nancy\Desktop\Bat Files,C:\Users\Nancy\Desktop\AutoID\10 09 Output,7,45.042,134.195,44.066,2.209,220.39,4.401,2.31,NA,2025-10-06T11:23:52Z,LASBOR,2025-10-05
MCE,2025-10-06T11:30:52Z,2025-10-06,06:30:52,6,LASBOR,0.558,41.945,38.29,0,0.179741,PERSUB,MYOLUC,NA,NA,43,43,4.545,1,0,65.274,41.711,9,24A04F085FDF19C0,Schmeeckle 2025 Master.csv,MCE\10 09\20251006,24A04F085FDF19C0_20251006_113052T.WAV,24A04F085FDF19C0_20251006_113052_000T.wav,NA,C:\Users\Nancy\Desktop\Bat Files,C:\Users\Nancy\Desktop\AutoID\10 09 Output,24,47.682,109.282,43.937,2.556,374.04,4.336,7.65,NA,2025-10-06T11:30:52Z,LASBOR,2025-10-05
MCE,2025-10-06T11:33:26Z,2025-10-06,06:33:26,6,LASBOR,1,37.888,24.24,0,0.166108,MYOLUC,NA,NA,NA,8,8,5.339,1,0,40.883,37.676,9,24A04F085FDF19C0,Schmeeckle 2025 Master.csv,MCE\10 09\20251006,24A04F085FDF19C0_20251006_113326T.WAV,24A04F085FDF19C0_20251006_113326_000T.wav,NA,C:\Users\Nancy\Desktop\Bat Files,C:\Users\Nancy\Desktop\AutoID\10 09 Output,8,38.825,453.982,39.021,1.773,193.38,4.829,1.96,NA,2025-10-06T11:33:26Z,LASBOR,2025-10-05
MCE,2025-10-06T11:35:46Z,2025-10-06,06:35:46,6,LASBOR,0.5,39.957,17.75,0,0.21594,MYOLUC,NA,NA,NA,8,8,6.402,1,0,44.375,39.73,9,24A04F085FDF19C0,Schmeeckle 2025 Master.csv,MCE\10 09\20251006,24A04F085FDF19C0_20251006_113546T.WAV,24A04F085FDF19C0_20251006_113546_000T.wav,NA,C:\Users\Nancy\Desktop\Bat Files,C:\Users\Nancy\Desktop\AutoID\10 09 Output,4,41.29,239.61,41.831,1.762,158.57,5.967,1.4,NA,2025-10-06T11:35:46Z,LASBOR,2025-10-05
MCE,2025-10-06T11:36:42Z,2025-10-06,06:36:42,6,LASBOR,0.846,37.395,20.52,0,0.179721,NA,NA,NA,NA,13,13,5.281,1,0,40.246,37.183,9,24A04F085FDF19C0,Schmeeckle 2025 Master.csv,MCE\10 09\20251006,24A04F085FDF19C0_20251006_113642T.WAV,24A04F085FDF19C0_20251006_113642_000T.wav,NA,C:\Users\Nancy\Desktop\Bat Files,C:\Users\Nancy\Desktop\AutoID\10 09 Output,11,38.13,177.741,38.388,1.262,71.21,4.376,3.48,NA,2025-10-06T11:36:42Z,LASBOR,2025-10-05
MCE,2025-10-06T11:37:10Z,2025-10-06,06:37:10,6,LASBOR,0.714,43.358,31.86,0,0.25655,PERSUB,MYOLUC,NA,NA,14,14,4.504,1,0,53.431,43.096,9,24A04F085FDF19C0,Schmeeckle 2025 Master.csv,MCE\10 09\20251006,24A04F085FDF19C0_20251006_113710T.WAV,24A04F085FDF19C0_20251006_113710_000T.wav,NA,C:\Users\Nancy\Desktop\Bat Files,C:\Users\Nancy\Desktop\AutoID\10 09 Output,10,46.003,199.765,45.462,2.031,201.76,4.127,2.79,NA,2025-10-06T11:37:10Z,LASBOR,2025-10-05
MCE,2025-10-06T23:51:20Z,2025-10-06,18:51:20,18,LASNOC,0.826,26.078,12.29,0,0.371276,LASCIN,EPTFUS,NA,NA,23,23,9.777,1,0,31.728,25.836,9,24A04F085FDF19C0,Schmeeckle 2025 Master.csv,MCE\10 09\20251006,24A04F085FDF19C0_20251006_235120T.WAV,24A04F085FDF19C0_20251006_235120_000T.wav,NA,C:\Users\Nancy\Desktop\Bat Files,C:\Users\Nancy\Desktop\AutoID\10 09 Output,19,27.23,186.722,26.865,5.042,200.96,8.382,4.07,NA,2025-10-06T23:51:20Z,LASNOC,2025-10-06
MCE,2025-10-06T23:54:36Z,2025-10-06,18:54:36,18,LASNOC,0.938,25.864,4.53,0,0.344559,LASCIN,EPTFUS,NA,NA,16,16,9.701,1,0,27.251,25.292,9,24A04F085FDF19C0,Schmeeckle 2025 Master.csv,MCE\10 09\20251006,24A04F085FDF19C0_20251006_235436T.WAV,24A04F085FDF19C0_20251006_235436_000T.wav,NA,C:\Users\Nancy\Desktop\Bat Files,C:\Users\Nancy\Desktop\AutoID\10 09 Output,15,26.224,228.295,26.153,4.923,-5.69,7.565,3.84,NA,2025-10-06T23:54:36Z,LASNOC,2025-10-06
MCE,2025-10-06T23:55:46Z,2025-10-06,18:55:46,18,LASNOC,0.889,26.255,-3.67,0,0.299394,LASCIN,EPTFUS,NA,NA,18,18,6.787,1,0,27.453,25.84,9,24A04F085FDF19C0,Schmeeckle 2025 Master.csv,MCE\10 09\20251006,24A04F085FDF19C0_20251006_235546T.WAV,24A04F085FDF19C0_20251006_235546_000T.wav,NA,C:\Users\Nancy\Desktop\Bat Files,C:\Users\Nancy\Desktop\AutoID\10 09 Output,16,26.399,207.814,26.413,2.468,40.1,5.145,3.21,NA,2025-10-06T23:55:46Z,LASNOC,2025-10-06
MCE,2025-10-06T23:56:00Z,2025-10-06,18:56:00,18,LASNOC,1,25.634,6.22,0,0.380118,LASCIN,EPTFUS,NA,NA,12,12,8.959,1,0,27.337,25.207,9,24A04F085FDF19C0,Schmeeckle 2025 Master.csv,MCE\10 09\20251006,24A04F085FDF19C0_20251006_235600T.WAV,24A04F085FDF19C0_20251006_235600_000T.wav,NA,C:\Users\Nancy\Desktop\Bat Files,C:\Users\Nancy\Desktop\AutoID\10 09 Output,12,25.949,255.677,26.188,2.855,57.81,6.529,2.24,NA,2025-10-06T23:56:00Z,LASNOC,2025-10-06
MCE,2025-10-06T23:56:42Z,2025-10-06,18:56:42,18,LASNOC,0.963,26.223,6.77,0,0.35592,LASCIN,EPTFUS,NA,NA,27,27,9.728,1,0,27.788,25.946,9,24A04F085FDF19C0,Schmeeckle 2025 Master.csv,MCE\10 09\20251006,24A04F085FDF19C0_20251006_235642T.WAV,24A04F085FDF19C0_20251006_235642_000T.wav,NA,C:\Users\Nancy\Desktop\Bat Files,C:\Users\Nancy\Desktop\AutoID\10 09 Output,26,26.653,310.771,26.517,5.788,27.28,8.448,6.41,NA,2025-10-06T23:56:42Z,LASNOC,2025-10-06
MCE,2025-10-06T23:57:10Z,2025-10-06,18:57:10,18,LASNOC,0.83,26.696,14.54,0,0.361736,EPTFUS,LASCIN,NA,NA,47,47,7.811,1,0,32.441,26.394,9,24A04F085FDF19C0,Schmeeckle 2025 Master.csv,MCE\10 09\20251006,24A04F085FDF19C0_20251006_235710T.WAV,24A04F085FDF19C0_20251006_235710_000T.wav,NA,C:\Users\Nancy\Desktop\Bat Files,C:\Users\Nancy\Desktop\AutoID\10 09 Output,39,28.066,139.421,27.474,4.36,164.65,7.031,8.2,NA,2025-10-06T23:57:10Z,LASNOC,2025-10-06
MCE,2025-10-06T23:57:24Z,2025-10-06,18:57:24,18,LASNOC,0.9,25.634,16.18,0,0.3806,LASCIN,EPTFUS,NA,NA,10,10,8.321,1,0,28.803,25.355,9,24A04F085FDF19C0,Schmeeckle 2025 Master.csv,MCE\10 09\20251006,24A04F085FDF19C0_20251006_235724T.WAV,24A04F085FDF19C0_20251006_235724_000T.wav,NA,C:\Users\Nancy\Desktop\Bat Files,C:\Users\Nancy\Desktop\AutoID\10 09 Output,9,26.422,189.639,26.235,4.955,64.73,7.217,3.25,NA,2025-10-06T23:57:24Z,LASNOC,2025-10-06
MCE,2025-10-06T23:58:20Z,2025-10-06,18:58:20,18,LASNOC,0.875,26.219,8.86,0,0.368984,LASCIN,EPTFUS,NA,NA,16,16,9.475,1,0,27.843,25.856,9,24A04F085FDF19C0,Schmeeckle 2025 Master.csv,MCE\10 09\20251006,24A04F085FDF19C0_20251006_235820T.WAV,24A04F085FDF19C0_20251006_235820_000T.wav,NA,C:\Users\Nancy\Desktop\Bat Files,C:\Users\Nancy\Desktop\AutoID\10 09 Output,14,26.632,309.407,26.729,4.057,35.96,7.888,2.98,NA,2025-10-06T23:58:20Z,LASNOC,2025-10-06
MCE,2025-10-06T23:58:34Z,2025-10-06,18:58:34,18,LASNOC,0.795,26.758,15.26,0,0.371898,EPTFUS,LASCIN,NA,NA,39,39,9.208,1,0,31.345,26.411,9,24A04F085FDF19C0,Schmeeckle 2025 Master.csv,MCE\10 09\20251006,24A04F085FDF19C0_20251006_235834T.WAV,24A04F085FDF19C0_20251006_235834_000T.wav,NA,C:\Users\Nancy\Desktop\Bat Files,C:\Users\Nancy\Desktop\AutoID\10 09 Output,31,27.946,200.276,27.714,3.494,110.8,7.841,6.04,NA,2025-10-06T23:58:34Z,LASNOC,2025-10-06
MCE,2025-10-06T23:58:48Z,2025-10-06,18:58:48,18,LASNOC,1,26.389,7.07,0,0.422437,LASCIN,EPTFUS,NA,NA,26,26,7.782,1,0,27.277,26.17,9,24A04F085FDF19C0,Schmeeckle 2025 Master.csv,MCE\10 09\20251006,24A04F085FDF19C0_20251006_235848T.WAV,24A04F085FDF19C0_20251006_235848_000T.wav,NA,C:\Users\Nancy\Desktop\Bat Files,C:\Users\Nancy\Desktop\AutoID\10 09 Output,26,26.624,355.785,26.682,3.13,33.05,6.155,5.89,NA,2025-10-06T23:58:48Z,LASNOC,2025-10-06
MCE,2025-10-06T23:59:02Z,2025-10-06,18:59:02,18,LASNOC,1,26.405,7.57,0,0.447442,LASCIN,EPTFUS,NA,NA,10,10,10.475,1,0,29.809,25.971,9,24A04F085FDF19C0,Schmeeckle 2025 Master.csv,MCE\10 09\20251006,24A04F085FDF19C0_20251006_235902T.WAV,24A04F085FDF19C0_20251006_235902_000T.wav,NA,C:\Users\Nancy\Desktop\Bat Files,C:\Users\Nancy\Desktop\AutoID\10 09 Output,10,27.013,196.367,26.717,7.234,175.3,9.215,2.22,NA,2025-10-06T23:59:02Z,LASNOC,2025-10-06
MCE,2025-10-06T23:59:44Z,2025-10-06,18:59:44,18,LASNOC,1,25.678,5.35,0,0.278546,LASCIN,EPTFUS,NA,NA,4,4,5.088,1,0,26.072,25.104,9,24A04F085FDF19C0,Schmeeckle 2025 Master.csv,MCE\10 09\20251006,24A04F085FDF19C0_20251006_235944T.WAV,24A04F085FDF19C0_20251006_235944_000T.wav,NA,C:\Users\Nancy\Desktop\Bat Files,C:\Users\Nancy\Desktop\AutoID\10 09 Output,4,25.549,715.22,25.839,0.38,-26.84,2.176,0.61,NA,2025-10-06T23:59:44Z,LASNOC,2025-10-06
MCE,2025-10-07T00:00:40Z,2025-10-06,19:00:40,19,LASNOC,0.809,25.546,11.46,0,0.368515,LASCIN,EPTFUS,NA,NA,47,47,10.128,1,0,29.962,25.372,9,24A04F085FDF19C0,Schmeeckle 2025 Master.csv,MCE\10 09\20251007,24A04F085FDF19C0_20251007_000040T.WAV,24A04F085FDF19C0_20251007_000040_000T.wav,NA,C:\Users\Nancy\Desktop\Bat Files,C:\Users\Nancy\Desktop\AutoID\10 09 Output,38,26.612,166.295,26.22,5.628,138.62,9.226,8.88,NA,2025-10-07T00:00:40Z,LASNOC,2025-10-06
MCE,2025-10-07T00:00:54Z,2025-10-06,19:00:54,19,LASNOC,1,26.471,1.23,0,0.4017,LASCIN,EPTFUS,NA,NA,16,16,4.527,1,0,26.926,26.275,9,24A04F085FDF19C0,Schmeeckle 2025 Master.csv,MCE\10 09\20251007,24A04F085FDF19C0_20251007_000054T.WAV,24A04F085FDF19C0_20251007_000054_000T.wav,NA,C:\Users\Nancy\Desktop\Bat Files,C:\Users\Nancy\Desktop\AutoID\10 09 Output,16,26.524,194.568,26.578,1.483,1.29,3.658,3.81,NA,2025-10-07T00:00:54Z,LASNOC,2025-10-06
MCE,2025-10-07T00:01:08Z,2025-10-06,19:01:08,19,LASNOC,0.625,25.87,16.91,0,0.313152,LASCIN,EPTFUS,NA,NA,48,48,8.359,1,0,30.937,25.525,9,24A04F085FDF19C0,Schmeeckle 2025 Master.csv,MCE\10 09\20251007,24A04F085FDF19C0_20251007_000108T.WAV,24A04F085FDF19C0_20251007_000108_000T.wav,NA,C:\Users\Nancy\Desktop\Bat Files,C:\Users\Nancy\Desktop\AutoID\10 09 Output,30,26.966,185.022,26.923,3.389,149.93,7.489,9.15,NA,2025-10-07T00:01:08Z,LASNOC,2025-10-06
MCE,2025-10-07T00:01:22Z,2025-10-06,19:01:22,19,LASNOC,0.519,26.356,8.86,0,0.230023,LASCIN,EPTFUS,NA,NA,52,52,8.109,1,0,30.694,26.157,9,24A04F085FDF19C0,Schmeeckle 2025 Master.csv,MCE\10 09\20251007,24A04F085FDF19C0_20251007_000122T.WAV,24A04F085FDF19C0_20251007_000122_000T.wav,NA,C:\Users\Nancy\Desktop\Bat Files,C:\Users\Nancy\Desktop\AutoID\10 09 Output,27,27.414,132.655,26.982,3.579,135.24,7.35,8.97,NA,2025-10-07T00:01:22Z,LASNOC,2025-10-06
MCE,2025-10-07T00:01:36Z,2025-10-06,19:01:36,19,LASNOC,0.8,27.951,18.35,0,0.23848,EPTFUS,LASCIN,NA,NA,5,5,4.282,1,0,29.628,27.678,9,24A04F085FDF19C0,Schmeeckle 2025 Master.csv,MCE\10 09\20251007,24A04F085FDF19C0_20251007_000136T.WAV,24A04F085FDF19C0_20251007_000136_000T.wav,NA,C:\Users\Nancy\Desktop\Bat Files,C:\Users\Nancy\Desktop\AutoID\10 09 Output,4,28.366,662.915,28.285,2.124,83.42,3.358,1.8,NA,2025-10-07T00:01:36Z,LASNOC,2025-10-06
MCE,2025-10-07T00:01:50Z,2025-10-06,19:01:50,19,LASNOC,0.786,25.759,9.76,0,0.339158,LASCIN,EPTFUS,NA,NA,28,28,8.237,1,0,28.018,25.353,9,24A04F085FDF19C0,Schmeeckle 2025 Master.csv,MCE\10 09\20251007,24A04F085FDF19C0_20251007_000150T.WAV,24A04F085FDF19C0_20251007_000150_000T.wav,NA,C:\Users\Nancy\Desktop\Bat Files,C:\Users\Nancy\Desktop\AutoID\10 09 Output,22,26.262,218.8,26.258,3.733,87.88,6.86,6.21,NA,2025-10-07T00:01:50Z,LASNOC,2025-10-06
MCE,2025-10-07T00:02:04Z,2025-10-06,19:02:04,19,LASNOC,0.963,26.86,8.24,0,0.405075,LASCIN,EPTFUS,NA,NA,27,27,8.183,1,0,29.701,26.514,9,24A04F085FDF19C0,Schmeeckle 2025 Master.csv,MCE\10 09\20251007,24A04F085FDF19C0_20251007_000204T.WAV,24A04F085FDF19C0_20251007_000204_000T.wav,NA,C:\Users\Nancy\Desktop\Bat Files,C:\Users\Nancy\Desktop\AutoID\10 09 Output,26,27.456,194.915,27.467,3.45,131.36,7.042,5.75,NA,2025-10-07T00:02:04Z,LASNOC,2025-10-06
MCE,2025-10-07T00:03:00Z,2025-10-06,19:03:00,19,LASNOC,1,26.851,8.53,0,0.368259,LASCIN,EPTFUS,NA,NA,9,9,5.375,1,0,27.631,26.548,9,24A04F085FDF19C0,Schmeeckle 2025 Master.csv,MCE\10 09\20251007,24A04F085FDF19C0_20251007_000300T.WAV,24A04F085FDF19C0_20251007_000300_000T.wav,NA,C:\Users\Nancy\Desktop\Bat Files,C:\Users\Nancy\Desktop\AutoID\10 09 Output,9,27.061,220.178,27.092,2.254,15.6,4.285,2.09,NA,2025-10-07T00:03:00Z,LASNOC,2025-10-06
MCE,2025-10-07T00:03:42Z,2025-10-06,19:03:42,19,LASNOC,0.812,26.18,11.6,0,0.339879,LASCIN,EPTFUS,NA,NA,16,16,8.67,1,0,28.096,25.848,9,24A04F085FDF19C0,Schmeeckle 2025 Master.csv,MCE\10 09\20251007,24A04F085FDF19C0_20251007_000342T.WAV,24A04F085FDF19C0_20251007_000342_000T.wav,NA,C:\Users\Nancy\Desktop\Bat Files,C:\Users\Nancy\Desktop\AutoID\10 09 Output,13,26.464,256.563,26.558,5.434,47.24,7.565,3.01,NA,2025-10-07T00:03:42Z,LASNOC,2025-10-06
MCE,2025-10-07T00:04:10Z,2025-10-06,19:04:10,19,LASNOC,0.667,27.036,18.64,0,0.36141,EPTFUS,LASCIN,NA,NA,12,12,7.451,1,0,34.144,26.878,9,24A04F085FDF19C0,Schmeeckle 2025 Master.csv,MCE\10 09\20251007,24A04F085FDF19C0_20251007_000410T.WAV,24A04F085FDF19C0_20251007_000410_000T.wav,NA,C:\Users\Nancy\Desktop\Bat Files,C:\Users\Nancy\Desktop\AutoID\10 09 Output,8,28.774,157.248,27.944,3.872,209.14,6.853,2.2,NA,2025-10-07T00:04:10Z,LASNOC,2025-10-06
MCE,2025-10-07T00:04:24Z,2025-10-06,19:04:24,19,LASNOC,0.818,27.024,1.27,0,0.365829,EPTFUS,LASCIN,NA,NA,11,11,5.223,1,0,29.833,26.729,9,24A04F085FDF19C0,Schmeeckle 2025 Master.csv,MCE\10 09\20251007,24A04F085FDF19C0_20251007_000424T.WAV,24A04F085FDF19C0_20251007_000424_000T.wav,NA,C:\Users\Nancy\Desktop\Bat Files,C:\Users\Nancy\Desktop\AutoID\10 09 Output,9,27.639,299.336,27.404,3.021,147.09,4.872,3.16,NA,2025-10-07T00:04:24Z,LASNOC,2025-10-06
MCE,2025-10-07T00:04:52Z,2025-10-06,19:04:52,19,LASNOC,0.929,26.584,6.43,0,0.35445,LASCIN,EPTFUS,NA,NA,14,14,6.383,1,0,28.074,26.314,9,24A04F085FDF19C0,Schmeeckle 2025 Master.csv,MCE\10 09\20251007,24A04F085FDF19C0_20251007_000452T.WAV,24A04F085FDF19C0_20251007_000452_000T.wav,NA,C:\Users\Nancy\Desktop\Bat Files,C:\Users\Nancy\Desktop\AutoID\10 09 Output,13,26.932,686.841,26.848,3.158,63.79,5.521,3.66,NA,2025-10-07T00:04:52Z,LASNOC,2025-10-06
MCE,2025-10-07T00:05:06Z,2025-10-06,19:05:06,19,LASNOC,1,26.094,14.82,0,0.436772,LASCIN,EPTFUS,NA,NA,31,31,8.025,1,0,30.859,25.846,9,24A04F085FDF19C0,Schmeeckle 2025 Master.csv,MCE\10 09\20251007,24A04F085FDF19C0_20251007_000506T.WAV,24A04F085FDF19C0_20251007_000506_000T.wav,NA,C:\Users\Nancy\Desktop\Bat Files,C:\Users\Nancy\Desktop\AutoID\10 09 Output,31,27.138,233.294,26.893,3.033,150.43,6.924,5.47,NA,2025-10-07T00:05:06Z,LASNOC,2025-10-06
MCE,2025-10-07T00:05:34Z,2025-10-06,19:05:34,19,LASNOC,1,26.46,18.59,0,0.358154,LASCIN,EPTFUS,NA,NA,13,13,8.09,1,0,28.54,26.093,9,24A04F085FDF19C0,Schmeeckle 2025 Master.csv,MCE\10 09\20251007,24A04F085FDF19C0_20251007_000534T.WAV,24A04F085FDF19C0_20251007_000534_000T.wav,NA,C:\Users\Nancy\Desktop\Bat Files,C:\Users\Nancy\Desktop\AutoID\10 09 Output,13,26.963,172.309,26.891,4.307,95.31,6.559,2.88,NA,2025-10-07T00:05:34Z,LASNOC,2025-10-06
MCE,2025-10-07T00:07:40Z,2025-10-06,19:07:40,19,LASNOC,1,26.088,12.21,0,0.379006,LASCIN,EPTFUS,NA,NA,5,5,7.525,1,0,26.838,25.729,9,24A04F085FDF19C0,Schmeeckle 2025 Master.csv,MCE\10 09\20251007,24A04F085FDF19C0_20251007_000740T.WAV,24A04F085FDF19C0_20251007_000740_000T.wav,NA,C:\Users\Nancy\Desktop\Bat Files,C:\Users\Nancy\Desktop\AutoID\10 09 Output,5,26.279,590.018,26.409,3.388,34.9,5.417,2.3,NA,2025-10-07T00:07:40Z,LASNOC,2025-10-06
MCE,2025-10-07T00:08:50Z,2025-10-06,19:08:50,19,LASNOC,1,25.998,7.66,0,0.341114,LASCIN,EPTFUS,NA,NA,4,4,6.833,1,0,26.427,25.501,9,24A04F085FDF19C0,Schmeeckle 2025 Master.csv,MCE\10 09\20251007,24A04F085FDF19C0_20251007_000850T.WAV,24A04F085FDF19C0_20251007_000850_000T.wav,NA,C:\Users\Nancy\Desktop\Bat Files,C:\Users\Nancy\Desktop\AutoID\10 09 Output,4,26.01,157.02,26.189,0.533,-66.54,2.864,1.76,NA,2025-10-07T00:08:50Z,LASNOC,2025-10-06
MCE,2025-10-07T00:09:46Z,2025-10-06,19:09:46,19,LASNOC,0.857,25.911,10.69,0,0.364475,LASCIN,EPTFUS,NA,NA,28,28,7.98,1,0,27.557,25.581,9,24A04F085FDF19C0,Schmeeckle 2025 Master.csv,MCE\10 09\20251007,24A04F085FDF19C0_20251007_000946T.WAV,24A04F085FDF19C0_20251007_000946_000T.wav,NA,C:\Users\Nancy\Desktop\Bat Files,C:\Users\Nancy\Desktop\AutoID\10 09 Output,24,26.29,289.89,26.308,4.259,82.62,6.814,7.63,NA,2025-10-07T00:09:46Z,LASNOC,2025-10-06
MCE,2025-10-07T00:10:28Z,2025-10-06,19:10:28,19,LASBOR,0.857,44.642,43.81,0,0.324185,MYOLUC,PERSUB,NA,NA,14,14,5.565,1,0,57.452,44.532,9,24A04F085FDF19C0,Schmeeckle 2025 Master.csv,MCE\10 09\20251007,24A04F085FDF19C0_20251007_001028T.WAV,24A04F085FDF19C0_20251007_001028_000T.wav,NA,C:\Users\Nancy\Desktop\Bat Files,C:\Users\Nancy\Desktop\AutoID\10 09 Output,12,48.066,106.825,47.014,2.814,324.52,5.2,2.96,NA,2025-10-07T00:10:28Z,LASBOR,2025-10-06
MCE,2025-10-07T00:12:48Z,2025-10-06,19:12:48,19,LASNOC,1,26.264,1.13,0,0.437036,LASCIN,EPTFUS,NA,NA,21,21,7.273,1,0,26.973,25.949,9,24A04F085FDF19C0,Schmeeckle 2025 Master.csv,MCE\10 09\20251007,24A04F085FDF19C0_20251007_001248T.WAV,24A04F085FDF19C0_20251007_001248_000T.wav,NA,C:\Users\Nancy\Desktop\Bat Files,C:\Users\Nancy\Desktop\AutoID\10 09 Output,21,26.366,403.984,26.398,2.521,69.92,5.915,4.26,NA,2025-10-07T00:12:48Z,LASNOC,2025-10-06
MCE,2025-10-07T00:41:44Z,2025-10-06,19:41:44,19,LASBOR,0.75,43.627,23.77,0,0.234891,PERSUB,MYOLUC,NA,NA,8,8,5.433,1,0,54.857,43.567,9,24A04F085FDF19C0,Schmeeckle 2025 Master.csv,MCE\10 09\20251007,24A04F085FDF19C0_20251007_004144T.WAV,24A04F085FDF19C0_20251007_004144_000T.wav,NA,C:\Users\Nancy\Desktop\Bat Files,C:\Users\Nancy\Desktop\AutoID\10 09 Output,6,46.381,309.998,45.407,2.801,236.54,5.253,2.46,NA,2025-10-07T00:41:44Z,LASBOR,2025-10-06
MCE,2025-10-07T01:41:42Z,2025-10-06,20:41:42,20,LASBOR,0.5,41.364,-3.17,0,0.257996,PERSUB,MYOLUC,NA,NA,6,6,4.425,1,0,43.757,40.7,9,24A04F085FDF19C0,Schmeeckle 2025 Master.csv,MCE\10 09\20251007,24A04F085FDF19C0_20251007_014142T.WAV,24A04F085FDF19C0_20251007_014142_000T.wav,NA,C:\Users\Nancy\Desktop\Bat Files,C:\Users\Nancy\Desktop\AutoID\10 09 Output,3,41.858,306.282,42.852,0.368,117.76,3.911,1.08,NA,2025-10-07T01:41:42Z,LASBOR,2025-10-06
MCE,2025-10-07T01:47:46Z,2025-10-06,20:47:46,20,LASNOC,0.727,27.218,14.79,0,0.388202,EPTFUS,LASCIN,NA,NA,33,33,6.302,1,0,35.204,26.96,9,24A04F085FDF19C0,Schmeeckle 2025 Master.csv,MCE\10 09\20251007,24A04F085FDF19C0_20251007_014746T.WAV,24A04F085FDF19C0_20251007_014746_000T.wav,NA,C:\Users\Nancy\Desktop\Bat Files,C:\Users\Nancy\Desktop\AutoID\10 09 Output,24,29.015,244.129,28.258,3.194,207.49,5.987,5.58,NA,2025-10-07T01:47:46Z,LASNOC,2025-10-06
MCE,2025-10-07T01:48:00Z,2025-10-06,20:48:00,20,LASNOC,0.923,26.936,11.54,0,0.394266,LASCIN,EPTFUS,NA,NA,13,13,6.08,1,0,29.096,26.63,9,24A04F085FDF19C0,Schmeeckle 2025 Master.csv,MCE\10 09\20251007,24A04F085FDF19C0_20251007_014800T.WAV,24A04F085FDF19C0_20251007_014800_000T.wav,NA,C:\Users\Nancy\Desktop\Bat Files,C:\Users\Nancy\Desktop\AutoID\10 09 Output,12,27.533,327.699,27.362,3.474,73.49,5.291,2.87,NA,2025-10-07T01:48:00Z,LASNOC,2025-10-06
MCE,2025-10-07T01:51:44Z,2025-10-06,20:51:44,20,LASNOC,0.708,27.529,24.7,0,0.349665,EPTFUS,LASCIN,NA,NA,24,24,6.884,1,0,39.469,27.404,9,24A04F085FDF19C0,Schmeeckle 2025 Master.csv,MCE\10 09\20251007,24A04F085FDF19C0_20251007_015144T.WAV,24A04F085FDF19C0_20251007_015144_000T.wav,NA,C:\Users\Nancy\Desktop\Bat Files,C:\Users\Nancy\Desktop\AutoID\10 09 Output,17,30.239,166.436,28.662,3.747,307.87,6.565,3.75,NA,2025-10-07T01:51:44Z,LASNOC,2025-10-06
MCE,2025-10-07T01:53:08Z,2025-10-06,20:53:08,20,LASNOC,0.692,27.241,22.11,0,0.329962,EPTFUS,LASCIN,NA,NA,13,13,7.618,1,0,36.236,26.843,9,24A04F085FDF19C0,Schmeeckle 2025 Master.csv,MCE\10 09\20251007,24A04F085FDF19C0_20251007_015308T.WAV,24A04F085FDF19C0_20251007_015308_000T.wav,NA,C:\Users\Nancy\Desktop\Bat Files,C:\Users\Nancy\Desktop\AutoID\10 09 Output,9,29.286,205.662,28.488,3.851,180.88,6.992,1.57,NA,2025-10-07T01:53:08Z,LASNOC,2025-10-06
MCE,2025-10-07T01:58:30Z,2025-10-06,20:58:30,20,LASNOC,0.68,25.777,13.12,0,0.385122,EPTFUS,LASCIN,NA,NA,25,25,8.841,1,0,33.406,25.437,9,24A04F085FDF19C0,Schmeeckle 2025 Master.csv,MCE\10 09\20251007,24A04F085FDF19C0_20251007_015830T.WAV,24A04F085FDF19C0_20251007_015830_000T.wav,NA,C:\Users\Nancy\Desktop\Bat Files,C:\Users\Nancy\Desktop\AutoID\10 09 Output,17,27.133,258.659,26.593,4.408,237.43,7.924,4.6,NA,2025-10-07T01:58:30Z,LASNOC,2025-10-06
MCE,2025-10-07T02:01:04Z,2025-10-06,21:01:04,21,LASNOC,0.875,26.319,6.96,0,0.371312,LASCIN,EPTFUS,NA,NA,8,8,6.943,1,0,28.608,26.027,9,24A04F085FDF19C0,Schmeeckle 2025 Master.csv,MCE\10 09\20251007,24A04F085FDF19C0_20251007_020104T.WAV,24A04F085FDF19C0_20251007_020104_000T.wav,NA,C:\Users\Nancy\Desktop\Bat Files,C:\Users\Nancy\Desktop\AutoID\10 09 Output,7,26.905,394.466,26.948,3.458,130.34,6.295,2.66,NA,2025-10-07T02:01:04Z,LASNOC,2025-10-06
MCE,2025-10-07T02:15:18Z,2025-10-06,21:15:18,21,LASNOC,0.75,25.045,8.68,0,0.30948,LASCIN,EPTFUS,NA,NA,16,16,6.984,1,0,26.09,24.769,9,24A04F085FDF19C0,Schmeeckle 2025 Master.csv,MCE\10 09\20251007,24A04F085FDF19C0_20251007_021518T.WAV,24A04F085FDF19C0_20251007_021518_000T.wav,NA,C:\Users\Nancy\Desktop\Bat Files,C:\Users\Nancy\Desktop\AutoID\10 09 Output,12,25.337,451.47,25.279,4.051,37.03,5.681,5.69,NA,2025-10-07T02:15:18Z,LASNOC,2025-10-06
MCE,2025-10-07T02:25:48Z,2025-10-06,21:25:48,21,LASNOC,0.95,26.204,8.46,0,0.398885,LASCIN,EPTFUS,NA,NA,20,20,7.168,1,0,28.184,25.9,9,24A04F085FDF19C0,Schmeeckle 2025 Master.csv,MCE\10 09\20251007,24A04F085FDF19C0_20251007_022548T.WAV,24A04F085FDF19C0_20251007_022548_000T.wav,NA,C:\Users\Nancy\Desktop\Bat Files,C:\Users\Nancy\Desktop\AutoID\10 09 Output,19,26.608,327.968,26.794,1.749,98.66,5.986,3.44,NA,2025-10-07T02:25:48Z,LASNOC,2025-10-06
MCE,2025-10-07T02:26:16Z,2025-10-06,21:26:16,21,LASNOC,1,26.107,1.36,0,0.390529,LASCIN,EPTFUS,NA,NA,24,24,7.668,1,0,26.662,25.87,9,24A04F085FDF19C0,Schmeeckle 2025 Master.csv,MCE\10 09\20251007,24A04F085FDF19C0_20251007_022616T.WAV,24A04F085FDF19C0_20251007_022616_000T.wav,NA,C:\Users\Nancy\Desktop\Bat Files,C:\Users\Nancy\Desktop\AutoID\10 09 Output,24,26.177,378.673,26.196,2.655,28.8,5.562,6.59,NA,2025-10-07T02:26:16Z,LASNOC,2025-10-06
MCE,2025-10-07T02:31:10Z,2025-10-06,21:31:10,21,LASNOC,0.727,25.084,7.02,0,0.234626,LASCIN,EPTFUS,NA,NA,11,11,4.748,1,0,25.7,24.816,9,24A04F085FDF19C0,Schmeeckle 2025 Master.csv,MCE\10 09\20251007,24A04F085FDF19C0_20251007_023110T.WAV,24A04F085FDF19C0_20251007_023110_000T.wav,NA,C:\Users\Nancy\Desktop\Bat Files,C:\Users\Nancy\Desktop\AutoID\10 09 Output,8,25.205,262.152,25.327,1.466,32.95,3.591,2.11,NA,2025-10-07T02:31:10Z,LASNOC,2025-10-06
MCE,2025-10-07T02:35:50Z,2025-10-06,21:35:50,21,LASNOC,0.96,26.815,14.71,0,0.432905,EPTFUS,LASCIN,NA,NA,25,25,6.685,1,0,31.027,26.564,9,24A04F085FDF19C0,Schmeeckle 2025 Master.csv,MCE\10 09\20251007,24A04F085FDF19C0_20251007_023550T.WAV,24A04F085FDF19C0_20251007_023550_000T.wav,NA,C:\Users\Nancy\Desktop\Bat Files,C:\Users\Nancy\Desktop\AutoID\10 09 Output,24,27.835,292.983,27.691,2.48,115.69,5.819,4.44,NA,2025-10-07T02:35:50Z,LASNOC,2025-10-06
MCE,2025-10-07T02:39:34Z,2025-10-06,21:39:34,21,LASNOC,1,26.902,7.61,0,0.427339,LASCIN,EPTFUS,NA,NA,5,5,5.764,1,0,27.797,26.53,9,24A04F085FDF19C0,Schmeeckle 2025 Master.csv,MCE\10 09\20251007,24A04F085FDF19C0_20251007_023934T.WAV,24A04F085FDF19C0_20251007_023934_000T.wav,NA,C:\Users\Nancy\Desktop\Bat Files,C:\Users\Nancy\Desktop\AutoID\10 09 Output,5,27.059,319.338,27.275,1.053,32.5,4.102,0.62,NA,2025-10-07T02:39:34Z,LASNOC,2025-10-06
MCE,2025-10-07T02:42:50Z,2025-10-06,21:42:50,21,LASNOC,1,26.275,7.25,0,0.393502,LASCIN,EPTFUS,NA,NA,2,2,4.399,1,0,26.893,26.145,9,24A04F085FDF19C0,Schmeeckle 2025 Master.csv,MCE\10 09\20251007,24A04F085FDF19C0_20251007_024250T.WAV,24A04F085FDF19C0_20251007_024250_000T.wav,NA,C:\Users\Nancy\Desktop\Bat Files,C:\Users\Nancy\Desktop\AutoID\10 09 Output,2,26.434,372.267,26.627,0.827,-14.51,4.092,0.45,NA,2025-10-07T02:42:50Z,LASNOC,2025-10-06
MCE,2025-10-07T02:43:04Z,2025-10-06,21:43:04,21,LASNOC,1,25.267,2.76,0,0.32218,LASCIN,EPTFUS,NA,NA,6,6,7.523,1,0,26.654,25.056,9,24A04F085FDF19C0,Schmeeckle 2025 Master.csv,MCE\10 09\20251007,24A04F085FDF19C0_20251007_024304T.WAV,24A04F085FDF19C0_20251007_024304_000T.wav,NA,C:\Users\Nancy\Desktop\Bat Files,C:\Users\Nancy\Desktop\AutoID\10 09 Output,6,25.687,500.678,25.36,5.68,-7.09,7.049,1.8,NA,2025-10-07T02:43:04Z,LASNOC,2025-10-06
MCE,2025-10-07T02:47:30Z,2025-10-06,21:47:30,21,LASNOC,1,26.041,-0.16,0,0.296052,LASCIN,EPTFUS,NA,NA,4,4,6.022,1,0,26.342,25.642,9,24A04F085FDF19C0,Schmeeckle 2025 Master.csv,MCE\10 09\20251007,24A04F085FDF19C0_20251007_024730T.WAV,24A04F085FDF19C0_20251007_024730_000T.wav,NA,C:\Users\Nancy\Desktop\Bat Files,C:\Users\Nancy\Desktop\AutoID\10 09 Output,4,25.958,708.478,26.039,1.076,22.53,2.844,1.52,NA,2025-10-07T02:47:30Z,LASNOC,2025-10-06
MCE,2025-10-07T02:49:36Z,2025-10-06,21:49:36,21,LASNOC,1,26.143,-1.11,0,0.376682,LASCIN,EPTFUS,NA,NA,21,21,6.68,1,0,26.562,25.799,9,24A04F085FDF19C0,Schmeeckle 2025 Master.csv,MCE\10 09\20251007,24A04F085FDF19C0_20251007_024936T.WAV,24A04F085FDF19C0_20251007_024936_000T.wav,NA,C:\Users\Nancy\Desktop\Bat Files,C:\Users\Nancy\Desktop\AutoID\10 09 Output,21,26.155,397.516,26.141,2.156,25.13,3.964,4.99,NA,2025-10-07T02:49:36Z,LASNOC,2025-10-06
MCE,2025-10-07T02:51:28Z,2025-10-06,21:51:28,21,LASNOC,1,26.778,3.25,0,0.330736,LASCIN,EPTFUS,NA,NA,6,6,4.586,1,0,27.228,26.435,9,24A04F085FDF19C0,Schmeeckle 2025 Master.csv,MCE\10 09\20251007,24A04F085FDF19C0_20251007_025128T.WAV,24A04F085FDF19C0_20251007_025128_000T.wav,NA,C:\Users\Nancy\Desktop\Bat Files,C:\Users\Nancy\Desktop\AutoID\10 09 Output,6,26.838,274.222,26.841,2.039,-41.46,3.714,1.7,NA,2025-10-07T02:51:28Z,LASNOC,2025-10-06
MCE,2025-10-07T02:52:10Z,2025-10-06,21:52:10,21,LASNOC,1,25.822,-2.08,0,0.396033,LASCIN,EPTFUS,NA,NA,18,18,6.83,1,0,26.344,25.435,9,24A04F085FDF19C0,Schmeeckle 2025 Master.csv,MCE\10 09\20251007,24A04F085FDF19C0_20251007_025210T.WAV,24A04F085FDF19C0_20251007_025210_000T.wav,NA,C:\Users\Nancy\Desktop\Bat Files,C:\Users\Nancy\Desktop\AutoID\10 09 Output,18,25.889,367.629,26.029,1.453,17.09,5.204,4.33,NA,2025-10-07T02:52:10Z,LASNOC,2025-10-06
MCE,2025-10-07T02:53:20Z,2025-10-06,21:53:20,21,LASNOC,0.833,25.202,1.78,0,0.309797,LASCIN,EPTFUS,NA,NA,18,18,6.909,1,0,25.841,24.939,9,24A04F085FDF19C0,Schmeeckle 2025 Master.csv,MCE\10 09\20251007,24A04F085FDF19C0_20251007_025320T.WAV,24A04F085FDF19C0_20251007_025320_000T.wav,NA,C:\Users\Nancy\Desktop\Bat Files,C:\Users\Nancy\Desktop\AutoID\10 09 Output,15,25.305,325.945,25.308,3.379,57.41,5.868,4.06,NA,2025-10-07T02:53:20Z,LASNOC,2025-10-06
MCE,2025-10-07T02:55:54Z,2025-10-06,21:55:54,21,LASNOC,0.75,25.151,3.13,0,0.234616,LASCIN,EPTFUS,NA,NA,8,8,3.795,1,0,25.502,24.916,9,24A04F085FDF19C0,Schmeeckle 2025 Master.csv,MCE\10 09\20251007,24A04F085FDF19C0_20251007_025554T.WAV,24A04F085FDF19C0_20251007_025554_000T.wav,NA,C:\Users\Nancy\Desktop\Bat Files,C:\Users\Nancy\Desktop\AutoID\10 09 Output,6,25.202,475.017,25.21,0.994,-7.73,2.678,1.82,NA,2025-10-07T02:55:54Z,LASNOC,2025-10-06
MCE,2025-10-07T03:05:28Z,2025-10-06,22:05:28,22,LASNOC,1,25.6,2.55,0,0.369794,LASCIN,EPTFUS,NA,NA,2,2,11.274,1,0,26.495,25.198,9,24A04F085FDF19C0,Schmeeckle 2025 Master.csv,MCE\10 09\20251007,24A04F085FDF19C0_20251007_030528T.WAV,24A04F085FDF19C0_20251007_030528_000T.wav,NA,C:\Users\Nancy\Desktop\Bat Files,C:\Users\Nancy\Desktop\AutoID\10 09 Output,2,25.726,453.621,25.893,2.461,8.68,8.599,0.59,NA,2025-10-07T03:05:28Z,LASNOC,2025-10-06
MCE,2025-10-07T03:06:24Z,2025-10-06,22:06:24,22,LASNOC,1,25.878,3.45,0,0.461517,LASCIN,EPTFUS,NA,NA,6,6,11.028,1,0,26.748,25.671,9,24A04F085FDF19C0,Schmeeckle 2025 Master.csv,MCE\10 09\20251007,24A04F085FDF19C0_20251007_030624T.WAV,24A04F085FDF19C0_20251007_030624_000T.wav,NA,C:\Users\Nancy\Desktop\Bat Files,C:\Users\Nancy\Desktop\AutoID\10 09 Output,6,26.011,509.882,26.106,2.738,71.49,7.077,1.89,NA,2025-10-07T03:06:24Z,LASNOC,2025-10-06
MCE,2025-10-07T03:06:38Z,2025-10-06,22:06:38,22,LASNOC,1,26.885,5.95,0,0.39182,LASCIN,EPTFUS,NA,NA,7,7,4.698,1,0,27.568,26.693,9,24A04F085FDF19C0,Schmeeckle 2025 Master.csv,MCE\10 09\20251007,24A04F085FDF19C0_20251007_030638T.WAV,24A04F085FDF19C0_20251007_030638_000T.wav,NA,C:\Users\Nancy\Desktop\Bat Files,C:\Users\Nancy\Desktop\AutoID\10 09 Output,7,27.019,466.488,27.138,1.411,80.12,3.771,1.57,NA,2025-10-07T03:06:38Z,LASNOC,2025-10-06
MCE,2025-10-07T03:08:16Z,2025-10-06,22:08:16,22,LASNOC,1,26.95,4.7,0,0.369894,LASCIN,EPTFUS,NA,NA,11,11,4.442,1,0,27.465,26.694,9,24A04F085FDF19C0,Schmeeckle 2025 Master.csv,MCE\10 09\20251007,24A04F085FDF19C0_20251007_030816T.WAV,24A04F085FDF19C0_20251007_030816_000T.wav,NA,C:\Users\Nancy\Desktop\Bat Files,C:\Users\Nancy\Desktop\AutoID\10 09 Output,11,27.026,471.381,27.072,1.114,30.79,3.155,2.99,NA,2025-10-07T03:08:16Z,LASNOC,2025-10-06
MCE,2025-10-07T03:08:58Z,2025-10-06,22:08:58,22,LASNOC,0.688,27.425,15.95,0,0.367155,EPTFUS,LASCIN,NA,NA,16,16,5.38,1,0,32.925,27.088,9,24A04F085FDF19C0,Schmeeckle 2025 Master.csv,MCE\10 09\20251007,24A04F085FDF19C0_20251007_030858T.WAV,24A04F085FDF19C0_20251007_030858_000T.wav,NA,C:\Users\Nancy\Desktop\Bat Files,C:\Users\Nancy\Desktop\AutoID\10 09 Output,11,28.626,172.831,27.919,2.762,198.18,4.585,3.04,NA,2025-10-07T03:08:58Z,LASNOC,2025-10-06
MCE,2025-10-07T03:09:12Z,2025-10-06,22:09:12,22,LASNOC,1,26.709,5.07,0,0.380084,LASCIN,EPTFUS,NA,NA,6,6,7.38,1,0,28.083,26.326,9,24A04F085FDF19C0,Schmeeckle 2025 Master.csv,MCE\10 09\20251007,24A04F085FDF19C0_20251007_030912T.WAV,24A04F085FDF19C0_20251007_030912_000T.wav,NA,C:\Users\Nancy\Desktop\Bat Files,C:\Users\Nancy\Desktop\AutoID\10 09 Output,6,27.041,367.383,26.925,4.496,19.68,6.384,1.95,NA,2025-10-07T03:09:12Z,LASNOC,2025-10-06
MCE,2025-10-07T03:13:38Z,2025-10-06,22:13:38,22,LASNOC,1,26.58,-0.36,0,0.412772,LASCIN,EPTFUS,NA,NA,2,2,7.746,1,0,27.926,26.363,9,24A04F085FDF19C0,Schmeeckle 2025 Master.csv,MCE\10 09\20251007,24A04F085FDF19C0_20251007_031338T.WAV,24A04F085FDF19C0_20251007_031338_000T.wav,NA,C:\Users\Nancy\Desktop\Bat Files,C:\Users\Nancy\Desktop\AutoID\10 09 Output,2,26.935,339.499,26.72,5.731,118.25,7.746,0.78,NA,2025-10-07T03:13:38Z,LASNOC,2025-10-06
MCE,2025-10-07T03:13:52Z,2025-10-06,22:13:52,22,LASNOC,0.857,25.647,16.99,0,0.290805,LASCIN,EPTFUS,NA,NA,7,7,7.941,1,0,27.165,25.331,9,24A04F085FDF19C0,Schmeeckle 2025 Master.csv,MCE\10 09\20251007,24A04F085FDF19C0_20251007_031352T.WAV,24A04F085FDF19C0_20251007_031352_000T.wav,NA,C:\Users\Nancy\Desktop\Bat Files,C:\Users\Nancy\Desktop\AutoID\10 09 Output,6,26.01,270.551,25.947,5.097,75.93,6.656,2.17,NA,2025-10-07T03:13:52Z,LASNOC,2025-10-06
MCE,2025-10-07T03:15:16Z,2025-10-06,22:15:16,22,LASNOC,0.778,26.284,13.27,0,0.370191,EPTFUS,LASCIN,NA,NA,18,18,6.605,1,0,29.433,26.067,9,24A04F085FDF19C0,Schmeeckle 2025 Master.csv,MCE\10 09\20251007,24A04F085FDF19C0_20251007_031516T.WAV,24A04F085FDF19C0_20251007_031516_000T.wav,NA,C:\Users\Nancy\Desktop\Bat Files,C:\Users\Nancy\Desktop\AutoID\10 09 Output,14,27.013,325.1,26.784,4.101,160.13,6.028,2.51,NA,2025-10-07T03:15:16Z,LASNOC,2025-10-06
MCE,2025-10-07T03:17:36Z,2025-10-06,22:17:36,22,LASBOR,0.857,38.803,21.85,0,0.244979,MYOLUC,NA,NA,NA,7,7,6.508,1,0,45.807,38.753,9,24A04F085FDF19C0,Schmeeckle 2025 Master.csv,MCE\10 09\20251007,24A04F085FDF19C0_20251007_031736T.WAV,24A04F085FDF19C0_20251007_031736_000T.wav,NA,C:\Users\Nancy\Desktop\Bat Files,C:\Users\Nancy\Desktop\AutoID\10 09 Output,6,40.689,201.404,40.88,2.875,292.42,6.122,1.38,NA,2025-10-07T03:17:36Z,LASBOR,2025-10-06
MCE,2025-10-07T03:18:32Z,2025-10-06,22:18:32,22,LASNOC,1,26.222,25.5,0,0.404809,LASCIN,EPTFUS,NA,NA,6,6,8.474,1,0,28.452,25.93,9,24A04F085FDF19C0,Schmeeckle 2025 Master.csv,MCE\10 09\20251007,24A04F085FDF19C0_20251007_031832T.WAV,24A04F085FDF19C0_20251007_031832_000T.wav,NA,C:\Users\Nancy\Desktop\Bat Files,C:\Users\Nancy\Desktop\AutoID\10 09 Output,6,26.785,298.378,26.868,4.343,116.46,7.554,2.11,NA,2025-10-07T03:18:32Z,LASNOC,2025-10-06
MCE,2025-10-07T03:21:20Z,2025-10-06,22:21:20,22,LASBOR,0.857,37.94,20.03,0,0.229896,MYOLUC,NA,NA,NA,7,7,4.85,1,0,42.65,37.592,9,24A04F085FDF19C0,Schmeeckle 2025 Master.csv,MCE\10 09\20251007,24A04F085FDF19C0_20251007_032120T.WAV,24A04F085FDF19C0_20251007_032120_000T.wav,NA,C:\Users\Nancy\Desktop\Bat Files,C:\Users\Nancy\Desktop\AutoID\10 09 Output,6,39.293,231.724,39.014,2.569,128.2,4.474,2.35,NA,2025-10-07T03:21:20Z,LASBOR,2025-10-06
MCE,2025-10-07T03:25:18Z,2025-10-06,22:25:18,22,LASNOC,0.765,27.095,20.86,0,0.399974,EPTFUS,LASCIN,NA,NA,17,17,4.671,1,0,30.912,26.703,9,24A04F085FDF19C0,Schmeeckle 2025 Master.csv,MCE\10 09\20251007,24A04F085FDF19C0_20251007_032518T.WAV,24A04F085FDF19C0_20251007_032518_000T.wav,NA,C:\Users\Nancy\Desktop\Bat Files,C:\Users\Nancy\Desktop\AutoID\10 09 Output,13,27.887,294.959,28.052,1.563,127.67,3.908,3.77,NA,2025-10-07T03:25:18Z,LASNOC,2025-10-06
MCE,2025-10-07T03:26:00Z,2025-10-06,22:26:00,22,LASNOC,0.9,27.041,16.79,0,0.45319,EPTFUS,LASCIN,NA,NA,10,10,5.44,1,0,31.135,26.906,9,24A04F085FDF19C0,Schmeeckle 2025 Master.csv,MCE\10 09\20251007,24A04F085FDF19C0_20251007_032600T.WAV,24A04F085FDF19C0_20251007_032600_000T.wav,NA,C:\Users\Nancy\Desktop\Bat Files,C:\Users\Nancy\Desktop\AutoID\10 09 Output,9,27.997,309.677,27.952,2.087,201.19,5.126,2.37,NA,2025-10-07T03:26:00Z,LASNOC,2025-10-06
MCE,2025-10-07T03:26:28Z,2025-10-06,22:26:28,22,LASNOC,1,27.532,17.2,0,0.380935,LASCIN,EPTFUS,NA,NA,3,3,2.597,1,0,30.315,27.342,9,24A04F085FDF19C0,Schmeeckle 2025 Master.csv,MCE\10 09\20251007,24A04F085FDF19C0_20251007_032628T.WAV,24A04F085FDF19C0_20251007_032628_000T.wav,NA,C:\Users\Nancy\Desktop\Bat Files,C:\Users\Nancy\Desktop\AutoID\10 09 Output,3,28.156,1168.339,27.856,1.439,158.21,2.403,0.83,NA,2025-10-07T03:26:28Z,LASNOC,2025-10-06
MCE,2025-10-07T03:28:48Z,2025-10-06,22:28:48,22,LASNOC,1,26.877,12.77,0,0.446974,EPTFUS,LASCIN,NA,NA,3,3,6.451,1,0,30.997,26.58,9,24A04F085FDF19C0,Schmeeckle 2025 Master.csv,MCE\10 09\20251007,24A04F085FDF19C0_20251007_032848T.WAV,24A04F085FDF19C0_20251007_032848_000T.wav,NA,C:\Users\Nancy\Desktop\Bat Files,C:\Users\Nancy\Desktop\AutoID\10 09 Output,3,27.695,451.303,27.371,3.386,170.44,5.302,0.73,NA,2025-10-07T03:28:48Z,LASNOC,2025-10-06
MCE,2025-10-07T03:29:58Z,2025-10-06,22:29:58,22,LASCIN,0.867,23.655,20.71,0,0.273259,LASNOC,EPTFUS,NA,NA,15,15,7.469,1,0,26.108,23.263,9,24A04F085FDF19C0,Schmeeckle 2025 Master.csv,MCE\10 09\20251007,24A04F085FDF19C0_20251007_032958T.WAV,24A04F085FDF19C0_20251007_032958_000T.wav,NA,C:\Users\Nancy\Desktop\Bat Files,C:\Users\Nancy\Desktop\AutoID\10 09 Output,13,24.283,536.015,24.19,3.628,13.43,5.931,4.09,NA,2025-10-07T03:29:58Z,LASCIN,2025-10-06
MCE,2025-10-07T03:31:22Z,2025-10-06,22:31:22,22,LASNOC,1,27.211,-6.56,0,0.314658,LASCIN,EPTFUS,NA,NA,2,2,2.797,1,0,27.5,26.847,9,24A04F085FDF19C0,Schmeeckle 2025 Master.csv,MCE\10 09\20251007,24A04F085FDF19C0_20251007_033122T.WAV,24A04F085FDF19C0_20251007_033122_000T.wav,NA,C:\Users\Nancy\Desktop\Bat Files,C:\Users\Nancy\Desktop\AutoID\10 09 Output,2,27.163,242.527,27.029,0.884,51.03,2.282,0.58,NA,2025-10-07T03:31:22Z,LASNOC,2025-10-06
MCE,2025-10-07T03:36:16Z,2025-10-06,22:36:16,22,LASNOC,0.947,27.264,0.38,0,0.373355,LASCIN,EPTFUS,NA,NA,19,19,8.379,1,0,29.395,26.841,9,24A04F085FDF19C0,Schmeeckle 2025 Master.csv,MCE\10 09\20251007,24A04F085FDF19C0_20251007_033616T.WAV,24A04F085FDF19C0_20251007_033616_000T.wav,NA,C:\Users\Nancy\Desktop\Bat Files,C:\Users\Nancy\Desktop\AutoID\10 09 Output,18,27.733,321.798,27.738,3.436,32.27,6.601,3.56,NA,2025-10-07T03:36:16Z,LASNOC,2025-10-06
MCE,2025-10-07T03:38:08Z,2025-10-06,22:38:08,22,LASNOC,0.857,26.514,11.61,0,0.380295,LASCIN,EPTFUS,NA,NA,21,21,6.437,1,0,29.117,26.336,9,24A04F085FDF19C0,Schmeeckle 2025 Master.csv,MCE\10 09\20251007,24A04F085FDF19C0_20251007_033808T.WAV,24A04F085FDF19C0_20251007_033808_000T.wav,NA,C:\Users\Nancy\Desktop\Bat Files,C:\Users\Nancy\Desktop\AutoID\10 09 Output,18,27.213,267.776,27.093,3.082,90.03,5.768,4.34,NA,2025-10-07T03:38:08Z,LASNOC,2025-10-06
MCE,2025-10-07T03:41:10Z,2025-10-06,22:41:10,22,LASNOC,1,26.7,6.77,0,0.435993,LASCIN,EPTFUS,NA,NA,15,15,9.596,1,0,28.686,26.355,9,24A04F085FDF19C0,Schmeeckle 2025 Master.csv,MCE\10 09\20251007,24A04F085FDF19C0_20251007_034110T.WAV,24A04F085FDF19C0_20251007_034110_000T.wav,NA,C:\Users\Nancy\Desktop\Bat Files,C:\Users\Nancy\Desktop\AutoID\10 09 Output,15,27.146,334.483,27.129,4.864,88.75,7.926,2.19,NA,2025-10-07T03:41:10Z,LASNOC,2025-10-06
MCE,2025-10-07T04:02:38Z,2025-10-06,23:02:38,23,LASNOC,0.923,25.391,8.7,0,0.383726,LASCIN,EPTFUS,NA,NA,26,26,9.847,1,0,26.312,25.146,9,24A04F085FDF19C0,Schmeeckle 2025 Master.csv,MCE\10 09\20251007,24A04F085FDF19C0_20251007_040238T.WAV,24A04F085FDF19C0_20251007_040238_000T.wav,NA,C:\Users\Nancy\Desktop\Bat Files,C:\Users\Nancy\Desktop\AutoID\10 09 Output,24,25.669,349.23,25.82,3.85,4.05,8.355,4.05,NA,2025-10-07T04:02:38Z,LASNOC,2025-10-06
MCE,2025-10-07T04:08:14Z,2025-10-06,23:08:14,23,LASNOC,0.955,27.137,12.21,0,0.457916,LASCIN,EPTFUS,NA,NA,22,22,7.974,1,0,29.52,26.94,9,24A04F085FDF19C0,Schmeeckle 2025 Master.csv,MCE\10 09\20251007,24A04F085FDF19C0_20251007_040814T.WAV,24A04F085FDF19C0_20251007_040814_000T.wav,NA,C:\Users\Nancy\Desktop\Bat Files,C:\Users\Nancy\Desktop\AutoID\10 09 Output,21,27.783,332.564,27.918,3.228,90.86,7.058,2.9,NA,2025-10-07T04:08:14Z,LASNOC,2025-10-06
MCE,2025-10-07T06:11:54Z,2025-10-07,01:11:54,1,LASNOC,0.636,26.233,11.28,0,0.332366,EPTFUS,LASCIN,NA,NA,11,11,6.638,1,0,28.92,25.873,9,24A04F085FDF19C0,Schmeeckle 2025 Master.csv,MCE\10 09\20251007,24A04F085FDF19C0_20251007_061154T.WAV,24A04F085FDF19C0_20251007_061154_000T.wav,NA,C:\Users\Nancy\Desktop\Bat Files,C:\Users\Nancy\Desktop\AutoID\10 09 Output,7,26.912,252.719,27.017,2.572,124.17,5.688,1.6,NA,2025-10-07T06:11:54Z,LASNOC,2025-10-06
MCE,2025-10-07T06:12:08Z,2025-10-07,01:12:08,1,LASNOC,0.727,25.272,8.06,0,0.327115,LASCIN,EPTFUS,NA,NA,11,11,6.319,1,0,26.548,24.722,9,24A04F085FDF19C0,Schmeeckle 2025 Master.csv,MCE\10 09\20251007,24A04F085FDF19C0_20251007_061208T.WAV,24A04F085FDF19C0_20251007_061208_000T.wav,NA,C:\Users\Nancy\Desktop\Bat Files,C:\Users\Nancy\Desktop\AutoID\10 09 Output,8,25.569,490.557,26.09,0.922,2.53,5.105,2.79,NA,2025-10-07T06:12:08Z,LASNOC,2025-10-06
MCE,2025-10-07T06:13:46Z,2025-10-07,01:13:46,1,LASNOC,0.7,26.004,13.22,0,0.333021,LASCIN,EPTFUS,NA,NA,10,10,6.875,1,0,28.421,25.71,9,24A04F085FDF19C0,Schmeeckle 2025 Master.csv,MCE\10 09\20251007,24A04F085FDF19C0_20251007_061346T.WAV,24A04F085FDF19C0_20251007_061346_000T.wav,NA,C:\Users\Nancy\Desktop\Bat Files,C:\Users\Nancy\Desktop\AutoID\10 09 Output,7,26.73,378.765,26.721,3.171,77.3,5.951,1.8,NA,2025-10-07T06:13:46Z,LASNOC,2025-10-06
MCE,2025-10-07T07:34:16Z,2025-10-07,02:34:16,2,LASNOC,0.895,26.74,13.16,0,0.358804,LASCIN,EPTFUS,NA,NA,19,19,6.49,1,0,28.927,26.452,9,24A04F085FDF19C0,Schmeeckle 2025 Master.csv,MCE\10 09\20251007,24A04F085FDF19C0_20251007_073416T.WAV,24A04F085FDF19C0_20251007_073416_000T.wav,NA,C:\Users\Nancy\Desktop\Bat Files,C:\Users\Nancy\Desktop\AutoID\10 09 Output,17,27.384,290.235,27.304,3.18,65.19,5.5,3.31,NA,2025-10-07T07:34:16Z,LASNOC,2025-10-06
MCE,2025-10-07T07:34:30Z,2025-10-07,02:34:30,2,LASNOC,0.846,26.78,14.37,0,0.432397,EPTFUS,LASCIN,NA,NA,26,26,8.997,1,0,32.624,26.339,9,24A04F085FDF19C0,Schmeeckle 2025 Master.csv,MCE\10 09\20251007,24A04F085FDF19C0_20251007_073430T.WAV,24A04F085FDF19C0_20251007_073430_000T.wav,NA,C:\Users\Nancy\Desktop\Bat Files,C:\Users\Nancy\Desktop\AutoID\10 09 Output,22,28.081,274.69,28.065,2.957,139.22,7.821,3.79,NA,2025-10-07T07:34:30Z,LASNOC,2025-10-06
MCE,2025-10-07T07:51:46Z,2025-10-07,02:51:46,2,LASNOC,0.783,27.04,22,0,0.37044,EPTFUS,LASCIN,NA,NA,23,23,4.832,1,0,32.079,26.805,9,24A04F085FDF19C0,Schmeeckle 2025 Master.csv,MCE\10 09\20251007,24A04F085FDF19C0_20251007_075146T.WAV,24A04F085FDF19C0_20251007_075146_000T.wav,NA,C:\Users\Nancy\Desktop\Bat Files,C:\Users\Nancy\Desktop\AutoID\10 09 Output,18,28.2,213.637,27.833,2.508,198.16,4.314,5.37,NA,2025-10-07T07:51:46Z,LASNOC,2025-10-06
MCE,2025-10-07T08:13:28Z,2025-10-07,03:13:28,3,LASNOC,0.333,25.708,19.09,0,0.261305,EPTFUS,LASCIN,NA,NA,15,15,7.222,1,0,30.582,25.548,9,24A04F085FDF19C0,Schmeeckle 2025 Master.csv,MCE\10 09\20251007,24A04F085FDF19C0_20251007_081328T.WAV,24A04F085FDF19C0_20251007_081328_000T.wav,NA,C:\Users\Nancy\Desktop\Bat Files,C:\Users\Nancy\Desktop\AutoID\10 09 Output,5,26.978,338.981,26.387,4.67,162.88,6.816,2.77,NA,2025-10-07T08:13:28Z,LASNOC,2025-10-06
MCE,2025-10-07T08:13:42Z,2025-10-07,03:13:42,3,LASNOC,0.615,24.94,14.39,0,0.328007,LASCIN,EPTFUS,NA,NA,13,13,8.174,1,0,29.433,24.799,9,24A04F085FDF19C0,Schmeeckle 2025 Master.csv,MCE\10 09\20251007,24A04F085FDF19C0_20251007_081342T.WAV,24A04F085FDF19C0_20251007_081342_000T.wav,NA,C:\Users\Nancy\Desktop\Bat Files,C:\Users\Nancy\Desktop\AutoID\10 09 Output,8,25.877,193.564,25.382,5.507,163.98,7.63,3.56,NA,2025-10-07T08:13:42Z,LASNOC,2025-10-06
MCE,2025-10-07T08:25:36Z,2025-10-07,03:25:36,3,LASNOC,0.333,28.059,24.2,0,0.274516,EPTFUS,LASCIN,NA,NA,3,3,3.42,1,0,30.004,27.99,9,24A04F085FDF19C0,Schmeeckle 2025 Master.csv,MCE\10 09\20251007,24A04F085FDF19C0_20251007_082536T.WAV,24A04F085FDF19C0_20251007_082536_000T.wav,NA,C:\Users\Nancy\Desktop\Bat Files,C:\Users\Nancy\Desktop\AutoID\10 09 Output,1,28.641,246.177,28.624,1.663,150.88,3.235,0.57,NA,2025-10-07T08:25:36Z,LASNOC,2025-10-06
MCE,2025-10-07T08:26:04Z,2025-10-07,03:26:04,3,LASNOC,0.805,27.146,23.07,0,0.438239,EPTFUS,LASCIN,NA,NA,41,41,6.781,1,0,39.417,26.851,9,24A04F085FDF19C0,Schmeeckle 2025 Master.csv,MCE\10 09\20251007,24A04F085FDF19C0_20251007_082604T.WAV,24A04F085FDF19C0_20251007_082604_000T.wav,NA,C:\Users\Nancy\Desktop\Bat Files,C:\Users\Nancy\Desktop\AutoID\10 09 Output,33,29.738,170.047,28.181,3.908,283.94,6.404,6.99,NA,2025-10-07T08:26:04Z,LASNOC,2025-10-06
MCE,2025-10-07T08:27:42Z,2025-10-07,03:27:42,3,LASNOC,0.84,27.104,19.76,0,0.449677,EPTFUS,LASCIN,NA,NA,25,25,6.785,1,0,37.314,26.954,9,24A04F085FDF19C0,Schmeeckle 2025 Master.csv,MCE\10 09\20251007,24A04F085FDF19C0_20251007_082742T.WAV,24A04F085FDF19C0_20251007_082742_000T.wav,NA,C:\Users\Nancy\Desktop\Bat Files,C:\Users\Nancy\Desktop\AutoID\10 09 Output,21,29.158,267.174,28.116,3.565,361.74,6.327,3.06,NA,2025-10-07T08:27:42Z,LASNOC,2025-10-06
MCE,2025-10-07T08:36:48Z,2025-10-07,03:36:48,3,LASNOC,0.581,25.684,15.59,0,0.327104,LASCIN,EPTFUS,NA,NA,31,31,8.667,1,0,31.18,25.567,9,24A04F085FDF19C0,Schmeeckle 2025 Master.csv,MCE\10 09\20251007,24A04F085FDF19C0_20251007_083648T.WAV,24A04F085FDF19C0_20251007_083648_000T.wav,NA,C:\Users\Nancy\Desktop\Bat Files,C:\Users\Nancy\Desktop\AutoID\10 09 Output,18,27.087,273.571,26.615,4.873,152.56,8.306,4.25,NA,2025-10-07T08:36:48Z,LASNOC,2025-10-06
MCE,2025-10-07T08:40:18Z,2025-10-07,03:40:18,3,LASNOC,1,27.018,14.35,0,0.430706,EPTFUS,LASCIN,NA,NA,13,13,5.925,1,0,29.537,26.724,9,24A04F085FDF19C0,Schmeeckle 2025 Master.csv,MCE\10 09\20251007,24A04F085FDF19C0_20251007_084018T.WAV,24A04F085FDF19C0_20251007_084018_000T.wav,NA,C:\Users\Nancy\Desktop\Bat Files,C:\Users\Nancy\Desktop\AutoID\10 09 Output,13,27.696,287.61,27.557,3.06,79.57,5.161,2.9,NA,2025-10-07T08:40:18Z,LASNOC,2025-10-06
MCE,2025-10-07T08:51:16Z,2025-10-07,03:51:16,3,LASNOC,0.538,25.874,9.24,0,0.36166,EPTFUS,LASCIN,NA,NA,13,13,7.796,1,0,30.698,25.574,9,24A04F085FDF19C0,Schmeeckle 2025 Master.csv,MCE\10 09\20251007,24A04F085FDF19C0_20251007_085116T.WAV,24A04F085FDF19C0_20251007_085116_000T.wav,NA,C:\Users\Nancy\Desktop\Bat Files,C:\Users\Nancy\Desktop\AutoID\10 09 Output,7,26.933,295.876,26.397,4.692,177.58,6.843,2.31,NA,2025-10-07T08:51:16Z,LASNOC,2025-10-06
MCE,2025-10-07T09:33:02Z,2025-10-07,04:33:02,4,LASBOR,0.333,39.03,13.47,0,0.216501,PERSUB,NA,NA,NA,3,3,7.947,1,0,47.31,38.926,9,24A04F085FDF19C0,Schmeeckle 2025 Master.csv,MCE\10 09\20251007,24A04F085FDF19C0_20251007_093302T.WAV,24A04F085FDF19C0_20251007_093302_000T.wav,NA,C:\Users\Nancy\Desktop\Bat Files,C:\Users\Nancy\Desktop\AutoID\10 09 Output,1,40.991,185.343,40.83,3.157,249.92,7.715,0.49,NA,2025-10-07T09:33:02Z,LASBOR,2025-10-06
MCE,2025-10-07T10:31:36Z,2025-10-07,05:31:36,5,LASCIN,1,21.628,3.8,0,0.417733,EPTFUS,NA,NA,NA,7,7,5.604,1,0,22.536,21.217,9,24A04F085FDF19C0,Schmeeckle 2025 Master.csv,MCE\10 09\20251007,24A04F085FDF19C0_20251007_103136T.WAV,24A04F085FDF19C0_20251007_103136_000T.wav,NA,C:\Users\Nancy\Desktop\Bat Files,C:\Users\Nancy\Desktop\AutoID\10 09 Output,7,21.831,831.399,21.73,2.187,32.1,4.023,1.05,NA,2025-10-07T10:31:36Z,LASCIN,2025-10-06
MCE,2025-10-07T10:39:32Z,2025-10-07,05:39:32,5,LASBOR,0.667,39.558,26.43,0,0.178248,MYOLUC,NA,NA,NA,3,3,3.652,1,0,43.33,38.971,9,24A04F085FDF19C0,Schmeeckle 2025 Master.csv,MCE\10 09\20251007,24A04F085FDF19C0_20251007_103932T.WAV,24A04F085FDF19C0_20251007_103932_000T.wav,NA,C:\Users\Nancy\Desktop\Bat Files,C:\Users\Nancy\Desktop\AutoID\10 09 Output,2,40.447,139.326,41.03,0.873,68.8,2.804,1.12,NA,2025-10-07T10:39:32Z,LASBOR,2025-10-06
MCE,2025-10-07T11:00:46Z,2025-10-07,06:00:46,6,LASBOR,0.923,42.897,60.33,0,0.289563,PERSUB,MYOLUC,NA,NA,13,13,4.765,1,0,55.992,42.74,9,24A04F085FDF19C0,Schmeeckle 2025 Master.csv,MCE\10 09\20251007,24A04F085FDF19C0_20251007_110046T.WAV,24A04F085FDF19C0_20251007_110046_000T.wav,NA,C:\Users\Nancy\Desktop\Bat Files,C:\Users\Nancy\Desktop\AutoID\10 09 Output,12,46.797,136.29,45.358,2.654,336.71,4.591,2.84,NA,2025-10-07T11:00:46Z,LASBOR,2025-10-06
MCE,2025-10-07T23:53:12Z,2025-10-07,18:53:12,18,LASBOR,0.741,40.621,35.14,0,0.255829,MYOLUC,PERSUB,NA,NA,58,58,5.02,1,0,54.098,40.289,9,24A04F085FDF19C0,Schmeeckle 2025 Master.csv,MCE\10 09\20251007,24A04F085FDF19C0_20251007_235312T.WAV,24A04F085FDF19C0_20251007_235312_000T.wav,NA,C:\Users\Nancy\Desktop\Bat Files,C:\Users\Nancy\Desktop\AutoID\10 09 Output,43,43.962,156.292,42.427,2.855,367.56,4.707,10.76,NA,2025-10-07T23:53:12Z,LASBOR,2025-10-07
MCE,2025-10-07T23:53:26Z,2025-10-07,18:53:26,18,LASBOR,0.85,41.753,40.36,0,0.395499,MYOLUC,PERSUB,NA,NA,20,20,5.015,1,0,58.872,41.607,9,24A04F085FDF19C0,Schmeeckle 2025 Master.csv,MCE\10 09\20251007,24A04F085FDF19C0_20251007_235326T.WAV,24A04F085FDF19C0_20251007_235326_000T.wav,NA,C:\Users\Nancy\Desktop\Bat Files,C:\Users\Nancy\Desktop\AutoID\10 09 Output,17,46.072,181.585,44.18,2.754,407.06,4.845,3.18,NA,2025-10-07T23:53:26Z,LASBOR,2025-10-07
MCE,2025-10-08T00:08:36Z,2025-10-07,19:08:36,19,LASCIN,0.455,25.391,7.61,0,0.210622,LASNOC,EPTFUS,NA,NA,11,11,6.24,1,0,28.139,25.162,9,24A04F085FDF19C0,Schmeeckle 2025 Master.csv,MCE\10 09\20251008,24A04F085FDF19C0_20251008_000836T.WAV,24A04F085FDF19C0_20251008_000836_000T.wav,NA,C:\Users\Nancy\Desktop\Bat Files,C:\Users\Nancy\Desktop\AutoID\10 09 Output,5,26.099,257.228,25.557,4.387,125.86,5.627,3,NA,2025-10-08T00:08:36Z,LASCIN,2025-10-07
MCE,2025-10-08T01:08:06Z,2025-10-07,20:08:06,20,LASCIN,1,23.454,19.26,0,0.358008,EPTFUS,NA,NA,NA,7,7,5.45,1,0,24.534,21.67,9,24A04F085FDF19C0,Schmeeckle 2025 Master.csv,MCE\10 09\20251008,24A04F085FDF19C0_20251008_010806T.WAV,24A04F085FDF19C0_20251008_010806_000T.wav,NA,C:\Users\Nancy\Desktop\Bat Files,C:\Users\Nancy\Desktop\AutoID\10 09 Output,7,22.951,612.558,23.886,0.845,35.07,1.978,1.66,NA,2025-10-08T01:08:06Z,LASCIN,2025-10-07
MCE,2025-10-08T01:34:28Z,2025-10-07,20:34:28,20,LASCIN,1,23.231,38.92,0,0.335207,EPTFUS,LASNOC,NA,NA,2,2,5.105,1,0,24.838,23.074,9,24A04F085FDF19C0,Schmeeckle 2025 Master.csv,MCE\10 09\20251008,24A04F085FDF19C0_20251008_013428T.WAV,24A04F085FDF19C0_20251008_013428_000T.wav,NA,C:\Users\Nancy\Desktop\Bat Files,C:\Users\Nancy\Desktop\AutoID\10 09 Output,2,23.764,1713.382,23.533,3.9,88.83,4.417,1.13,NA,2025-10-08T01:34:28Z,LASCIN,2025-10-07
MCE,2025-10-08T01:37:16Z,2025-10-07,20:37:16,20,LASNOC,0.871,26.426,13.87,0,0.436067,EPTFUS,LASCIN,NA,NA,31,31,8.587,1,0,32.969,26.043,9,24A04F085FDF19C0,Schmeeckle 2025 Master.csv,MCE\10 09\20251008,24A04F085FDF19C0_20251008_013716T.WAV,24A04F085FDF19C0_20251008_013716_000T.wav,NA,C:\Users\Nancy\Desktop\Bat Files,C:\Users\Nancy\Desktop\AutoID\10 09 Output,27,27.708,265.487,27.126,5.061,252.85,7.738,5.23,NA,2025-10-08T01:37:16Z,LASNOC,2025-10-07
MCE,2025-10-08T01:46:22Z,2025-10-07,20:46:22,20,LASBOR,0.667,47.578,66.72,0,0.169515,MYOLUC,NA,NA,NA,3,3,3.996,1,0,74.694,47.493,9,24A04F085FDF19C0,Schmeeckle 2025 Master.csv,MCE\10 09\20251008,24A04F085FDF19C0_20251008_014622T.WAV,24A04F085FDF19C0_20251008_014622_000T.wav,NA,C:\Users\Nancy\Desktop\Bat Files,C:\Users\Nancy\Desktop\AutoID\10 09 Output,2,54.778,1461.405,50.513,2.464,407.43,3.967,0.63,NA,2025-10-08T01:46:22Z,LASBOR,2025-10-07
MCE,2025-10-08T02:21:22Z,2025-10-07,21:21:22,21,LASBOR,0.5,46.031,32.04,0,0.317108,MYOLUC,PERSUB,NA,NA,4,4,5.448,1,0,54.948,45.88,9,24A04F085FDF19C0,Schmeeckle 2025 Master.csv,MCE\10 09\20251008,24A04F085FDF19C0_20251008_022122T.WAV,24A04F085FDF19C0_20251008_022122_000T.wav,NA,C:\Users\Nancy\Desktop\Bat Files,C:\Users\Nancy\Desktop\AutoID\10 09 Output,2,48.65,393.449,49.688,1.466,271.42,5.019,1.07,NA,2025-10-08T02:21:22Z,LASBOR,2025-10-07
MCE,2025-10-08T02:29:46Z,2025-10-07,21:29:46,21,LASNOC,0.861,26.419,17.43,0,0.478273,EPTFUS,LASCIN,NA,NA,36,36,8.64,1,0,37.047,26.071,9,24A04F085FDF19C0,Schmeeckle 2025 Master.csv,MCE\10 09\20251008,24A04F085FDF19C0_20251008_022946T.WAV,24A04F085FDF19C0_20251008_022946_000T.wav,NA,C:\Users\Nancy\Desktop\Bat Files,C:\Users\Nancy\Desktop\AutoID\10 09 Output,31,28.602,235.456,27.25,5.64,250.73,7.916,4.55,NA,2025-10-08T02:29:46Z,LASNOC,2025-10-07
MCE,2025-10-08T02:40:02Z,2025-10-07,21:40:02,21,LASNOC,1,27.443,13.61,0,0.384153,LASCIN,EPTFUS,NA,NA,5,5,5.192,1,0,29.537,27.129,9,24A04F085FDF19C0,Schmeeckle 2025 Master.csv,MCE\10 09\20251008,24A04F085FDF19C0_20251008_024002T.WAV,24A04F085FDF19C0_20251008_024002_000T.wav,NA,C:\Users\Nancy\Desktop\Bat Files,C:\Users\Nancy\Desktop\AutoID\10 09 Output,5,27.982,408.345,28.034,2.095,58.31,4.397,1.31,NA,2025-10-08T02:40:02Z,LASNOC,2025-10-07
MCE,2025-10-08T02:50:46Z,2025-10-07,21:50:46,21,LASNOC,0.818,26.49,16.14,0,0.397833,EPTFUS,LASCIN,NA,NA,22,22,6.835,1,0,29.887,26.204,9,24A04F085FDF19C0,Schmeeckle 2025 Master.csv,MCE\10 09\20251008,24A04F085FDF19C0_20251008_025046T.WAV,24A04F085FDF19C0_20251008_025046_000T.wav,NA,C:\Users\Nancy\Desktop\Bat Files,C:\Users\Nancy\Desktop\AutoID\10 09 Output,18,27.331,419.621,27.219,3.428,172.76,5.941,2.61,NA,2025-10-08T02:50:46Z,LASNOC,2025-10-07
MCE,2025-10-08T02:55:26Z,2025-10-07,21:55:26,21,LASNOC,0.545,26.335,20.24,0,0.380295,EPTFUS,LASCIN,NA,NA,33,33,7.532,1,0,34.483,26.076,9,24A04F085FDF19C0,Schmeeckle 2025 Master.csv,MCE\10 09\20251008,24A04F085FDF19C0_20251008_025526T.WAV,24A04F085FDF19C0_20251008_025526_000T.wav,NA,C:\Users\Nancy\Desktop\Bat Files,C:\Users\Nancy\Desktop\AutoID\10 09 Output,18,28.173,259.521,27.188,5.02,256.59,7.047,4.3,NA,2025-10-08T02:55:26Z,LASNOC,2025-10-07
MCE,2025-10-08T03:08:16Z,2025-10-07,22:08:16,22,LASBOR,0.429,41.372,23.68,0,0.233151,PERSUB,MYOLUC,NA,NA,7,7,7.142,1,0,51.093,41.101,9,24A04F085FDF19C0,Schmeeckle 2025 Master.csv,MCE\10 09\20251008,24A04F085FDF19C0_20251008_030816T.WAV,24A04F085FDF19C0_20251008_030816_000T.wav,NA,C:\Users\Nancy\Desktop\Bat Files,C:\Users\Nancy\Desktop\AutoID\10 09 Output,3,43.688,219.786,43.505,2.716,198.72,6.027,1.5,NA,2025-10-08T03:08:16Z,LASBOR,2025-10-07
MCE,2025-10-08T03:21:20Z,2025-10-07,22:21:20,22,LASNOC,0.895,26.551,13.76,0,0.465342,EPTFUS,LASCIN,NA,NA,19,19,7.885,1,0,36.917,26.211,9,24A04F085FDF19C0,Schmeeckle 2025 Master.csv,MCE\10 09\20251008,24A04F085FDF19C0_20251008_032120T.WAV,24A04F085FDF19C0_20251008_032120_000T.wav,NA,C:\Users\Nancy\Desktop\Bat Files,C:\Users\Nancy\Desktop\AutoID\10 09 Output,17,28.449,271.99,27.315,4.602,386.49,7.299,3.45,NA,2025-10-08T03:21:20Z,LASNOC,2025-10-07
MCE,2025-10-08T03:48:10Z,2025-10-07,22:48:10,22,LASNOC,1,25.403,10.07,0,0.296404,LASCIN,EPTFUS,NA,NA,2,2,4.281,1,0,26.275,25.202,9,24A04F085FDF19C0,Schmeeckle 2025 Master.csv,MCE\10 09\20251008,24A04F085FDF19C0_20251008_034810T.WAV,24A04F085FDF19C0_20251008_034810_000T.wav,NA,C:\Users\Nancy\Desktop\Bat Files,C:\Users\Nancy\Desktop\AutoID\10 09 Output,2,25.713,711.996,25.725,1.7,-60.36,3.347,0.74,NA,2025-10-08T03:48:10Z,LASNOC,2025-10-07
MCE,2025-10-08T03:50:44Z,2025-10-07,22:50:44,22,LASNOC,0.76,27.101,17.78,0,0.367607,EPTFUS,LASCIN,NA,NA,25,25,8.146,1,0,36.011,26.814,9,24A04F085FDF19C0,Schmeeckle 2025 Master.csv,MCE\10 09\20251008,24A04F085FDF19C0_20251008_035044T.WAV,24A04F085FDF19C0_20251008_035044_000T.wav,NA,C:\Users\Nancy\Desktop\Bat Files,C:\Users\Nancy\Desktop\AutoID\10 09 Output,19,29.047,320.853,27.882,4.959,290.21,7.53,2.79,NA,2025-10-08T03:50:44Z,LASNOC,2025-10-07
MCE,2025-10-08T04:43:14Z,2025-10-07,23:43:14,23,LASNOC,1,27.231,29.48,0,0.392964,EPTFUS,LASCIN,NA,NA,3,3,3.823,1,0,28.92,27.198,9,24A04F085FDF19C0,Schmeeckle 2025 Master.csv,MCE\10 09\20251008,24A04F085FDF19C0_20251008_044314T.WAV,24A04F085FDF19C0_20251008_044314_000T.wav,NA,C:\Users\Nancy\Desktop\Bat Files,C:\Users\Nancy\Desktop\AutoID\10 09 Output,3,27.864,1694.734,28.281,1.088,-2.58,3.531,0.79,NA,2025-10-08T04:43:14Z,LASNOC,2025-10-07
MCE,2025-10-08T04:46:58Z,2025-10-07,23:46:58,23,LASNOC,0.88,26.272,7.01,0,0.408398,LASCIN,EPTFUS,NA,NA,25,25,6.393,1,0,27.499,25.979,9,24A04F085FDF19C0,Schmeeckle 2025 Master.csv,MCE\10 09\20251008,24A04F085FDF19C0_20251008_044658T.WAV,24A04F085FDF19C0_20251008_044658_000T.wav,NA,C:\Users\Nancy\Desktop\Bat Files,C:\Users\Nancy\Desktop\AutoID\10 09 Output,22,26.62,341.851,26.646,2.856,46.74,5.484,4.35,NA,2025-10-08T04:46:58Z,LASNOC,2025-10-07
MCE,2025-10-08T04:54:54Z,2025-10-07,23:54:54,23,LASNOC,0.706,25.598,14.42,0,0.36595,EPTFUS,LASCIN,NA,NA,17,17,9.375,1,0,32.807,25.21,9,24A04F085FDF19C0,Schmeeckle 2025 Master.csv,MCE\10 09\20251008,24A04F085FDF19C0_20251008_045454T.WAV,24A04F085FDF19C0_20251008_045454_000T.wav,NA,C:\Users\Nancy\Desktop\Bat Files,C:\Users\Nancy\Desktop\AutoID\10 09 Output,12,27.352,263.328,26.446,6.233,249.66,8.742,2.45,NA,2025-10-08T04:54:54Z,LASNOC,2025-10-07
MCE,2025-10-08T04:56:18Z,2025-10-07,23:56:18,23,LASNOC,0.64,25.739,10.9,0,0.360054,EPTFUS,LASCIN,NA,NA,25,25,7.754,1,0,30.916,25.227,9,24A04F085FDF19C0,Schmeeckle 2025 Master.csv,MCE\10 09\20251008,24A04F085FDF19C0_20251008_045618T.WAV,24A04F085FDF19C0_20251008_045618_000T.wav,NA,C:\Users\Nancy\Desktop\Bat Files,C:\Users\Nancy\Desktop\AutoID\10 09 Output,16,26.554,327.753,26.307,4.243,222.68,6.57,4.77,NA,2025-10-08T04:56:18Z,LASNOC,2025-10-07
MCE,2025-10-08T05:13:48Z,2025-10-08,00:13:48,0,LASNOC,1,25.622,10.81,0,0.390692,LASCIN,EPTFUS,NA,NA,4,4,6.776,1,0,27.03,25.339,9,24A04F085FDF19C0,Schmeeckle 2025 Master.csv,MCE\10 09\20251008,24A04F085FDF19C0_20251008_051348T.WAV,24A04F085FDF19C0_20251008_051348_000T.wav,NA,C:\Users\Nancy\Desktop\Bat Files,C:\Users\Nancy\Desktop\AutoID\10 09 Output,4,26,397.07,26.046,3.296,70.7,5.49,0.75,NA,2025-10-08T05:13:48Z,LASNOC,2025-10-07
MCE,2025-10-08T06:33:08Z,2025-10-08,01:33:08,1,LASNOC,1,25.32,5.68,0,0.323475,LASCIN,EPTFUS,NA,NA,4,4,7.916,1,0,26.966,24.945,9,24A04F085FDF19C0,Schmeeckle 2025 Master.csv,MCE\10 09\20251008,24A04F085FDF19C0_20251008_063308T.WAV,24A04F085FDF19C0_20251008_063308_000T.wav,NA,C:\Users\Nancy\Desktop\Bat Files,C:\Users\Nancy\Desktop\AutoID\10 09 Output,4,25.774,434.387,25.63,3.839,16.96,6.812,0.93,NA,2025-10-08T06:33:08Z,LASNOC,2025-10-07
MCE,2025-10-10T00:19:48Z,2025-10-09,19:19:48,19,LASBOR,0.625,45.741,41.01,0,0.155592,PERSUB,MYOLUC,NA,NA,16,16,4.7,1,0,59.682,45.554,9,24A04F085FDF19C0,Schmeeckle 2025 Master.csv,MCE\10 14\20251010,24A04F085FDF19C0_20251010_001948T.WAV,24A04F085FDF19C0_20251010_001948_000T.wav,NA,C:\Users\Nancy\Desktop\Bat Files,C:\Users\Nancy\Desktop\AutoID\10 14 Output,10,49.233,210.463,48.128,2.195,324.91,4.398,2.88,NA,2025-10-10T00:19:48Z,LASBOR,2025-10-09
MCE,2025-10-10T00:24:56Z,2025-10-09,19:24:56,19,LASBOR,0.538,45.091,24.74,0,0.372047,PERSUB,MYOLUC,NA,NA,13,13,5.391,1,0,55.818,44.992,9,24A04F085FDF19C0,Schmeeckle 2025 Master.csv,MCE\10 14\20251010,24A04F085FDF19C0_20251010_002456T.WAV,24A04F085FDF19C0_20251010_002456_000T.wav,NA,C:\Users\Nancy\Desktop\Bat Files,C:\Users\Nancy\Desktop\AutoID\10 14 Output,7,47.711,231.975,47.142,2.418,160.63,5.109,2.43,NA,2025-10-10T00:24:56Z,LASBOR,2025-10-09
MCE,2025-10-10T01:31:12Z,2025-10-09,20:31:12,20,LASBOR,1,39.593,20.2,0,0.324481,MYOLUC,PERSUB,NA,NA,11,11,6.182,1,0,45.394,39.446,9,24A04F085FDF19C0,Schmeeckle 2025 Master.csv,MCE\10 14\20251010,24A04F085FDF19C0_20251010_013112T.WAV,24A04F085FDF19C0_20251010_013112_000T.wav,NA,C:\Users\Nancy\Desktop\Bat Files,C:\Users\Nancy\Desktop\AutoID\10 14 Output,11,41.334,319.612,41.716,1.86,154.71,5.713,1.77,NA,2025-10-10T01:31:12Z,LASBOR,2025-10-09
MCE,2025-10-10T04:47:26Z,2025-10-09,23:47:26,23,LASBOR,1,40.112,31.77,0,0.35245,MYOLUC,PERSUB,NA,NA,3,3,5.397,1,0,45.337,39.438,9,24A04F085FDF19C0,Schmeeckle 2025 Master.csv,MCE\10 14\20251010,24A04F085FDF19C0_20251010_044726T.WAV,24A04F085FDF19C0_20251010_044726_000T.wav,NA,C:\Users\Nancy\Desktop\Bat Files,C:\Users\Nancy\Desktop\AutoID\10 14 Output,3,41.541,96.313,42.362,1.472,109.62,4.078,1.05,NA,2025-10-10T04:47:26Z,LASBOR,2025-10-09
MCE,2025-10-10T23:50:10Z,2025-10-10,18:50:10,18,EPTFUS,0.3,24.399,20.11,0,0.219845,LASCIN,LASNOC,NA,NA,10,10,12.71,1,0,33.421,23.501,9,24A04F085FDF19C0,Schmeeckle 2025 Master.csv,MCE\10 14\20251010,24A04F085FDF19C0_20251010_235010T.WAV,24A04F085FDF19C0_20251010_235010_000T.wav,NA,C:\Users\Nancy\Desktop\Bat Files,C:\Users\Nancy\Desktop\AutoID\10 14 Output,3,26.61,377.014,25.86,6.608,116.61,10.677,1.61,NA,2025-10-10T23:50:10Z,EPTFUS,2025-10-10
MCE,2025-10-10T23:50:24Z,2025-10-10,18:50:24,18,LASCIN,0.941,23.839,15.53,0,0.300579,LASNOC,EPTFUS,NA,NA,17,17,11.294,1,0,27.003,22.939,9,24A04F085FDF19C0,Schmeeckle 2025 Master.csv,MCE\10 14\20251010,24A04F085FDF19C0_20251010_235024T.WAV,24A04F085FDF19C0_20251010_235024_000T.wav,NA,C:\Users\Nancy\Desktop\Bat Files,C:\Users\Nancy\Desktop\AutoID\10 14 Output,16,24.65,371.582,25.287,3.188,48.62,8.73,3.27,NA,2025-10-10T23:50:24Z,LASCIN,2025-10-10
MCE,2025-10-10T23:51:34Z,2025-10-10,18:51:34,18,LASCIN,0.958,23.58,14.37,0,0.304839,LASNOC,EPTFUS,NA,NA,24,24,12.461,1,0,26.48,21.97,9,24A04F085FDF19C0,Schmeeckle 2025 Master.csv,MCE\10 14\20251010,24A04F085FDF19C0_20251010_235134T.WAV,24A04F085FDF19C0_20251010_235134_000T.wav,NA,C:\Users\Nancy\Desktop\Bat Files,C:\Users\Nancy\Desktop\AutoID\10 14 Output,23,23.771,282.878,24.509,3.984,85.22,7.661,5.61,NA,2025-10-10T23:51:34Z,LASCIN,2025-10-10
MCE,2025-10-11T00:34:16Z,2025-10-10,19:34:16,19,LASCIN,1,22.772,8.67,0,0.322043,LASNOC,EPTFUS,NA,NA,5,5,10.961,1,0,26.586,21.719,9,24A04F085FDF19C0,Schmeeckle 2025 Master.csv,MCE\10 14\20251011,24A04F085FDF19C0_20251011_003416T.WAV,24A04F085FDF19C0_20251011_003416_000T.wav,NA,C:\Users\Nancy\Desktop\Bat Files,C:\Users\Nancy\Desktop\AutoID\10 14 Output,5,23.043,629.65,23.081,6.548,38.29,8.341,0.57,NA,2025-10-11T00:34:16Z,LASCIN,2025-10-10
MCE,2025-10-11T00:34:30Z,2025-10-10,19:34:30,19,EPTFUS,0.55,25.432,32.51,0,0.342843,LASNOC,LASCIN,NA,NA,60,60,8.656,1,0,39.502,25.069,9,24A04F085FDF19C0,Schmeeckle 2025 Master.csv,MCE\10 14\20251011,24A04F085FDF19C0_20251011_003430T.WAV,24A04F085FDF19C0_20251011_003430_000T.wav,NA,C:\Users\Nancy\Desktop\Bat Files,C:\Users\Nancy\Desktop\AutoID\10 14 Output,33,29.054,148.176,26.544,6.186,255.11,8.163,13.17,NA,2025-10-11T00:34:30Z,EPTFUS,2025-10-10
MCE,2025-10-11T00:49:54Z,2025-10-10,19:49:54,19,LASNOC,0.875,25.454,7.96,0,0.293718,LASCIN,EPTFUS,NA,NA,8,8,6.87,1,0,26.885,25.128,9,24A04F085FDF19C0,Schmeeckle 2025 Master.csv,MCE\10 14\20251011,24A04F085FDF19C0_20251011_004954T.WAV,24A04F085FDF19C0_20251011_004954_000T.wav,NA,C:\Users\Nancy\Desktop\Bat Files,C:\Users\Nancy\Desktop\AutoID\10 14 Output,7,25.851,317.03,25.773,3.61,-55.44,5.832,1.95,NA,2025-10-11T00:49:54Z,LASNOC,2025-10-10
MCE,2025-10-11T00:50:22Z,2025-10-10,19:50:22,19,EPTFUS,0.179,24.961,17.98,0,0.219645,LASCIN,LASNOC,NA,NA,39,39,9.568,1,0,32.86,24.493,9,24A04F085FDF19C0,Schmeeckle 2025 Master.csv,MCE\10 14\20251011,24A04F085FDF19C0_20251011_005022T.WAV,24A04F085FDF19C0_20251011_005022_000T.wav,NA,C:\Users\Nancy\Desktop\Bat Files,C:\Users\Nancy\Desktop\AutoID\10 14 Output,7,26.885,190.427,25.994,5.532,161.48,8.407,6.4,NA,2025-10-11T00:50:22Z,EPTFUS,2025-10-10
MCE,2025-10-11T00:52:42Z,2025-10-10,19:52:42,19,EPTFUS,0.375,25.858,23.74,0,0.309913,LASNOC,LASCIN,NA,NA,48,48,8.564,1,0,34.692,25.396,9,24A04F085FDF19C0,Schmeeckle 2025 Master.csv,MCE\10 14\20251011,24A04F085FDF19C0_20251011_005242T.WAV,24A04F085FDF19C0_20251011_005242_000T.wav,NA,C:\Users\Nancy\Desktop\Bat Files,C:\Users\Nancy\Desktop\AutoID\10 14 Output,18,28.164,183.092,26.809,5.537,181.03,7.721,8.74,NA,2025-10-11T00:52:42Z,EPTFUS,2025-10-10
MCE,2025-10-11T00:58:46Z,2025-10-10,19:58:46,19,EPTFUS,0.286,25.943,28.04,0,0.379541,LASNOC,LASCIN,NA,NA,35,35,7.725,1,0,36.596,25.674,9,24A04F085FDF19C0,Schmeeckle 2025 Master.csv,MCE\10 14\20251011,24A04F085FDF19C0_20251011_005846T.WAV,24A04F085FDF19C0_20251011_005846_000T.wav,NA,C:\Users\Nancy\Desktop\Bat Files,C:\Users\Nancy\Desktop\AutoID\10 14 Output,10,28.814,216.352,27.074,5.105,263.14,7.348,5.38,NA,2025-10-11T00:58:46Z,EPTFUS,2025-10-10
MCE,2025-10-11T01:05:18Z,2025-10-10,20:05:18,20,EPTFUS,0.579,25.621,17.94,0,0.335402,LASNOC,LASCIN,NA,NA,19,19,9.155,1,0,34.003,25.257,9,24A04F085FDF19C0,Schmeeckle 2025 Master.csv,MCE\10 14\20251011,24A04F085FDF19C0_20251011_010518T.WAV,24A04F085FDF19C0_20251011_010518_000T.wav,NA,C:\Users\Nancy\Desktop\Bat Files,C:\Users\Nancy\Desktop\AutoID\10 14 Output,11,27.868,369.343,26.428,6.231,159.4,8.203,3.74,NA,2025-10-11T01:05:18Z,EPTFUS,2025-10-10
MCE,2025-10-11T01:09:16Z,2025-10-10,20:09:16,20,LASCIN,1,23.164,15.38,0,0.326507,LASNOC,EPTFUS,NA,NA,12,12,6.114,1,0,26.263,22.682,9,24A04F085FDF19C0,Schmeeckle 2025 Master.csv,MCE\10 14\20251011,24A04F085FDF19C0_20251011_010916T.WAV,24A04F085FDF19C0_20251011_010916_000T.wav,NA,C:\Users\Nancy\Desktop\Bat Files,C:\Users\Nancy\Desktop\AutoID\10 14 Output,12,24.023,496.926,23.64,3.484,24.67,5.244,4.4,NA,2025-10-11T01:09:16Z,LASCIN,2025-10-10
MCE,2025-10-11T01:09:30Z,2025-10-10,20:09:30,20,LASCIN,1,22.675,11.33,0,0.324099,LASNOC,EPTFUS,NA,NA,11,11,10.562,1,0,25.298,21.272,9,24A04F085FDF19C0,Schmeeckle 2025 Master.csv,MCE\10 14\20251011,24A04F085FDF19C0_20251011_010930T.WAV,24A04F085FDF19C0_20251011_010930_000T.wav,NA,C:\Users\Nancy\Desktop\Bat Files,C:\Users\Nancy\Desktop\AutoID\10 14 Output,11,23.092,466.806,23.301,4.248,31.36,6.914,2.52,NA,2025-10-11T01:09:30Z,LASCIN,2025-10-10
MCE,2025-10-11T01:16:16Z,2025-10-10,20:16:16,20,LASCIN,1,22.99,2.44,0,0.355943,EPTFUS,NA,NA,NA,3,3,3.598,1,0,24.051,22.772,9,24A04F085FDF19C0,Schmeeckle 2025 Master.csv,MCE\10 14\20251011,24A04F085FDF19C0_20251011_011616T.WAV,24A04F085FDF19C0_20251011_011616_000T.wav,NA,C:\Users\Nancy\Desktop\Bat Files,C:\Users\Nancy\Desktop\AutoID\10 14 Output,3,23.317,249.25,23.264,1.746,-24.5,3.129,0.69,NA,2025-10-11T01:16:16Z,LASCIN,2025-10-10
MCE,2025-10-11T01:29:06Z,2025-10-10,20:29:06,20,LASCIN,1,22.848,14.05,0,0.36413,EPTFUS,LASNOC,NA,NA,11,11,4.355,1,0,24.02,22.679,9,24A04F085FDF19C0,Schmeeckle 2025 Master.csv,MCE\10 14\20251011,24A04F085FDF19C0_20251011_012906T.WAV,24A04F085FDF19C0_20251011_012906_000T.wav,NA,C:\Users\Nancy\Desktop\Bat Files,C:\Users\Nancy\Desktop\AutoID\10 14 Output,11,23.185,616.532,23.423,1.331,-24.95,3.835,2.45,NA,2025-10-11T01:29:06Z,LASCIN,2025-10-10
MCE,2025-10-11T01:29:20Z,2025-10-10,20:29:20,20,LASCIN,1,22.993,6.3,0,0.342585,LASNOC,EPTFUS,NA,NA,3,3,7.352,1,0,25.624,22.733,9,24A04F085FDF19C0,Schmeeckle 2025 Master.csv,MCE\10 14\20251011,24A04F085FDF19C0_20251011_012920T.WAV,24A04F085FDF19C0_20251011_012920_000T.wav,NA,C:\Users\Nancy\Desktop\Bat Files,C:\Users\Nancy\Desktop\AutoID\10 14 Output,3,23.845,1666.854,23.369,4.829,61.39,6.656,0.72,NA,2025-10-11T01:29:20Z,LASCIN,2025-10-10
MCE,2025-10-11T01:55:42Z,2025-10-10,20:55:42,20,EPTFUS,0.737,25.87,23.33,0,0.532385,LASNOC,LASCIN,NA,NA,19,19,8.485,1,0,42.924,25.675,9,24A04F085FDF19C0,Schmeeckle 2025 Master.csv,MCE\10 14\20251011,24A04F085FDF19C0_20251011_015542T.WAV,24A04F085FDF19C0_20251011_015542_000T.wav,NA,C:\Users\Nancy\Desktop\Bat Files,C:\Users\Nancy\Desktop\AutoID\10 14 Output,14,29.89,283.706,27.039,5.682,360.48,8.172,4.25,NA,2025-10-11T01:55:42Z,EPTFUS,2025-10-10
MCE,2025-10-11T02:54:02Z,2025-10-10,21:54:02,21,LASNOC,0.5,25.949,5.71,0,0.191101,LASCIN,EPTFUS,NA,NA,4,4,2.777,1,0,26.922,25.363,9,24A04F085FDF19C0,Schmeeckle 2025 Master.csv,MCE\10 14\20251011,24A04F085FDF19C0_20251011_025402T.WAV,24A04F085FDF19C0_20251011_025402_000T.wav,NA,C:\Users\Nancy\Desktop\Bat Files,C:\Users\Nancy\Desktop\AutoID\10 14 Output,2,26.006,520.884,26.27,0.896,-13.16,2.232,0.85,NA,2025-10-11T02:54:02Z,LASNOC,2025-10-10
MCE,2025-10-11T08:42:38Z,2025-10-11,03:42:38,3,LASCIN,1,23.9,6.09,0,0.329466,LASNOC,EPTFUS,NA,NA,5,5,6.879,1,0,25.339,23.605,9,24A04F085FDF19C0,Schmeeckle 2025 Master.csv,MCE\10 14\20251011,24A04F085FDF19C0_20251011_084238T.WAV,24A04F085FDF19C0_20251011_084238_000T.wav,NA,C:\Users\Nancy\Desktop\Bat Files,C:\Users\Nancy\Desktop\AutoID\10 14 Output,5,24.234,523.15,24.194,3.316,-6.39,5.772,0.82,NA,2025-10-11T08:42:38Z,LASCIN,2025-10-10
MCE,2025-10-11T08:42:52Z,2025-10-11,03:42:52,3,LASCIN,1,23.267,-9.65,0,0.280066,EPTFUS,NA,NA,NA,2,2,6.651,1,0,23.882,22.737,9,24A04F085FDF19C0,Schmeeckle 2025 Master.csv,MCE\10 14\20251011,24A04F085FDF19C0_20251011_084252T.WAV,24A04F085FDF19C0_20251011_084252_000T.wav,NA,C:\Users\Nancy\Desktop\Bat Files,C:\Users\Nancy\Desktop\AutoID\10 14 Output,2,23.269,567.684,23.155,3.412,77.47,4.362,1.27,NA,2025-10-11T08:42:52Z,LASCIN,2025-10-10
MCE,2025-10-12T00:16:46Z,2025-10-11,19:16:46,19,LASCIN,1,23.647,15.52,0,0.333347,LASNOC,EPTFUS,NA,NA,4,4,11.509,1,0,27.017,23.028,9,24A04F085FDF19C0,Schmeeckle 2025 Master.csv,MCE\10 14\20251012,24A04F085FDF19C0_20251012_001646T.WAV,24A04F085FDF19C0_20251012_001646_000T.wav,NA,C:\Users\Nancy\Desktop\Bat Files,C:\Users\Nancy\Desktop\AutoID\10 14 Output,4,24.377,330.591,24.05,6.702,112.45,9.084,0.66,NA,2025-10-12T00:16:46Z,LASCIN,2025-10-11
MCE,2025-10-12T01:11:22Z,2025-10-11,20:11:22,20,LASCIN,1,21.081,-7.34,0,0.457978,NA,NA,NA,NA,2,2,4.185,1,0,21.282,20.888,9,24A04F085FDF19C0,Schmeeckle 2025 Master.csv,MCE\10 14\20251012,24A04F085FDF19C0_20251012_011122T.WAV,24A04F085FDF19C0_20251012_011122_000T.wav,NA,C:\Users\Nancy\Desktop\Bat Files,C:\Users\Nancy\Desktop\AutoID\10 14 Output,2,21.033,1851.839,20.915,2.093,52.27,3.708,0.51,NA,2025-10-12T01:11:22Z,LASCIN,2025-10-11
MCI,2025-10-06T08:44:30Z,2025-10-06,03:44:30,3,LASNOC,1,26.234,14.43,0,0.319395,EPTFUS,LASCIN,NA,NA,4,4,2.615,1,0,26.83,25.94,9,24A04F085FDF0C84,Schmeeckle 2025 Master.csv,MCI\10 09\20251006,24A04F085FDF0C84_20251006_084430T.WAV,24A04F085FDF0C84_20251006_084430_000T.wav,NA,C:\Users\Nancy\Desktop\Bat Files,C:\Users\Nancy\Desktop\AutoID\10 09 Output,4,26.37,798.355,26.562,0.457,85.13,1.741,1.05,NA,2025-10-06T08:44:30Z,LASNOC,2025-10-05
MCI,2025-10-06T08:50:48Z,2025-10-06,03:50:48,3,LASNOC,0.667,27.978,116.02,0,0.192744,EPTFUS,NA,NA,NA,12,12,3.081,1,0,39.476,27.677,9,24A04F085FDF0C84,Schmeeckle 2025 Master.csv,MCI\10 09\20251006,24A04F085FDF0C84_20251006_085048T.WAV,24A04F085FDF0C84_20251006_085048_000T.wav,NA,C:\Users\Nancy\Desktop\Bat Files,C:\Users\Nancy\Desktop\AutoID\10 09 Output,8,31.723,108.412,30.634,1.897,433.15,2.971,2.72,NA,2025-10-06T08:50:48Z,LASNOC,2025-10-05
MCI,2025-10-06T08:56:10Z,2025-10-06,03:56:10,3,LASNOC,1,27.736,22.6,0,0.371368,EPTFUS,LASCIN,NA,NA,2,2,2.286,1,0,28.766,27.455,9,24A04F085FDF0C84,Schmeeckle 2025 Master.csv,MCI\10 09\20251006,24A04F085FDF0C84_20251006_085610T.WAV,24A04F085FDF0C84_20251006_085610_000T.wav,NA,C:\Users\Nancy\Desktop\Bat Files,C:\Users\Nancy\Desktop\AutoID\10 09 Output,2,27.971,173.695,28.387,0.277,62.33,1.625,0.49,NA,2025-10-06T08:56:10Z,LASNOC,2025-10-05
MCI,2025-10-06T09:07:22Z,2025-10-06,04:07:22,4,LASNOC,0.5,27.784,30.14,0,0.295915,EPTFUS,LASCIN,NA,NA,2,2,4.537,1,0,29.335,27.37,9,24A04F085FDF0C84,Schmeeckle 2025 Master.csv,MCI\10 09\20251006,24A04F085FDF0C84_20251006_090722T.WAV,24A04F085FDF0C84_20251006_090722_000T.wav,NA,C:\Users\Nancy\Desktop\Bat Files,C:\Users\Nancy\Desktop\AutoID\10 09 Output,1,28.109,1122.49,28.18,1.829,107.27,2.912,1.07,NA,2025-10-06T09:07:22Z,LASNOC,2025-10-05
MCI,2025-10-06T09:09:00Z,2025-10-06,04:09:00,4,LASNOC,0.875,28.961,135.04,0,0.181073,EPTFUS,LASCIN,NA,NA,16,16,3.348,1,0,47.179,27.99,9,24A04F085FDF0C84,Schmeeckle 2025 Master.csv,MCI\10 09\20251006,24A04F085FDF0C84_20251006_090900T.WAV,24A04F085FDF0C84_20251006_090900_000T.wav,NA,C:\Users\Nancy\Desktop\Bat Files,C:\Users\Nancy\Desktop\AutoID\10 09 Output,14,34.344,291.567,31.571,2.129,422.62,3.034,3.73,NA,2025-10-06T09:09:00Z,LASNOC,2025-10-05
MCI,2025-10-06T09:12:30Z,2025-10-06,04:12:30,4,LASNOC,1,30.201,121.33,0,0.090022,EPTFUS,NA,NA,NA,3,3,2.584,1,0,46.257,29.083,9,24A04F085FDF0C84,Schmeeckle 2025 Master.csv,MCI\10 09\20251006,24A04F085FDF0C84_20251006_091230T.WAV,24A04F085FDF0C84_20251006_091230_000T.wav,NA,C:\Users\Nancy\Desktop\Bat Files,C:\Users\Nancy\Desktop\AutoID\10 09 Output,3,34.534,102.369,33.126,1.558,643.13,2.399,1.24,NA,2025-10-06T09:12:30Z,LASNOC,2025-10-05
MCI,2025-10-06T09:15:46Z,2025-10-06,04:15:46,4,LASNOC,0.5,28.102,136.81,0,0.442271,LASCIN,EPTFUS,NA,NA,2,2,2.137,1,0,37.662,27.803,9,24A04F085FDF0C84,Schmeeckle 2025 Master.csv,MCI\10 09\20251006,24A04F085FDF0C84_20251006_091546T.WAV,24A04F085FDF0C84_20251006_091546_000T.wav,NA,C:\Users\Nancy\Desktop\Bat Files,C:\Users\Nancy\Desktop\AutoID\10 09 Output,1,30.892,301.824,30.967,0.962,457.85,1.994,0.61,NA,2025-10-06T09:15:46Z,LASNOC,2025-10-05
MCI,2025-10-06T09:18:48Z,2025-10-06,04:18:48,4,LASNOC,0.667,28.472,44.33,0,0.248029,EPTFUS,LASCIN,NA,NA,9,9,3.62,1,0,37.836,28.091,9,24A04F085FDF0C84,Schmeeckle 2025 Master.csv,MCI\10 09\20251006,24A04F085FDF0C84_20251006_091848T.WAV,24A04F085FDF0C84_20251006_091848_000T.wav,NA,C:\Users\Nancy\Desktop\Bat Files,C:\Users\Nancy\Desktop\AutoID\10 09 Output,6,31.1,135.259,29.418,2.39,307.86,3.395,1.51,NA,2025-10-06T09:18:48Z,LASNOC,2025-10-05
MCI,2025-10-06T09:19:02Z,2025-10-06,04:19:02,4,LASNOC,1,29.312,82.71,0,0.338368,EPTFUS,NA,NA,NA,2,2,2.303,1,0,36.055,28.529,9,24A04F085FDF0C84,Schmeeckle 2025 Master.csv,MCI\10 09\20251006,24A04F085FDF0C84_20251006_091902T.WAV,24A04F085FDF0C84_20251006_091902_000T.wav,NA,C:\Users\Nancy\Desktop\Bat Files,C:\Users\Nancy\Desktop\AutoID\10 09 Output,2,31.263,118.849,31.083,1.156,242.82,2.091,0.45,NA,2025-10-06T09:19:02Z,LASNOC,2025-10-05
MCI,2025-10-06T09:21:36Z,2025-10-06,04:21:36,4,EPTFUS,0.75,27.405,14.42,0,0.291445,LASNOC,LASCIN,NA,NA,4,4,3.217,1,0,29.614,27.098,9,24A04F085FDF0C84,Schmeeckle 2025 Master.csv,MCI\10 09\20251006,24A04F085FDF0C84_20251006_092136T.WAV,24A04F085FDF0C84_20251006_092136_000T.wav,NA,C:\Users\Nancy\Desktop\Bat Files,C:\Users\Nancy\Desktop\AutoID\10 09 Output,3,27.982,645.602,27.813,1.795,99.61,2.923,0.93,NA,2025-10-06T09:21:36Z,EPTFUS,2025-10-05
MCI,2025-10-06T09:23:28Z,2025-10-06,04:23:28,4,EPTFUS,0.167,29.655,42.28,0,0.280915,LASNOC,NA,NA,NA,6,6,2.906,1,0,37.003,29.416,9,24A04F085FDF0C84,Schmeeckle 2025 Master.csv,MCI\10 09\20251006,24A04F085FDF0C84_20251006_092328T.WAV,24A04F085FDF0C84_20251006_092328_000T.wav,NA,C:\Users\Nancy\Desktop\Bat Files,C:\Users\Nancy\Desktop\AutoID\10 09 Output,1,31.681,223.633,30.534,1.857,248.93,2.815,1.2,NA,2025-10-06T09:23:28Z,EPTFUS,2025-10-05
MCI,2025-10-06T09:23:42Z,2025-10-06,04:23:42,4,EPTFUS,0.667,29.937,57.26,0,0.282633,LASNOC,LASCIN,NA,NA,3,3,3.421,1,0,40.836,29.679,9,24A04F085FDF0C84,Schmeeckle 2025 Master.csv,MCI\10 09\20251006,24A04F085FDF0C84_20251006_092342T.WAV,24A04F085FDF0C84_20251006_092342_000T.wav,NA,C:\Users\Nancy\Desktop\Bat Files,C:\Users\Nancy\Desktop\AutoID\10 09 Output,2,32.808,111.214,31.31,2.234,473.11,3.375,0.6,NA,2025-10-06T09:23:42Z,EPTFUS,2025-10-05
MCI,2025-10-06T09:23:56Z,2025-10-06,04:23:56,4,LASNOC,0.2,27.601,80.07,0,0.269247,LASCIN,EPTFUS,NA,NA,5,5,3.092,1,0,38.859,26.429,9,24A04F085FDF0C84,Schmeeckle 2025 Master.csv,MCI\10 09\20251006,24A04F085FDF0C84_20251006_092356T.WAV,24A04F085FDF0C84_20251006_092356_000T.wav,NA,C:\Users\Nancy\Desktop\Bat Files,C:\Users\Nancy\Desktop\AutoID\10 09 Output,1,30.289,1032.95,28.961,1.823,465.5,2.665,1.01,NA,2025-10-06T09:23:56Z,LASNOC,2025-10-05
MCI,2025-10-06T09:24:38Z,2025-10-06,04:24:38,4,LASNOC,1,28.024,131.71,0,0.506937,EPTFUS,NA,NA,NA,5,5,3.473,1,0,48.016,27.347,9,24A04F085FDF0C84,Schmeeckle 2025 Master.csv,MCI\10 09\20251006,24A04F085FDF0C84_20251006_092438T.WAV,24A04F085FDF0C84_20251006_092438_000T.wav,NA,C:\Users\Nancy\Desktop\Bat Files,C:\Users\Nancy\Desktop\AutoID\10 09 Output,5,33.744,151.156,30.956,2.136,419.92,3.21,0.93,NA,2025-10-06T09:24:38Z,LASNOC,2025-10-05
MCI,2025-10-06T09:28:22Z,2025-10-06,04:28:22,4,EPTFUS,0.5,29.971,-17.51,0,0.254704,LASNOC,LASCIN,NA,NA,2,2,2.218,1,0,34.567,28.689,9,24A04F085FDF0C84,Schmeeckle 2025 Master.csv,MCI\10 09\20251006,24A04F085FDF0C84_20251006_092822T.WAV,24A04F085FDF0C84_20251006_092822_000T.wav,NA,C:\Users\Nancy\Desktop\Bat Files,C:\Users\Nancy\Desktop\AutoID\10 09 Output,1,30.699,223.975,30.079,1.195,199.19,1.662,0.71,NA,2025-10-06T09:28:22Z,EPTFUS,2025-10-05
MCI,2025-10-06T09:30:56Z,2025-10-06,04:30:56,4,LASNOC,0.75,28.295,133.63,0,0.282381,EPTFUS,LASCIN,NA,NA,4,4,2.497,1,0,42.534,28.019,9,24A04F085FDF0C84,Schmeeckle 2025 Master.csv,MCI\10 09\20251006,24A04F085FDF0C84_20251006_093056T.WAV,24A04F085FDF0C84_20251006_093056_000T.wav,NA,C:\Users\Nancy\Desktop\Bat Files,C:\Users\Nancy\Desktop\AutoID\10 09 Output,3,32.321,247.113,30.294,1.697,478.57,2.425,1.25,NA,2025-10-06T09:30:56Z,LASNOC,2025-10-05
MCI,2025-10-06T09:31:10Z,2025-10-06,04:31:10,4,LASNOC,0.714,28.028,98.56,0,0.23155,EPTFUS,NA,NA,NA,14,14,3.217,1,0,40.335,27.621,9,24A04F085FDF0C84,Schmeeckle 2025 Master.csv,MCI\10 09\20251006,24A04F085FDF0C84_20251006_093110T.WAV,24A04F085FDF0C84_20251006_093110_000T.wav,NA,C:\Users\Nancy\Desktop\Bat Files,C:\Users\Nancy\Desktop\AutoID\10 09 Output,10,31.795,202.928,30.207,2.054,387.71,3.063,2.91,NA,2025-10-06T09:31:10Z,LASNOC,2025-10-05
MCI,2025-10-06T09:33:02Z,2025-10-06,04:33:02,4,EPTFUS,0.667,29.348,57.75,0,0.247709,LASNOC,NA,NA,NA,6,6,2.429,1,0,34.535,28.329,9,24A04F085FDF0C84,Schmeeckle 2025 Master.csv,MCI\10 09\20251006,24A04F085FDF0C84_20251006_093302T.WAV,24A04F085FDF0C84_20251006_093302_000T.wav,NA,C:\Users\Nancy\Desktop\Bat Files,C:\Users\Nancy\Desktop\AutoID\10 09 Output,4,30.469,178.274,30.262,1.309,235.56,2.095,1.57,NA,2025-10-06T09:33:02Z,EPTFUS,2025-10-05
MCI,2025-10-06T09:34:26Z,2025-10-06,04:34:26,4,LASNOC,1,29.252,80.3,0,0.286126,EPTFUS,LASCIN,NA,NA,2,2,2.588,1,0,38.336,28.487,9,24A04F085FDF0C84,Schmeeckle 2025 Master.csv,MCI\10 09\20251006,24A04F085FDF0C84_20251006_093426T.WAV,24A04F085FDF0C84_20251006_093426_000T.wav,NA,C:\Users\Nancy\Desktop\Bat Files,C:\Users\Nancy\Desktop\AutoID\10 09 Output,2,31.65,1213.799,30.488,1.566,340.6,2.376,0.69,NA,2025-10-06T09:34:26Z,LASNOC,2025-10-05
MCI,2025-10-06T09:34:54Z,2025-10-06,04:34:54,4,EPTFUS,0.778,30.115,70.74,0,0.265073,LASNOC,NA,NA,NA,9,9,3.237,1,0,41.697,29.825,9,24A04F085FDF0C84,Schmeeckle 2025 Master.csv,MCI\10 09\20251006,24A04F085FDF0C84_20251006_093454T.WAV,24A04F085FDF0C84_20251006_093454_000T.wav,NA,C:\Users\Nancy\Desktop\Bat Files,C:\Users\Nancy\Desktop\AutoID\10 09 Output,7,33.225,132.023,31.37,2.17,434.43,3.059,1.75,NA,2025-10-06T09:34:54Z,EPTFUS,2025-10-05
MCI,2025-10-06T09:35:22Z,2025-10-06,04:35:22,4,LASNOC,0.4,26.598,108.72,0,0.296891,LASCIN,EPTFUS,NA,NA,5,5,3.087,1,0,37.441,25.184,9,24A04F085FDF0C84,Schmeeckle 2025 Master.csv,MCI\10 09\20251006,24A04F085FDF0C84_20251006_093522T.WAV,24A04F085FDF0C84_20251006_093522_000T.wav,NA,C:\Users\Nancy\Desktop\Bat Files,C:\Users\Nancy\Desktop\AutoID\10 09 Output,2,29.199,259.17,28.539,1.793,389.74,2.644,1.32,NA,2025-10-06T09:35:22Z,LASNOC,2025-10-05
MCI,2025-10-06T09:35:36Z,2025-10-06,04:35:36,4,LASNOC,0.438,26.072,121.71,0,0.276147,LASCIN,EPTFUS,NA,NA,16,16,2.9,1,0,36.169,25.176,9,24A04F085FDF0C84,Schmeeckle 2025 Master.csv,MCI\10 09\20251006,24A04F085FDF0C84_20251006_093536T.WAV,24A04F085FDF0C84_20251006_093536_000T.wav,NA,C:\Users\Nancy\Desktop\Bat Files,C:\Users\Nancy\Desktop\AutoID\10 09 Output,7,28.802,391.46,28.197,1.715,414.62,2.561,3.23,NA,2025-10-06T09:35:36Z,LASNOC,2025-10-05
MCI,2025-10-06T09:35:50Z,2025-10-06,04:35:50,4,LASNOC,0.385,28.913,62.34,0,0.24121,EPTFUS,LASCIN,NA,NA,13,13,2.556,1,0,36.527,28.347,9,24A04F085FDF0C84,Schmeeckle 2025 Master.csv,MCI\10 09\20251006,24A04F085FDF0C84_20251006_093550T.WAV,24A04F085FDF0C84_20251006_093550_000T.wav,NA,C:\Users\Nancy\Desktop\Bat Files,C:\Users\Nancy\Desktop\AutoID\10 09 Output,5,30.846,215.084,30.087,1.404,308.8,2.242,3.03,NA,2025-10-06T09:35:50Z,LASNOC,2025-10-05
MCI,2025-10-06T09:36:18Z,2025-10-06,04:36:18,4,LASNOC,0.562,28.154,126.21,0,0.166913,LASCIN,EPTFUS,NA,NA,16,16,2.78,1,0,40.724,27.565,9,24A04F085FDF0C84,Schmeeckle 2025 Master.csv,MCI\10 09\20251006,24A04F085FDF0C84_20251006_093618T.WAV,24A04F085FDF0C84_20251006_093618_000T.wav,NA,C:\Users\Nancy\Desktop\Bat Files,C:\Users\Nancy\Desktop\AutoID\10 09 Output,9,31.896,253.233,30.738,1.568,389.85,2.542,3.29,NA,2025-10-06T09:36:18Z,LASNOC,2025-10-05
MCI,2025-10-06T09:37:00Z,2025-10-06,04:37:00,4,LASNOC,0.75,29.051,67.84,0,0.153906,EPTFUS,LASCIN,NA,NA,4,4,3.979,1,0,35.292,28.108,9,24A04F085FDF0C84,Schmeeckle 2025 Master.csv,MCI\10 09\20251006,24A04F085FDF0C84_20251006_093700T.WAV,24A04F085FDF0C84_20251006_093700_000T.wav,NA,C:\Users\Nancy\Desktop\Bat Files,C:\Users\Nancy\Desktop\AutoID\10 09 Output,3,30.46,488.198,30.464,2.376,263.65,3.433,1.18,NA,2025-10-06T09:37:00Z,LASNOC,2025-10-05
MCI,2025-10-06T09:37:42Z,2025-10-06,04:37:42,4,LASNOC,0.429,29.062,25.03,0,0.261405,EPTFUS,NA,NA,NA,7,7,3.229,1,0,39.147,28.699,9,24A04F085FDF0C84,Schmeeckle 2025 Master.csv,MCI\10 09\20251006,24A04F085FDF0C84_20251006_093742T.WAV,24A04F085FDF0C84_20251006_093742_000T.wav,NA,C:\Users\Nancy\Desktop\Bat Files,C:\Users\Nancy\Desktop\AutoID\10 09 Output,3,31.542,186.938,29.761,2.188,394.38,3.027,1.68,NA,2025-10-06T09:37:42Z,LASNOC,2025-10-05
MCI,2025-10-06T09:38:38Z,2025-10-06,04:38:38,4,LASNOC,0.429,27.81,79.58,0,0.162018,EPTFUS,LASCIN,NA,NA,7,7,2.678,1,0,36.926,26.779,9,24A04F085FDF0C84,Schmeeckle 2025 Master.csv,MCI\10 09\20251006,24A04F085FDF0C84_20251006_093838T.WAV,24A04F085FDF0C84_20251006_093838_000T.wav,NA,C:\Users\Nancy\Desktop\Bat Files,C:\Users\Nancy\Desktop\AutoID\10 09 Output,3,30.059,560.971,29.474,1.515,433.64,2.341,1.37,NA,2025-10-06T09:38:38Z,LASNOC,2025-10-05
MCI,2025-10-06T09:38:52Z,2025-10-06,04:38:52,4,LASNOC,0.714,27.551,99.94,0,0.376187,EPTFUS,LASCIN,NA,NA,14,14,3.475,1,0,41.953,27.233,9,24A04F085FDF0C84,Schmeeckle 2025 Master.csv,MCI\10 09\20251006,24A04F085FDF0C84_20251006_093852T.WAV,24A04F085FDF0C84_20251006_093852_000T.wav,NA,C:\Users\Nancy\Desktop\Bat Files,C:\Users\Nancy\Desktop\AutoID\10 09 Output,10,31.633,255.972,29.858,2.179,380.04,3.338,2.66,NA,2025-10-06T09:38:52Z,LASNOC,2025-10-05
MCI,2025-10-06T09:39:48Z,2025-10-06,04:39:48,4,LASNOC,0.583,28.01,52.17,0,0.19338,EPTFUS,LASCIN,NA,NA,12,12,2.872,1,0,32.874,27.534,9,24A04F085FDF0C84,Schmeeckle 2025 Master.csv,MCI\10 09\20251006,24A04F085FDF0C84_20251006_093948T.WAV,24A04F085FDF0C84_20251006_093948_000T.wav,NA,C:\Users\Nancy\Desktop\Bat Files,C:\Users\Nancy\Desktop\AutoID\10 09 Output,7,29.393,346.068,29.045,1.39,177.98,2.475,3.05,NA,2025-10-06T09:39:48Z,LASNOC,2025-10-05
MCI,2025-10-06T09:40:02Z,2025-10-06,04:40:02,4,LASNOC,0.333,28.518,80.03,0,0.242216,EPTFUS,NA,NA,NA,9,9,2.476,1,0,35.096,28.158,9,24A04F085FDF0C84,Schmeeckle 2025 Master.csv,MCI\10 09\20251006,24A04F085FDF0C84_20251006_094002T.WAV,24A04F085FDF0C84_20251006_094002_000T.wav,NA,C:\Users\Nancy\Desktop\Bat Files,C:\Users\Nancy\Desktop\AutoID\10 09 Output,3,30.392,302.186,30.541,1.133,265.33,2.349,1.62,NA,2025-10-06T09:40:02Z,LASNOC,2025-10-05
MCI,2025-10-06T09:40:58Z,2025-10-06,04:40:58,4,LASNOC,0.615,31.782,89.52,0,0.265246,EPTFUS,LASCIN,NA,NA,26,26,4.038,1,0,44.377,26.742,9,24A04F085FDF0C84,Schmeeckle 2025 Master.csv,MCI\10 09\20251006,24A04F085FDF0C84_20251006_094058T.WAV,24A04F085FDF0C84_20251006_094058_000T.wav,NA,C:\Users\Nancy\Desktop\Bat Files,C:\Users\Nancy\Desktop\AutoID\10 09 Output,16,33.268,310.122,34.016,1.768,263.72,2.902,4.22,NA,2025-10-06T09:40:58Z,LASNOC,2025-10-05
MCI,2025-10-06T09:41:26Z,2025-10-06,04:41:26,4,LASNOC,0.25,28.357,79.33,0,0.196565,EPTFUS,NA,NA,NA,4,4,2.343,1,0,37.116,27.76,9,24A04F085FDF0C84,Schmeeckle 2025 Master.csv,MCI\10 09\20251006,24A04F085FDF0C84_20251006_094126T.WAV,24A04F085FDF0C84_20251006_094126_000T.wav,NA,C:\Users\Nancy\Desktop\Bat Files,C:\Users\Nancy\Desktop\AutoID\10 09 Output,1,30.688,184.037,29.804,1.297,419.1,2.1,1.16,NA,2025-10-06T09:41:26Z,LASNOC,2025-10-05
MCI,2025-10-06T09:41:54Z,2025-10-06,04:41:54,4,LASNOC,0.778,28.117,100.75,0,0.276075,EPTFUS,NA,NA,NA,9,9,2.721,1,0,38.201,27.081,9,24A04F085FDF0C84,Schmeeckle 2025 Master.csv,MCI\10 09\20251006,24A04F085FDF0C84_20251006_094154T.WAV,24A04F085FDF0C84_20251006_094154_000T.wav,NA,C:\Users\Nancy\Desktop\Bat Files,C:\Users\Nancy\Desktop\AutoID\10 09 Output,7,30.742,195.558,30.447,1.446,394.19,2.349,1.97,NA,2025-10-06T09:41:54Z,LASNOC,2025-10-05
MCI,2025-10-06T09:43:18Z,2025-10-06,04:43:18,4,LASNOC,0.5,29.126,74.39,0,0.332183,EPTFUS,NA,NA,NA,4,4,2.366,1,0,37.798,28.838,9,24A04F085FDF0C84,Schmeeckle 2025 Master.csv,MCI\10 09\20251006,24A04F085FDF0C84_20251006_094318T.WAV,24A04F085FDF0C84_20251006_094318_000T.wav,NA,C:\Users\Nancy\Desktop\Bat Files,C:\Users\Nancy\Desktop\AutoID\10 09 Output,2,31.701,168.148,30.575,1.418,287.48,2.296,1.05,NA,2025-10-06T09:43:18Z,LASNOC,2025-10-05
MCI,2025-10-06T09:43:32Z,2025-10-06,04:43:32,4,LASNOC,0.5,26.938,119.13,0,0.208962,EPTFUS,LASCIN,NA,NA,4,4,2.899,1,0,36.65,26.465,9,24A04F085FDF0C84,Schmeeckle 2025 Master.csv,MCI\10 09\20251006,24A04F085FDF0C84_20251006_094332T.WAV,24A04F085FDF0C84_20251006_094332_000T.wav,NA,C:\Users\Nancy\Desktop\Bat Files,C:\Users\Nancy\Desktop\AutoID\10 09 Output,2,29.948,101.619,30.426,1.224,355.78,2.707,1.01,NA,2025-10-06T09:43:32Z,LASNOC,2025-10-05
MCI,2025-10-06T09:44:00Z,2025-10-06,04:44:00,4,LASNOC,0.475,27.489,82.27,0,0.255125,LASCIN,EPTFUS,NA,NA,40,40,3.443,1,0,39.243,26.97,9,24A04F085FDF0C84,Schmeeckle 2025 Master.csv,MCI\10 09\20251006,24A04F085FDF0C84_20251006_094400T.WAV,24A04F085FDF0C84_20251006_094400_000T.wav,NA,C:\Users\Nancy\Desktop\Bat Files,C:\Users\Nancy\Desktop\AutoID\10 09 Output,19,30.667,219.062,29.118,2.104,418.6,3.168,9.26,NA,2025-10-06T09:44:00Z,LASNOC,2025-10-05
MCI,2025-10-06T09:44:14Z,2025-10-06,04:44:14,4,LASNOC,0.333,29.205,51.95,0,0.349168,EPTFUS,NA,NA,NA,3,3,2.393,1,0,34.347,28.051,9,24A04F085FDF0C84,Schmeeckle 2025 Master.csv,MCI\10 09\20251006,24A04F085FDF0C84_20251006_094414T.WAV,24A04F085FDF0C84_20251006_094414_000T.wav,NA,C:\Users\Nancy\Desktop\Bat Files,C:\Users\Nancy\Desktop\AutoID\10 09 Output,1,30.144,2191.005,30.117,1.1,281.99,1.867,0.94,NA,2025-10-06T09:44:14Z,LASNOC,2025-10-05
MCI,2025-10-06T09:45:38Z,2025-10-06,04:45:38,4,LASNOC,0.714,27.993,11.92,0,0.311965,EPTFUS,LASCIN,NA,NA,7,7,3.541,1,0,29.501,27.484,9,24A04F085FDF0C84,Schmeeckle 2025 Master.csv,MCI\10 09\20251006,24A04F085FDF0C84_20251006_094538T.WAV,24A04F085FDF0C84_20251006_094538_000T.wav,NA,C:\Users\Nancy\Desktop\Bat Files,C:\Users\Nancy\Desktop\AutoID\10 09 Output,5,28.244,735.242,28.36,1.334,66.66,2.571,1.87,NA,2025-10-06T09:45:38Z,LASNOC,2025-10-05
MCI,2025-10-06T09:46:20Z,2025-10-06,04:46:20,4,LASNOC,0.36,28.292,78.33,0,0.310141,EPTFUS,LASCIN,NA,NA,25,25,3.396,1,0,39.004,27.651,9,24A04F085FDF0C84,Schmeeckle 2025 Master.csv,MCI\10 09\20251006,24A04F085FDF0C84_20251006_094620T.WAV,24A04F085FDF0C84_20251006_094620_000T.wav,NA,C:\Users\Nancy\Desktop\Bat Files,C:\Users\Nancy\Desktop\AutoID\10 09 Output,9,31.063,230.853,30.139,1.893,379.26,3.069,5.62,NA,2025-10-06T09:46:20Z,LASNOC,2025-10-05
MCI,2025-10-06T09:47:16Z,2025-10-06,04:47:16,4,LASNOC,0.6,25.776,189.53,0,0.206125,LASCIN,EPTFUS,NA,NA,5,5,2.489,1,0,38.061,25.159,9,24A04F085FDF0C84,Schmeeckle 2025 Master.csv,MCI\10 09\20251006,24A04F085FDF0C84_20251006_094716T.WAV,24A04F085FDF0C84_20251006_094716_000T.wav,NA,C:\Users\Nancy\Desktop\Bat Files,C:\Users\Nancy\Desktop\AutoID\10 09 Output,3,29.565,78.094,29.836,1.217,447.45,2.336,1.16,NA,2025-10-06T09:47:16Z,LASNOC,2025-10-05
MCI,2025-10-06T09:49:36Z,2025-10-06,04:49:36,4,LASNOC,0.857,28.168,128.73,0,0.152617,LASCIN,EPTFUS,NA,NA,7,7,2.703,1,0,41.486,27.33,9,24A04F085FDF0C84,Schmeeckle 2025 Master.csv,MCI\10 09\20251006,24A04F085FDF0C84_20251006_094936T.WAV,24A04F085FDF0C84_20251006_094936_000T.wav,NA,C:\Users\Nancy\Desktop\Bat Files,C:\Users\Nancy\Desktop\AutoID\10 09 Output,6,31.91,1343.949,30.984,1.514,470.32,2.494,1.45,NA,2025-10-06T09:49:36Z,LASNOC,2025-10-05
MCI,2025-10-06T09:50:04Z,2025-10-06,04:50:04,4,LASNOC,0.571,28.916,55.79,0,0.262944,EPTFUS,LASCIN,NA,NA,7,7,2.712,1,0,38.609,28.307,9,24A04F085FDF0C84,Schmeeckle 2025 Master.csv,MCI\10 09\20251006,24A04F085FDF0C84_20251006_095004T.WAV,24A04F085FDF0C84_20251006_095004_000T.wav,NA,C:\Users\Nancy\Desktop\Bat Files,C:\Users\Nancy\Desktop\AutoID\10 09 Output,4,31.442,177.312,30.142,1.616,317.99,2.412,2.37,NA,2025-10-06T09:50:04Z,LASNOC,2025-10-05
MCI,2025-10-06T09:50:46Z,2025-10-06,04:50:46,4,EPTFUS,0.455,29.144,91.6,0,0.209456,LASNOC,NA,NA,NA,11,11,3.428,1,0,42.757,27.875,9,24A04F085FDF0C84,Schmeeckle 2025 Master.csv,MCI\10 09\20251006,24A04F085FDF0C84_20251006_095046T.WAV,24A04F085FDF0C84_20251006_095046_000T.wav,NA,C:\Users\Nancy\Desktop\Bat Files,C:\Users\Nancy\Desktop\AutoID\10 09 Output,5,32.523,782.658,31.837,1.502,410.84,2.965,2.2,NA,2025-10-06T09:50:46Z,EPTFUS,2025-10-05
MCI,2025-10-06T09:51:00Z,2025-10-06,04:51:00,4,LASNOC,0.583,28.812,65.72,0,0.170472,EPTFUS,NA,NA,NA,12,12,2.811,1,0,37.205,28.289,9,24A04F085FDF0C84,Schmeeckle 2025 Master.csv,MCI\10 09\20251006,24A04F085FDF0C84_20251006_095100T.WAV,24A04F085FDF0C84_20251006_095100_000T.wav,NA,C:\Users\Nancy\Desktop\Bat Files,C:\Users\Nancy\Desktop\AutoID\10 09 Output,7,31.226,538.805,30.206,1.729,293.68,2.586,2.09,NA,2025-10-06T09:51:00Z,LASNOC,2025-10-05
MCI,2025-10-06T09:51:14Z,2025-10-06,04:51:14,4,LASNOC,0.5,27.973,44.99,0,0.320744,LASCIN,EPTFUS,NA,NA,4,4,2.716,1,0,34.033,26.94,9,24A04F085FDF0C84,Schmeeckle 2025 Master.csv,MCI\10 09\20251006,24A04F085FDF0C84_20251006_095114T.WAV,24A04F085FDF0C84_20251006_095114_000T.wav,NA,C:\Users\Nancy\Desktop\Bat Files,C:\Users\Nancy\Desktop\AutoID\10 09 Output,2,29.162,715.2,28.641,1.056,299.86,1.851,0.67,NA,2025-10-06T09:51:14Z,LASNOC,2025-10-05
MCI,2025-10-06T09:51:56Z,2025-10-06,04:51:56,4,LASNOC,0.889,28.028,142.24,0,0.221796,LASCIN,EPTFUS,NA,NA,18,18,2.667,1,0,42.979,27.51,9,24A04F085FDF0C84,Schmeeckle 2025 Master.csv,MCI\10 09\20251006,24A04F085FDF0C84_20251006_095156T.WAV,24A04F085FDF0C84_20251006_095156_000T.wav,NA,C:\Users\Nancy\Desktop\Bat Files,C:\Users\Nancy\Desktop\AutoID\10 09 Output,16,32.375,174.661,30.662,1.646,548.38,2.536,4.54,NA,2025-10-06T09:51:56Z,LASNOC,2025-10-05
MCI,2025-10-06T09:56:50Z,2025-10-06,04:56:50,4,LASNOC,1,27.741,14.32,0,0.433414,EPTFUS,LASCIN,NA,NA,2,2,3.917,1,0,29.36,27.641,9,24A04F085FDF0C84,Schmeeckle 2025 Master.csv,MCI\10 09\20251006,24A04F085FDF0C84_20251006_095650T.WAV,24A04F085FDF0C84_20251006_095650_000T.wav,NA,C:\Users\Nancy\Desktop\Bat Files,C:\Users\Nancy\Desktop\AutoID\10 09 Output,2,28.233,402.696,28.281,1.614,64.45,3.774,0.36,NA,2025-10-06T09:56:50Z,LASNOC,2025-10-05
MCI,2025-10-06T09:57:04Z,2025-10-06,04:57:04,4,EPTFUS,0.667,29.419,65.86,0,0.264016,LASNOC,NA,NA,NA,3,3,2.226,1,0,35.351,29.092,9,24A04F085FDF0C84,Schmeeckle 2025 Master.csv,MCI\10 09\20251006,24A04F085FDF0C84_20251006_095704T.WAV,24A04F085FDF0C84_20251006_095704_000T.wav,NA,C:\Users\Nancy\Desktop\Bat Files,C:\Users\Nancy\Desktop\AutoID\10 09 Output,2,31.15,108.917,30.732,1.194,230.59,2.134,0.76,NA,2025-10-06T09:57:04Z,EPTFUS,2025-10-05
MCI,2025-10-06T09:57:18Z,2025-10-06,04:57:18,4,LASNOC,0.667,24.72,-3.21,0,0.267165,LASCIN,EPTFUS,NA,NA,3,3,2.752,1,0,25.275,24.219,9,24A04F085FDF0C84,Schmeeckle 2025 Master.csv,MCI\10 09\20251006,24A04F085FDF0C84_20251006_095718T.WAV,24A04F085FDF0C84_20251006_095718_000T.wav,NA,C:\Users\Nancy\Desktop\Bat Files,C:\Users\Nancy\Desktop\AutoID\10 09 Output,2,24.771,1773.373,24.706,0.426,99.91,1.996,0.92,NA,2025-10-06T09:57:18Z,LASNOC,2025-10-05
MCI,2025-10-06T09:59:52Z,2025-10-06,04:59:52,4,LASNOC,1,28.272,17.56,0,0.353074,EPTFUS,LASCIN,NA,NA,7,7,3.061,1,0,34.077,27.788,9,24A04F085FDF0C84,Schmeeckle 2025 Master.csv,MCI\10 09\20251006,24A04F085FDF0C84_20251006_095952T.WAV,24A04F085FDF0C84_20251006_095952_000T.wav,NA,C:\Users\Nancy\Desktop\Bat Files,C:\Users\Nancy\Desktop\AutoID\10 09 Output,7,29.611,623.998,28.837,1.36,227.51,2.386,1.3,NA,2025-10-06T09:59:52Z,LASNOC,2025-10-05
MCI,2025-10-06T10:01:44Z,2025-10-06,05:01:44,5,LASNOC,0.625,28.968,90.52,0,0.17897,EPTFUS,NA,NA,NA,8,8,3.704,1,0,48.575,28.026,9,24A04F085FDF0C84,Schmeeckle 2025 Master.csv,MCI\10 09\20251006,24A04F085FDF0C84_20251006_100144T.WAV,24A04F085FDF0C84_20251006_100144_000T.wav,NA,C:\Users\Nancy\Desktop\Bat Files,C:\Users\Nancy\Desktop\AutoID\10 09 Output,5,34.117,139.5,30.963,2.45,473.27,3.345,1.64,NA,2025-10-06T10:01:44Z,LASNOC,2025-10-05
MCI,2025-10-06T10:02:12Z,2025-10-06,05:02:12,5,EPTFUS,1,30.546,130.69,0,0.336208,LASNOC,NA,NA,NA,2,2,2.442,1,0,42.026,30.546,9,24A04F085FDF0C84,Schmeeckle 2025 Master.csv,MCI\10 09\20251006,24A04F085FDF0C84_20251006_100212T.WAV,24A04F085FDF0C84_20251006_100212_000T.wav,NA,C:\Users\Nancy\Desktop\Bat Files,C:\Users\Nancy\Desktop\AutoID\10 09 Output,2,34.404,101.382,33.787,1.373,388.93,2.442,0.49,NA,2025-10-06T10:02:12Z,EPTFUS,2025-10-05
MCI,2025-10-06T10:04:04Z,2025-10-06,05:04:04,5,LASNOC,0.667,27.734,113.32,0,0.452895,LASCIN,EPTFUS,NA,NA,3,3,2.745,1,0,40.537,26.758,9,24A04F085FDF0C84,Schmeeckle 2025 Master.csv,MCI\10 09\20251006,24A04F085FDF0C84_20251006_100404T.WAV,24A04F085FDF0C84_20251006_100404_000T.wav,NA,C:\Users\Nancy\Desktop\Bat Files,C:\Users\Nancy\Desktop\AutoID\10 09 Output,2,30.892,109.924,29.968,1.506,519.1,2.357,0.8,NA,2025-10-06T10:04:04Z,LASNOC,2025-10-05
MCI,2025-10-06T10:05:28Z,2025-10-06,05:05:28,5,LASNOC,0.833,27.861,101.7,0,0.350565,EPTFUS,NA,NA,NA,6,6,3.461,1,0,46.05,26.97,9,24A04F085FDF0C84,Schmeeckle 2025 Master.csv,MCI\10 09\20251006,24A04F085FDF0C84_20251006_100528T.WAV,24A04F085FDF0C84_20251006_100528_000T.wav,NA,C:\Users\Nancy\Desktop\Bat Files,C:\Users\Nancy\Desktop\AutoID\10 09 Output,5,32.789,110.537,29.537,2.365,564.56,3.145,1.14,NA,2025-10-06T10:05:28Z,LASNOC,2025-10-05
MCI,2025-10-06T10:05:42Z,2025-10-06,05:05:42,5,LASNOC,0.357,28.469,70.85,0,0.266243,EPTFUS,LASCIN,NA,NA,14,14,2.777,1,0,37.219,27.976,9,24A04F085FDF0C84,Schmeeckle 2025 Master.csv,MCI\10 09\20251006,24A04F085FDF0C84_20251006_100542T.WAV,24A04F085FDF0C84_20251006_100542_000T.wav,NA,C:\Users\Nancy\Desktop\Bat Files,C:\Users\Nancy\Desktop\AutoID\10 09 Output,5,30.528,246.558,29.858,1.482,390.89,2.509,3.11,NA,2025-10-06T10:05:42Z,LASNOC,2025-10-05
MCI,2025-10-06T10:07:34Z,2025-10-06,05:07:34,5,LASCIN,0.833,23.914,6.6,0,0.319228,LASNOC,EPTFUS,NA,NA,12,12,3.737,1,0,24.841,23.441,9,24A04F085FDF0C84,Schmeeckle 2025 Master.csv,MCI\10 09\20251006,24A04F085FDF0C84_20251006_100734T.WAV,24A04F085FDF0C84_20251006_100734_000T.wav,NA,C:\Users\Nancy\Desktop\Bat Files,C:\Users\Nancy\Desktop\AutoID\10 09 Output,10,24.015,397.836,24.029,1.145,35.7,2.539,2.34,NA,2025-10-06T10:07:34Z,LASCIN,2025-10-05
MCI,2025-10-06T10:08:58Z,2025-10-06,05:08:58,5,LASCIN,0.556,24.219,7.99,0,0.220082,LASNOC,EPTFUS,NA,NA,9,9,5.502,1,0,25.641,24.013,9,24A04F085FDF0C84,Schmeeckle 2025 Master.csv,MCI\10 09\20251006,24A04F085FDF0C84_20251006_100858T.WAV,24A04F085FDF0C84_20251006_100858_000T.wav,NA,C:\Users\Nancy\Desktop\Bat Files,C:\Users\Nancy\Desktop\AutoID\10 09 Output,5,24.576,530.385,24.365,1.94,88.05,3.352,2.12,NA,2025-10-06T10:08:58Z,LASCIN,2025-10-05
MCI,2025-10-06T10:10:08Z,2025-10-06,05:10:08,5,LASNOC,0.5,29.58,38.54,0,0.380262,EPTFUS,NA,NA,NA,2,2,2.258,1,0,35.419,29.149,9,24A04F085FDF0C84,Schmeeckle 2025 Master.csv,MCI\10 09\20251006,24A04F085FDF0C84_20251006_101008T.WAV,24A04F085FDF0C84_20251006_101008_000T.wav,NA,C:\Users\Nancy\Desktop\Bat Files,C:\Users\Nancy\Desktop\AutoID\10 09 Output,1,31.001,206.097,30.249,1.379,279.44,2.121,0.55,NA,2025-10-06T10:10:08Z,LASNOC,2025-10-05
MCI,2025-10-06T10:10:22Z,2025-10-06,05:10:22,5,EPTFUS,0.4,29.802,81.88,0,0.165493,LASNOC,LASCIN,NA,NA,5,5,2.199,1,0,36.973,29.617,9,24A04F085FDF0C84,Schmeeckle 2025 Master.csv,MCI\10 09\20251006,24A04F085FDF0C84_20251006_101022T.WAV,24A04F085FDF0C84_20251006_101022_000T.wav,NA,C:\Users\Nancy\Desktop\Bat Files,C:\Users\Nancy\Desktop\AutoID\10 09 Output,2,32.02,1538.502,31.363,1.272,272.42,2.142,1.03,NA,2025-10-06T10:10:22Z,EPTFUS,2025-10-05
MCI,2025-10-06T10:14:20Z,2025-10-06,05:14:20,5,LASNOC,0.6,28.234,97.03,0,0.304576,EPTFUS,NA,NA,NA,5,5,3.166,1,0,42.283,27.547,9,24A04F085FDF0C84,Schmeeckle 2025 Master.csv,MCI\10 09\20251006,24A04F085FDF0C84_20251006_101420T.WAV,24A04F085FDF0C84_20251006_101420_000T.wav,NA,C:\Users\Nancy\Desktop\Bat Files,C:\Users\Nancy\Desktop\AutoID\10 09 Output,3,32.145,376.538,29.87,2.003,391.76,2.817,1.4,NA,2025-10-06T10:14:20Z,LASNOC,2025-10-05
MCI,2025-10-06T10:15:16Z,2025-10-06,05:15:16,5,LASNOC,1,28.175,131.14,0,0.284044,EPTFUS,LASCIN,NA,NA,2,2,2.394,1,0,39.781,27.844,9,24A04F085FDF0C84,Schmeeckle 2025 Master.csv,MCI\10 09\20251006,24A04F085FDF0C84_20251006_101516T.WAV,24A04F085FDF0C84_20251006_101516_000T.wav,NA,C:\Users\Nancy\Desktop\Bat Files,C:\Users\Nancy\Desktop\AutoID\10 09 Output,2,31.655,331.71,30.568,1.43,604.94,2.32,1.18,NA,2025-10-06T10:15:16Z,LASNOC,2025-10-05
MCI,2025-10-06T10:16:40Z,2025-10-06,05:16:40,5,LASNOC,0.6,27.811,95.22,0,0.252626,EPTFUS,NA,NA,NA,10,10,3.836,1,0,45.449,26.839,9,24A04F085FDF0C84,Schmeeckle 2025 Master.csv,MCI\10 09\20251006,24A04F085FDF0C84_20251006_101640T.WAV,24A04F085FDF0C84_20251006_101640_000T.wav,NA,C:\Users\Nancy\Desktop\Bat Files,C:\Users\Nancy\Desktop\AutoID\10 09 Output,6,32.228,101.759,30.418,2.129,543.15,3.438,2.85,NA,2025-10-06T10:16:40Z,LASNOC,2025-10-05
MCI,2025-10-06T10:19:14Z,2025-10-06,05:19:14,5,LASBOR,1,46.52,67.9,0,0.396168,PERSUB,MYOLUC,NA,NA,3,3,2.655,1,0,61.496,46.52,9,24A04F085FDF0C84,Schmeeckle 2025 Master.csv,MCI\10 09\20251006,24A04F085FDF0C84_20251006_101914T.WAV,24A04F085FDF0C84_20251006_101914_000T.wav,NA,C:\Users\Nancy\Desktop\Bat Files,C:\Users\Nancy\Desktop\AutoID\10 09 Output,3,50.706,98.617,49.285,1.391,424.91,2.655,0.53,NA,2025-10-06T10:19:14Z,LASBOR,2025-10-05
MCI,2025-10-06T10:19:56Z,2025-10-06,05:19:56,5,EPTFUS,0.833,29.945,107.71,0,0.228608,LASNOC,NA,NA,NA,6,6,3.444,1,0,47.397,29.757,9,24A04F085FDF0C84,Schmeeckle 2025 Master.csv,MCI\10 09\20251006,24A04F085FDF0C84_20251006_101956T.WAV,24A04F085FDF0C84_20251006_101956_000T.wav,NA,C:\Users\Nancy\Desktop\Bat Files,C:\Users\Nancy\Desktop\AutoID\10 09 Output,5,35.15,98.872,33.304,2.107,535.34,3.399,1.28,NA,2025-10-06T10:19:56Z,EPTFUS,2025-10-05
MCI,2025-10-06T10:20:24Z,2025-10-06,05:20:24,5,LASCIN,1,23.416,14.6,0,0.339089,LASNOC,EPTFUS,NA,NA,2,2,3.748,1,0,23.823,23.168,9,24A04F085FDF0C84,Schmeeckle 2025 Master.csv,MCI\10 09\20251006,24A04F085FDF0C84_20251006_102024T.WAV,24A04F085FDF0C84_20251006_102024_000T.wav,NA,C:\Users\Nancy\Desktop\Bat Files,C:\Users\Nancy\Desktop\AutoID\10 09 Output,2,23.541,130.64,23.657,0.251,1.66,1.281,0.41,NA,2025-10-06T10:20:24Z,LASCIN,2025-10-05
MCI,2025-10-06T10:20:38Z,2025-10-06,05:20:38,5,EPTFUS,0.5,29.679,53.47,0,0.283979,LASNOC,NA,NA,NA,6,6,3.766,1,0,44.436,29.518,9,24A04F085FDF0C84,Schmeeckle 2025 Master.csv,MCI\10 09\20251006,24A04F085FDF0C84_20251006_102038T.WAV,24A04F085FDF0C84_20251006_102038_000T.wav,NA,C:\Users\Nancy\Desktop\Bat Files,C:\Users\Nancy\Desktop\AutoID\10 09 Output,3,33.645,142.308,30.612,2.851,444.57,3.697,1.94,NA,2025-10-06T10:20:38Z,EPTFUS,2025-10-05
MCI,2025-10-06T10:20:52Z,2025-10-06,05:20:52,5,LASNOC,0.286,27.86,101.21,0,0.357721,EPTFUS,LASCIN,NA,NA,14,14,3.395,1,0,40.309,26.614,9,24A04F085FDF0C84,Schmeeckle 2025 Master.csv,MCI\10 09\20251006,24A04F085FDF0C84_20251006_102052T.WAV,24A04F085FDF0C84_20251006_102052_000T.wav,NA,C:\Users\Nancy\Desktop\Bat Files,C:\Users\Nancy\Desktop\AutoID\10 09 Output,4,30.962,105.973,30.524,1.616,368.71,3.021,2.41,NA,2025-10-06T10:20:52Z,LASNOC,2025-10-05
MCI,2025-10-06T10:22:16Z,2025-10-06,05:22:16,5,LASNOC,1,28.09,196.84,0,0.059656,EPTFUS,NA,NA,NA,2,2,2.847,1,0,51.158,28.09,9,24A04F085FDF0C84,Schmeeckle 2025 Master.csv,MCI\10 09\20251006,24A04F085FDF0C84_20251006_102216T.WAV,24A04F085FDF0C84_20251006_102216_000T.wav,NA,C:\Users\Nancy\Desktop\Bat Files,C:\Users\Nancy\Desktop\AutoID\10 09 Output,2,35.901,46.1,32.198,1.827,489.63,2.847,0.67,NA,2025-10-06T10:22:16Z,LASNOC,2025-10-05
MCI,2025-10-06T10:22:30Z,2025-10-06,05:22:30,5,LASNOC,0.348,27.881,44.52,0,0.136544,LASCIN,EPTFUS,NA,NA,46,46,3.934,1,0,35.839,26.49,9,24A04F085FDF0C84,Schmeeckle 2025 Master.csv,MCI\10 09\20251006,24A04F085FDF0C84_20251006_102230T.WAV,24A04F085FDF0C84_20251006_102230_000T.wav,NA,C:\Users\Nancy\Desktop\Bat Files,C:\Users\Nancy\Desktop\AutoID\10 09 Output,16,29.993,172.066,28.843,1.918,196.52,3.131,8.89,NA,2025-10-06T10:22:30Z,LASNOC,2025-10-05
MCI,2025-10-06T10:24:36Z,2025-10-06,05:24:36,5,LASNOC,0.5,26.371,16.55,0,0.287284,LASCIN,EPTFUS,NA,NA,2,2,3.324,1,0,28.059,26.33,9,24A04F085FDF0C84,Schmeeckle 2025 Master.csv,MCI\10 09\20251006,24A04F085FDF0C84_20251006_102436T.WAV,24A04F085FDF0C84_20251006_102436_000T.wav,NA,C:\Users\Nancy\Desktop\Bat Files,C:\Users\Nancy\Desktop\AutoID\10 09 Output,1,26.908,197.974,26.991,1.292,112.13,3.324,0.61,NA,2025-10-06T10:24:36Z,LASNOC,2025-10-05
MCI,2025-10-06T10:26:56Z,2025-10-06,05:26:56,5,LASNOC,0.833,30.717,98.39,0,0.38196,EPTFUS,NA,NA,NA,6,6,3.994,1,0,50.679,30.217,9,24A04F085FDF0C84,Schmeeckle 2025 Master.csv,MCI\10 09\20251006,24A04F085FDF0C84_20251006_102656T.WAV,24A04F085FDF0C84_20251006_102656_000T.wav,NA,C:\Users\Nancy\Desktop\Bat Files,C:\Users\Nancy\Desktop\AutoID\10 09 Output,5,36.271,134.125,33.399,2.529,541.02,3.821,1.15,NA,2025-10-06T10:26:56Z,LASNOC,2025-10-05
MCI,2025-10-06T10:33:56Z,2025-10-06,05:33:56,5,LASNOC,1,28.306,121.26,0,0.561629,EPTFUS,NA,NA,NA,4,4,3.081,1,0,42.487,27.84,9,24A04F085FDF0C84,Schmeeckle 2025 Master.csv,MCI\10 09\20251006,24A04F085FDF0C84_20251006_103356T.WAV,24A04F085FDF0C84_20251006_103356_000T.wav,NA,C:\Users\Nancy\Desktop\Bat Files,C:\Users\Nancy\Desktop\AutoID\10 09 Output,4,32.371,93.703,31.204,1.704,528.58,2.863,0.92,NA,2025-10-06T10:33:56Z,LASNOC,2025-10-05
MCI,2025-10-06T10:34:10Z,2025-10-06,05:34:10,5,LASCIN,1,24.754,11.91,0,0.231742,EPTFUS,LASNOC,NA,NA,2,2,5.184,1,0,26.547,23.787,9,24A04F085FDF0C84,Schmeeckle 2025 Master.csv,MCI\10 09\20251006,24A04F085FDF0C84_20251006_103410T.WAV,24A04F085FDF0C84_20251006_103410_000T.wav,NA,C:\Users\Nancy\Desktop\Bat Files,C:\Users\Nancy\Desktop\AutoID\10 09 Output,2,24.958,538.343,25.443,1.654,76.2,3.441,0.53,NA,2025-10-06T10:34:10Z,LASCIN,2025-10-05
MCI,2025-10-06T10:36:02Z,2025-10-06,05:36:02,5,LASNOC,0.333,28.134,97.52,0,0.275212,EPTFUS,NA,NA,NA,3,3,2.667,1,0,40.199,26.971,9,24A04F085FDF0C84,Schmeeckle 2025 Master.csv,MCI\10 09\20251006,24A04F085FDF0C84_20251006_103602T.WAV,24A04F085FDF0C84_20251006_103602_000T.wav,NA,C:\Users\Nancy\Desktop\Bat Files,C:\Users\Nancy\Desktop\AutoID\10 09 Output,1,30.934,923.015,29.479,1.668,442.53,2.275,0.85,NA,2025-10-06T10:36:02Z,LASNOC,2025-10-05
MCI,2025-10-06T10:46:18Z,2025-10-06,05:46:18,5,LASNOC,0.818,27.621,126.16,0,0.338318,LASCIN,EPTFUS,NA,NA,22,22,2.945,1,0,43.435,26.897,9,24A04F085FDF0C84,Schmeeckle 2025 Master.csv,MCI\10 09\20251006,24A04F085FDF0C84_20251006_104618T.WAV,24A04F085FDF0C84_20251006_104618_000T.wav,NA,C:\Users\Nancy\Desktop\Bat Files,C:\Users\Nancy\Desktop\AutoID\10 09 Output,18,32.048,283.979,30.089,1.781,518.4,2.692,4.65,NA,2025-10-06T10:46:18Z,LASNOC,2025-10-05
MCI,2025-10-06T10:47:00Z,2025-10-06,05:47:00,5,LASNOC,1,27.851,137.17,0,0.312966,EPTFUS,LASCIN,NA,NA,4,4,2.898,1,0,45.118,27.697,9,24A04F085FDF0C84,Schmeeckle 2025 Master.csv,MCI\10 09\20251006,24A04F085FDF0C84_20251006_104700T.WAV,24A04F085FDF0C84_20251006_104700_000T.wav,NA,C:\Users\Nancy\Desktop\Bat Files,C:\Users\Nancy\Desktop\AutoID\10 09 Output,4,32.895,374.39,30.041,2.098,565.67,2.861,1.01,NA,2025-10-06T10:47:00Z,LASNOC,2025-10-05
MCI,2025-10-06T10:49:06Z,2025-10-06,05:49:06,5,LASNOC,0.286,27.828,52.24,0,0.378236,LASCIN,EPTFUS,NA,NA,7,7,3.442,1,0,38.71,26.972,9,24A04F085FDF0C84,Schmeeckle 2025 Master.csv,MCI\10 09\20251006,24A04F085FDF0C84_20251006_104906T.WAV,24A04F085FDF0C84_20251006_104906_000T.wav,NA,C:\Users\Nancy\Desktop\Bat Files,C:\Users\Nancy\Desktop\AutoID\10 09 Output,2,30.474,117.812,28.868,2.305,352.86,3.063,1.8,NA,2025-10-06T10:49:06Z,LASNOC,2025-10-05
MCI,2025-10-06T11:02:10Z,2025-10-06,06:02:10,6,LASNOC,0.8,27.185,120.77,0,0.416029,LASCIN,EPTFUS,NA,NA,5,5,2.633,1,0,41.312,27.051,9,24A04F085FDF0C84,Schmeeckle 2025 Master.csv,MCI\10 09\20251006,24A04F085FDF0C84_20251006_110210T.WAV,24A04F085FDF0C84_20251006_110210_000T.wav,NA,C:\Users\Nancy\Desktop\Bat Files,C:\Users\Nancy\Desktop\AutoID\10 09 Output,4,31.355,209.416,29.354,1.716,545.79,2.574,1.52,NA,2025-10-06T11:02:10Z,LASNOC,2025-10-05
MCI,2025-10-06T23:59:44Z,2025-10-06,18:59:44,18,LASNOC,1,25.119,11.57,0,0.34685,LASCIN,EPTFUS,NA,NA,2,2,5.342,1,0,25.56,24.769,9,24A04F085FDF0C84,Schmeeckle 2025 Master.csv,MCI\10 09\20251006,24A04F085FDF0C84_20251006_235944T.WAV,24A04F085FDF0C84_20251006_235944_000T.wav,NA,C:\Users\Nancy\Desktop\Bat Files,C:\Users\Nancy\Desktop\AutoID\10 09 Output,2,25.076,729.418,25.28,2.391,-6.82,3.503,0.79,NA,2025-10-06T23:59:44Z,LASNOC,2025-10-06
MCI,2025-10-07T00:02:18Z,2025-10-06,19:02:18,19,LASNOC,1,26.879,8.36,0,0.460876,LASCIN,EPTFUS,NA,NA,3,3,3.61,1,0,28.803,26.557,9,24A04F085FDF0C84,Schmeeckle 2025 Master.csv,MCI\10 09\20251007,24A04F085FDF0C84_20251007_000218T.WAV,24A04F085FDF0C84_20251007_000218_000T.wav,NA,C:\Users\Nancy\Desktop\Bat Files,C:\Users\Nancy\Desktop\AutoID\10 09 Output,3,27.201,317.968,27.256,1.236,127.48,3.059,0.91,NA,2025-10-07T00:02:18Z,LASNOC,2025-10-06
MCI,2025-10-07T00:14:40Z,2025-10-06,19:14:40,19,MYOLUC,1,48.563,129.14,0,0.493821,MYOSEP,NA,NA,NA,4,4,2.759,1,0,90.575,48.428,9,24A04F085FDF0C84,Schmeeckle 2025 Master.csv,MCI\10 09\20251007,24A04F085FDF0C84_20251007_001440T.WAV,24A04F085FDF0C84_20251007_001440_000T.wav,NA,C:\Users\Nancy\Desktop\Bat Files,C:\Users\Nancy\Desktop\AutoID\10 09 Output,4,61.534,73.548,52.457,2.018,552.2,2.737,1.16,NA,2025-10-07T00:14:40Z,MYOLUC,2025-10-06
MCI,2025-10-07T00:43:08Z,2025-10-06,19:43:08,19,LASCIN,1,23.194,12.44,0,0.355943,EPTFUS,NA,NA,NA,3,3,4.313,1,0,24.148,23.013,9,24A04F085FDF0C84,Schmeeckle 2025 Master.csv,MCI\10 09\20251007,24A04F085FDF0C84_20251007_004308T.WAV,24A04F085FDF0C84_20251007_004308_000T.wav,NA,C:\Users\Nancy\Desktop\Bat Files,C:\Users\Nancy\Desktop\AutoID\10 09 Output,3,23.5,458.215,23.675,1.798,17.54,4.024,1.23,NA,2025-10-07T00:43:08Z,LASCIN,2025-10-06
MCI,2025-10-07T01:55:28Z,2025-10-06,20:55:28,20,EPTFUS,0.667,29.453,59.42,0,0.2579,LASNOC,NA,NA,NA,3,3,2.394,1,0,35.359,29.03,9,24A04F085FDF0C84,Schmeeckle 2025 Master.csv,MCI\10 09\20251007,24A04F085FDF0C84_20251007_015528T.WAV,24A04F085FDF0C84_20251007_015528_000T.wav,NA,C:\Users\Nancy\Desktop\Bat Files,C:\Users\Nancy\Desktop\AutoID\10 09 Output,2,31.195,155.736,30.494,1.407,225.37,2.074,1.25,NA,2025-10-07T01:55:28Z,EPTFUS,2025-10-06
MCI,2025-10-07T02:56:36Z,2025-10-06,21:56:36,21,EPTFUS,1,26.85,25.57,0,0.386701,LASNOC,LASCIN,NA,NA,2,2,3.425,1,0,31.698,26.717,9,24A04F085FDF0C84,Schmeeckle 2025 Master.csv,MCI\10 09\20251007,24A04F085FDF0C84_20251007_025636T.WAV,24A04F085FDF0C84_20251007_025636_000T.wav,NA,C:\Users\Nancy\Desktop\Bat Files,C:\Users\Nancy\Desktop\AutoID\10 09 Output,2,28.403,379.802,27.308,2.311,179.2,3.274,0.69,NA,2025-10-07T02:56:36Z,EPTFUS,2025-10-06
MCI,2025-10-07T03:15:02Z,2025-10-06,22:15:02,22,LASNOC,0.444,28.032,51.38,0,0.385141,EPTFUS,LASCIN,NA,NA,9,9,3.426,1,0,38.846,27.658,9,24A04F085FDF0C84,Schmeeckle 2025 Master.csv,MCI\10 09\20251007,24A04F085FDF0C84_20251007_031502T.WAV,24A04F085FDF0C84_20251007_031502_000T.wav,NA,C:\Users\Nancy\Desktop\Bat Files,C:\Users\Nancy\Desktop\AutoID\10 09 Output,4,30.872,389.75,29.245,2.217,372.45,3.28,2.13,NA,2025-10-07T03:15:02Z,LASNOC,2025-10-06
MCI,2025-10-07T03:16:54Z,2025-10-06,22:16:54,22,LASNOC,0.333,29.103,51.67,0,0.330076,EPTFUS,NA,NA,NA,3,3,2.779,1,0,34.662,28.495,9,24A04F085FDF0C84,Schmeeckle 2025 Master.csv,MCI\10 09\20251007,24A04F085FDF0C84_20251007_031654T.WAV,24A04F085FDF0C84_20251007_031654_000T.wav,NA,C:\Users\Nancy\Desktop\Bat Files,C:\Users\Nancy\Desktop\AutoID\10 09 Output,1,30.345,175.443,30.462,1.09,278.75,2.4,0.81,NA,2025-10-07T03:16:54Z,LASNOC,2025-10-06
MCI,2025-10-07T03:17:08Z,2025-10-06,22:17:08,22,LASNOC,0.833,29.22,200.73,0,0.058817,EPTFUS,LASCIN,NA,NA,6,6,2.296,1,0,44.281,28.345,9,24A04F085FDF0C84,Schmeeckle 2025 Master.csv,MCI\10 09\20251007,24A04F085FDF0C84_20251007_031708T.WAV,24A04F085FDF0C84_20251007_031708_000T.wav,NA,C:\Users\Nancy\Desktop\Bat Files,C:\Users\Nancy\Desktop\AutoID\10 09 Output,5,33.901,168.908,34.251,1.107,507.08,2.084,1.94,NA,2025-10-07T03:17:08Z,LASNOC,2025-10-06
MCI,2025-10-07T03:37:54Z,2025-10-06,22:37:54,22,LASNOC,0.833,28.765,67.27,0,0.204766,EPTFUS,LASCIN,NA,NA,12,12,3.07,1,0,40.172,27.849,9,24A04F085FDF0C84,Schmeeckle 2025 Master.csv,MCI\10 09\20251007,24A04F085FDF0C84_20251007_033754T.WAV,24A04F085FDF0C84_20251007_033754_000T.wav,NA,C:\Users\Nancy\Desktop\Bat Files,C:\Users\Nancy\Desktop\AutoID\10 09 Output,10,31.955,163.837,30.123,2.031,392.19,2.738,2.56,NA,2025-10-07T03:37:54Z,LASNOC,2025-10-06
MCI,2025-10-07T03:48:10Z,2025-10-06,22:48:10,22,LASNOC,0.833,29.65,47.68,0,0.250036,EPTFUS,NA,NA,NA,6,6,2.423,1,0,39.214,28.93,9,24A04F085FDF0C84,Schmeeckle 2025 Master.csv,MCI\10 09\20251007,24A04F085FDF0C84_20251007_034810T.WAV,24A04F085FDF0C84_20251007_034810_000T.wav,NA,C:\Users\Nancy\Desktop\Bat Files,C:\Users\Nancy\Desktop\AutoID\10 09 Output,5,32.166,386.864,30.243,1.699,387.59,2.145,1.43,NA,2025-10-07T03:48:10Z,LASNOC,2025-10-06
MCI,2025-10-07T03:48:38Z,2025-10-06,22:48:38,22,LASNOC,0.667,28.754,75.69,0,0.40968,EPTFUS,NA,NA,NA,3,3,2.858,1,0,39.601,28.754,9,24A04F085FDF0C84,Schmeeckle 2025 Master.csv,MCI\10 09\20251007,24A04F085FDF0C84_20251007_034838T.WAV,24A04F085FDF0C84_20251007_034838_000T.wav,NA,C:\Users\Nancy\Desktop\Bat Files,C:\Users\Nancy\Desktop\AutoID\10 09 Output,2,31.792,159.635,30.427,1.761,413.13,2.858,0.64,NA,2025-10-07T03:48:38Z,LASNOC,2025-10-06
MCI,2025-10-07T08:27:14Z,2025-10-07,03:27:14,3,LASNOC,0.5,27.355,26.06,0,0.324831,EPTFUS,LASCIN,NA,NA,2,2,3.903,1,0,29.413,27.13,9,24A04F085FDF0C84,Schmeeckle 2025 Master.csv,MCI\10 09\20251007,24A04F085FDF0C84_20251007_082714T.WAV,24A04F085FDF0C84_20251007_082714_000T.wav,NA,C:\Users\Nancy\Desktop\Bat Files,C:\Users\Nancy\Desktop\AutoID\10 09 Output,1,27.83,1998.791,27.931,1.7,130.66,2.936,0.67,NA,2025-10-07T08:27:14Z,LASNOC,2025-10-06
MCO,2025-10-10T01:15:48Z,2025-10-09,20:15:48,20,LASCIN,1,25.619,19.15,0,0.258871,EPTFUS,LASNOC,NA,NA,5,5,7.294,1,0,33.111,25.265,9,248D9B025FDF0B90,Schmeeckle 2025 Master.csv,MCO\10 14\20251010,248D9B025FDF0B90_20251010_011548T.WAV,248D9B025FDF0B90_20251010_011548_000T.wav,NA,C:\Users\Nancy\Desktop\Bat Files,C:\Users\Nancy\Desktop\AutoID\10 14 Output,5,27.246,301.86,26.415,4.33,202.58,6.619,0.65,NA,2025-10-10T01:15:48Z,LASCIN,2025-10-09
MCO,2025-10-10T04:18:16Z,2025-10-09,23:18:16,23,LASBOR,0.571,43.775,29.44,0,0.173517,MYOLUC,PERSUB,NA,NA,7,7,4.398,1,0,48.986,43.718,9,248D9B025FDF0B90,Schmeeckle 2025 Master.csv,MCO\10 14\20251010,248D9B025FDF0B90_20251010_041816T.WAV,248D9B025FDF0B90_20251010_041816_000T.wav,NA,C:\Users\Nancy\Desktop\Bat Files,C:\Users\Nancy\Desktop\AutoID\10 14 Output,4,45.666,522.945,46.47,1.264,132.59,4.317,1.38,NA,2025-10-10T04:18:16Z,LASBOR,2025-10-09
MCO,2025-10-10T23:50:10Z,2025-10-10,18:50:10,18,LASCIN,1,24.53,13.14,0,0.318862,LASNOC,EPTFUS,NA,NA,5,5,5.56,1,0,25.645,23.4,9,248D9B025FDF0B90,Schmeeckle 2025 Master.csv,MCO\10 14\20251010,248D9B025FDF0B90_20251010_235010T.WAV,248D9B025FDF0B90_20251010_235010_000T.wav,NA,C:\Users\Nancy\Desktop\Bat Files,C:\Users\Nancy\Desktop\AutoID\10 14 Output,5,24.482,381.387,24.796,2.047,29.3,2.932,1.13,NA,2025-10-10T23:50:10Z,LASCIN,2025-10-10
MCO,2025-10-10T23:50:24Z,2025-10-10,18:50:24,18,LASCIN,0.917,23.488,13.47,0,0.303263,LASNOC,EPTFUS,NA,NA,12,12,10.007,1,0,25.181,22.047,9,248D9B025FDF0B90,Schmeeckle 2025 Master.csv,MCO\10 14\20251010,248D9B025FDF0B90_20251010_235024T.WAV,248D9B025FDF0B90_20251010_235024_000T.wav,NA,C:\Users\Nancy\Desktop\Bat Files,C:\Users\Nancy\Desktop\AutoID\10 14 Output,11,23.576,740.183,24.546,1.513,44.24,5.617,2.81,NA,2025-10-10T23:50:24Z,LASCIN,2025-10-10
MCO,2025-10-11T00:34:16Z,2025-10-10,19:34:16,19,LASCIN,0.536,25.056,28.57,0,0.143266,EPTFUS,LASNOC,NA,NA,28,28,6.152,1,0,31.023,24.826,9,248D9B025FDF0B90,Schmeeckle 2025 Master.csv,MCO\10 14\20251011,248D9B025FDF0B90_20251011_003416T.WAV,248D9B025FDF0B90_20251011_003416_000T.wav,NA,C:\Users\Nancy\Desktop\Bat Files,C:\Users\Nancy\Desktop\AutoID\10 14 Output,15,26.969,197.104,26.108,3.47,123.86,5.617,4.92,NA,2025-10-11T00:34:16Z,LASCIN,2025-10-10
MCO,2025-10-11T00:49:54Z,2025-10-10,19:49:54,19,LASNOC,0.864,25.768,9.57,0,0.38323,LASCIN,EPTFUS,NA,NA,22,22,8.915,1,0,27.769,25.252,9,248D9B025FDF0B90,Schmeeckle 2025 Master.csv,MCO\10 14\20251011,248D9B025FDF0B90_20251011_004954T.WAV,248D9B025FDF0B90_20251011_004954_000T.wav,NA,C:\Users\Nancy\Desktop\Bat Files,C:\Users\Nancy\Desktop\AutoID\10 14 Output,19,25.963,406.59,26.57,3.122,46.1,7.26,2.87,NA,2025-10-11T00:49:54Z,LASNOC,2025-10-10
MCO,2025-10-11T00:50:08Z,2025-10-10,19:50:08,19,LASCIN,1,23.884,8.26,0,0.363901,EPTFUS,LASNOC,NA,NA,3,3,4.895,1,0,25.589,23.695,9,248D9B025FDF0B90,Schmeeckle 2025 Master.csv,MCO\10 14\20251011,248D9B025FDF0B90_20251011_005008T.WAV,248D9B025FDF0B90_20251011_005008_000T.wav,NA,C:\Users\Nancy\Desktop\Bat Files,C:\Users\Nancy\Desktop\AutoID\10 14 Output,3,24.509,837.105,24.548,2.352,23.95,4.559,0.54,NA,2025-10-11T00:50:08Z,LASCIN,2025-10-10
MCO,2025-10-11T00:53:10Z,2025-10-10,19:53:10,19,LASCIN,1,23.376,19.34,0,0.343675,LASNOC,EPTFUS,NA,NA,3,3,3.418,1,0,24.281,22.536,9,248D9B025FDF0B90,Schmeeckle 2025 Master.csv,MCO\10 14\20251011,248D9B025FDF0B90_20251011_005310T.WAV,248D9B025FDF0B90_20251011_005310_000T.wav,NA,C:\Users\Nancy\Desktop\Bat Files,C:\Users\Nancy\Desktop\AutoID\10 14 Output,3,23.331,648.178,23.858,0.769,12.77,1.903,0.87,NA,2025-10-11T00:53:10Z,LASCIN,2025-10-10
MCO,2025-10-11T00:58:32Z,2025-10-10,19:58:32,19,EPTFUS,1,28.482,30.4,0,0.428096,LASNOC,LASCIN,NA,NA,2,2,7.711,1,0,35.165,28.482,9,248D9B025FDF0B90,Schmeeckle 2025 Master.csv,MCO\10 14\20251011,248D9B025FDF0B90_20251011_005832T.WAV,248D9B025FDF0B90_20251011_005832_000T.wav,NA,C:\Users\Nancy\Desktop\Bat Files,C:\Users\Nancy\Desktop\AutoID\10 14 Output,2,30.89,506.711,30.366,4.368,108.87,7.431,0.4,NA,2025-10-11T00:58:32Z,EPTFUS,2025-10-10
MCO,2025-10-11T00:58:46Z,2025-10-10,19:58:46,19,EPTFUS,0.424,25.367,22.34,0,0.258891,LASNOC,LASCIN,NA,NA,33,33,7.172,1,0,33.699,25.112,9,248D9B025FDF0B90,Schmeeckle 2025 Master.csv,MCO\10 14\20251011,248D9B025FDF0B90_20251011_005846T.WAV,248D9B025FDF0B90_20251011_005846_000T.wav,NA,C:\Users\Nancy\Desktop\Bat Files,C:\Users\Nancy\Desktop\AutoID\10 14 Output,14,27.558,208.408,26.228,4.663,159.86,6.678,8.17,NA,2025-10-11T00:58:46Z,EPTFUS,2025-10-10
MCO,2025-10-11T01:01:48Z,2025-10-10,20:01:48,20,LASCIN,1,22.841,13.76,0,0.328653,LASNOC,EPTFUS,NA,NA,10,10,7.311,1,0,25.492,22.647,9,248D9B025FDF0B90,Schmeeckle 2025 Master.csv,MCO\10 14\20251011,248D9B025FDF0B90_20251011_010148T.WAV,248D9B025FDF0B90_20251011_010148_000T.wav,NA,C:\Users\Nancy\Desktop\Bat Files,C:\Users\Nancy\Desktop\AutoID\10 14 Output,10,23.614,586.13,23.42,4.163,66.07,6.696,3.31,NA,2025-10-11T01:01:48Z,LASCIN,2025-10-10
MCO,2025-10-11T01:13:42Z,2025-10-10,20:13:42,20,LASCIN,1,24.051,9.25,0,0.358944,LASNOC,EPTFUS,NA,NA,8,8,5.471,1,0,26.007,23.622,9,248D9B025FDF0B90,Schmeeckle 2025 Master.csv,MCO\10 14\20251011,248D9B025FDF0B90_20251011_011342T.WAV,248D9B025FDF0B90_20251011_011342_000T.wav,NA,C:\Users\Nancy\Desktop\Bat Files,C:\Users\Nancy\Desktop\AutoID\10 14 Output,8,24.599,458.602,24.544,2.606,39.51,4.591,2.31,NA,2025-10-11T01:13:42Z,LASCIN,2025-10-10
MCO,2025-10-11T01:16:02Z,2025-10-10,20:16:02,20,LASCIN,1,23.914,19.04,0,0.363871,LASNOC,EPTFUS,NA,NA,6,6,3.962,1,0,25.374,23.678,9,248D9B025FDF0B90,Schmeeckle 2025 Master.csv,MCO\10 14\20251011,248D9B025FDF0B90_20251011_011602T.WAV,248D9B025FDF0B90_20251011_011602_000T.wav,NA,C:\Users\Nancy\Desktop\Bat Files,C:\Users\Nancy\Desktop\AutoID\10 14 Output,6,24.425,663.885,24.355,2.184,39.64,3.579,1.3,NA,2025-10-11T01:16:02Z,LASCIN,2025-10-10
MCO,2025-10-11T01:29:06Z,2025-10-10,20:29:06,20,LASCIN,1,22.653,11.98,0,0.29945,LASNOC,EPTFUS,NA,NA,25,25,9.637,1,0,25.987,22.227,9,248D9B025FDF0B90,Schmeeckle 2025 Master.csv,MCO\10 14\20251011,248D9B025FDF0B90_20251011_012906T.WAV,248D9B025FDF0B90_20251011_012906_000T.wav,NA,C:\Users\Nancy\Desktop\Bat Files,C:\Users\Nancy\Desktop\AutoID\10 14 Output,25,23.573,332.334,23.212,5.34,55.78,8.042,3.28,NA,2025-10-11T01:29:06Z,LASCIN,2025-10-10
MCO,2025-10-11T01:29:20Z,2025-10-10,20:29:20,20,LASCIN,1,22.494,11.79,0,0.353905,EPTFUS,NA,NA,NA,5,5,7.885,1,0,24.195,22.02,9,248D9B025FDF0B90,Schmeeckle 2025 Master.csv,MCO\10 14\20251011,248D9B025FDF0B90_20251011_012920T.WAV,248D9B025FDF0B90_20251011_012920_000T.wav,NA,C:\Users\Nancy\Desktop\Bat Files,C:\Users\Nancy\Desktop\AutoID\10 14 Output,5,22.929,520.277,23.017,3.33,17.3,6.247,1.78,NA,2025-10-11T01:29:20Z,LASCIN,2025-10-10
MCO,2025-10-11T03:12:00Z,2025-10-10,22:12:00,22,LASNOC,0.5,25.049,12.4,0,0.236504,LASCIN,EPTFUS,NA,NA,2,2,4.755,1,0,25.937,24.887,9,248D9B025FDF0B90,Schmeeckle 2025 Master.csv,MCO\10 14\20251011,248D9B025FDF0B90_20251011_031200T.WAV,248D9B025FDF0B90_20251011_031200_000T.wav,NA,C:\Users\Nancy\Desktop\Bat Files,C:\Users\Nancy\Desktop\AutoID\10 14 Output,1,25.28,316.177,25.57,1.187,13.9,3.729,0.58,NA,2025-10-11T03:12:00Z,LASNOC,2025-10-10
MCO,2025-10-11T03:13:10Z,2025-10-10,22:13:10,22,LASNOC,0.5,25.476,14.6,0,0.32094,LASCIN,EPTFUS,NA,NA,6,6,8.959,1,0,28.725,25.331,9,248D9B025FDF0B90,Schmeeckle 2025 Master.csv,MCO\10 14\20251011,248D9B025FDF0B90_20251011_031310T.WAV,248D9B025FDF0B90_20251011_031310_000T.wav,NA,C:\Users\Nancy\Desktop\Bat Files,C:\Users\Nancy\Desktop\AutoID\10 14 Output,3,26.38,370.221,26.337,3.804,54.47,8.238,0.96,NA,2025-10-11T03:13:10Z,LASNOC,2025-10-10
MCO,2025-10-11T08:56:24Z,2025-10-11,03:56:24,3,LASNOC,0.529,25.354,9.74,0,0.301745,LASCIN,EPTFUS,NA,NA,17,17,8.57,1,0,28.429,25.101,9,248D9B025FDF0B90,Schmeeckle 2025 Master.csv,MCO\10 14\20251011,248D9B025FDF0B90_20251011_085624T.WAV,248D9B025FDF0B90_20251011_085624_000T.wav,NA,C:\Users\Nancy\Desktop\Bat Files,C:\Users\Nancy\Desktop\AutoID\10 14 Output,9,26.245,391.35,26.015,4.442,95.16,7.942,3.93,NA,2025-10-11T08:56:24Z,LASNOC,2025-10-10
MCO,2025-10-11T12:16:22Z,2025-10-11,07:16:22,7,LASCIN,1,21.048,24.16,0,0.371236,EPTFUS,NA,NA,NA,2,2,2.876,1,0,22.076,20.722,9,248D9B025FDF0B90,Schmeeckle 2025 Master.csv,MCO\10 14\20251011,248D9B025FDF0B90_20251011_121622T.WAV,248D9B025FDF0B90_20251011_121622_000T.wav,NA,C:\Users\Nancy\Desktop\Bat Files,C:\Users\Nancy\Desktop\AutoID\10 14 Output,2,21.244,1185.962,21.32,0.711,96.78,1.739,1.07,NA,2025-10-11T12:16:22Z,LASCIN,2025-10-10
SME,2025-10-11T02:23:56Z,2025-10-10,21:23:56,21,EPTFUS,0.333,27.516,48.77,0,0.278558,LASNOC,LASCIN,NA,NA,9,9,3.782,1,0,33.197,27.252,9,247AA5015FDF19F3,Schmeeckle 2025 Master.csv,SME\10 12\20251011,247AA5015FDF19F3_20251011_022356T.WAV,247AA5015FDF19F3_20251011_022356_000T.wav,NA,C:\Users\Nancy\Desktop\Bat Files,C:\Users\Nancy\Desktop\AutoID\10 14 Output,3,29.35,412.986,28.889,2.187,177.54,3.489,2.31,NA,2025-10-11T02:23:56Z,EPTFUS,2025-10-10
SME,2025-10-11T03:15:30Z,2025-10-10,22:15:30,22,LASNOC,0.5,27.448,23.69,0,0.298368,EPTFUS,LASCIN,NA,NA,2,2,3.777,1,0,30.461,26.989,9,247AA5015FDF19F3,Schmeeckle 2025 Master.csv,SME\10 12\20251011,247AA5015FDF19F3_20251011_031530T.WAV,247AA5015FDF19F3_20251011_031530_000T.wav,NA,C:\Users\Nancy\Desktop\Bat Files,C:\Users\Nancy\Desktop\AutoID\10 14 Output,1,28.087,342.674,28.175,1.458,194.13,3.263,0.86,NA,2025-10-11T03:15:30Z,LASNOC,2025-10-10
SMI,2025-10-11T00:52:42Z,2025-10-10,19:52:42,19,LASCIN,1,15.399,-1.73,0,0.402165,NA,NA,NA,NA,2,2,15.16,1,0,16.379,14.807,9,247475035FDF1A0D,Schmeeckle 2025 Master.csv,SMI\10 12\20251011,247475035FDF1A0D_20251011_005242T.WAV,247475035FDF1A0D_20251011_005242_000T.wav,NA,C:\Users\Nancy\Desktop\Bat Files,C:\Users\Nancy\Desktop\AutoID\10 14 Output,2,15.649,386.894,15.331,4.016,-72.26,5.568,0.6,NA,2025-10-11T00:52:42Z,LASCIN,2025-10-10
SMI,2025-10-11T01:19:46Z,2025-10-10,20:19:46,20,EPTFUS,0.5,28.93,40.18,0,0.299936,LASNOC,LASCIN,NA,NA,4,4,3.429,1,0,34.225,27.603,9,247475035FDF1A0D,Schmeeckle 2025 Master.csv,SMI\10 12\20251011,247475035FDF1A0D_20251011_011946T.WAV,247475035FDF1A0D_20251011_011946_000T.wav,NA,C:\Users\Nancy\Desktop\Bat Files,C:\Users\Nancy\Desktop\AutoID\10 14 Output,2,30.088,2578.535,29.574,1.947,214.95,2.878,1.45,NA,2025-10-11T01:19:46Z,EPTFUS,2025-10-10
SMI,2025-10-11T01:25:22Z,2025-10-10,20:25:22,20,LASCIN,1,24.386,16.01,0,0.318862,LASNOC,EPTFUS,NA,NA,5,5,6.292,1,0,25.866,23.447,9,247475035FDF1A0D,Schmeeckle 2025 Master.csv,SMI\10 12\20251011,247475035FDF1A0D_20251011_012522T.WAV,247475035FDF1A0D_20251011_012522_000T.wav,NA,C:\Users\Nancy\Desktop\Bat Files,C:\Users\Nancy\Desktop\AutoID\10 14 Output,5,24.581,1007.055,25.026,1.929,-27.04,4.007,1.25,NA,2025-10-11T01:25:22Z,LASCIN,2025-10-10
SMI,2025-10-11T02:09:28Z,2025-10-10,21:09:28,21,LASCIN,1,23.364,3.51,0,0.280066,EPTFUS,NA,NA,NA,2,2,5.264,1,0,24.392,22.861,9,247475035FDF1A0D,Schmeeckle 2025 Master.csv,SMI\10 12\20251011,247475035FDF1A0D_20251011_020928T.WAV,247475035FDF1A0D_20251011_020928_000T.wav,NA,C:\Users\Nancy\Desktop\Bat Files,C:\Users\Nancy\Desktop\AutoID\10 14 Output,2,23.557,376.347,23.536,2.6,23.24,3.706,0.62,NA,2025-10-11T02:09:28Z,LASCIN,2025-10-10
SMI,2025-10-11T02:56:36Z,2025-10-10,21:56:36,21,EPTFUS,0.667,26.853,46.46,0,0.252429,LASNOC,LASCIN,NA,NA,6,6,4.964,1,0,31.573,26.428,9,247475035FDF1A0D,Schmeeckle 2025 Master.csv,SMI\10 12\20251011,247475035FDF1A0D_20251011_025636T.WAV,247475035FDF1A0D_20251011_025636_000T.wav,NA,C:\Users\Nancy\Desktop\Bat Files,C:\Users\Nancy\Desktop\AutoID\10 14 Output,4,28.354,355.097,27.694,2.858,184.03,3.948,2.01,NA,2025-10-11T02:56:36Z,EPTFUS,2025-10-10
SMI,2025-10-11T03:26:28Z,2025-10-10,22:26:28,22,EPTFUS,0.333,25.433,25.46,0,0.254802,LASCIN,LASNOC,NA,NA,3,3,4.697,1,0,28.727,25.094,9,247475035FDF1A0D,Schmeeckle 2025 Master.csv,SMI\10 12\20251011,247475035FDF1A0D_20251011_032628T.WAV,247475035FDF1A0D_20251011_032628_000T.wav,NA,C:\Users\Nancy\Desktop\Bat Files,C:\Users\Nancy\Desktop\AutoID\10 14 Output,1,26.342,261.937,26.257,2.109,99.45,4.156,1.15,NA,2025-10-11T03:26:28Z,EPTFUS,2025-10-10
MCO,2025-10-18T00:05:34Z,2025-10-17,19:05:34,19,EPTFUS,0.806,28.272,29.01,0,0.305563,LASCIN,LASNOC,NA,NA,31,31,6.759,1,0,38.366,27.979,9,248D9B025FDF0B90,id.csv,20251018,248D9B025FDF0B90_20251018_000534T.WAV,248D9B025FDF0B90_20251018_000534_000T.wav,NA,D:\Ashlees Bat Call\P1 (10.19),D:\Schmeeckle analyzed 102725\Ashlees\P1,25,31.225,184.384,30.007,3.882,124.2,6.52,8.54,NA,2025-10-18T00:05:34Z,EPTFUS,2025-10-17
MCO,2025-10-18T03:08:44Z,2025-10-17,22:08:44,22,EPTFUS,0.767,25.073,22.24,0,0.238902,LASCIN,LASNOC,NA,NA,30,30,7.624,1,0,33.226,24.79,9,248D9B025FDF0B90,id.csv,20251018,248D9B025FDF0B90_20251018_030844T.WAV,248D9B025FDF0B90_20251018_030844_000T.wav,NA,D:\Ashlees Bat Call\P1 (10.19),D:\Schmeeckle analyzed 102725\Ashlees\P1,23,27.09,173.133,25.971,4.675,197.33,7.277,5.57,NA,2025-10-18T03:08:44Z,EPTFUS,2025-10-17
MCO,2025-10-18T00:15:08Z,2025-10-17,19:15:08,19,EPTFUS,0.8,27.665,16.52,0,0.275517,LASCIN,LASNOC,NA,NA,15,15,8.883,1,0,34.759,27.323,9,248D9B025FDF0B90,id.csv,20251018,248D9B025FDF0B90_20251018_001508T.WAV,248D9B025FDF0B90_20251018_001508_000T.wav,NA,D:\Ashlees Bat Call\P1 (10.19),D:\Schmeeckle analyzed 102725\Ashlees\P1,12,29.723,222.6,28.613,5.735,88.83,8.369,2.39,NA,2025-10-18T00:15:08Z,EPTFUS,2025-10-17
MCO,2025-10-17T23:59:31Z,2025-10-17,18:59:31,18,EPTFUS,0.714,25.614,29.79,0,0.276227,LASCIN,LASNOC,NA,NA,14,14,6.816,1,0,32.147,25.441,8,248D9B025FDF0B90,id.csv,20251017,248D9B025FDF0B90_20251017_235931T.WAV,248D9B025FDF0B90_20251017_235931_000T.wav,NA,D:\Ashlees Bat Call\P1 (10.19),D:\Schmeeckle analyzed 102725\Ashlees\P1,10,27.496,334.956,26.812,3.92,168.28,6.469,2.81,NA,2025-10-17T23:59:31Z,EPTFUS,2025-10-17
MCO,2025-10-17T23:51:48Z,2025-10-17,18:51:48,18,EPTFUS,0.727,29.424,24.68,0,0.296644,LASCIN,LASNOC,NA,NA,11,11,8.137,1,0,36.593,28.959,9,248D9B025FDF0B90,id.csv,20251017,248D9B025FDF0B90_20251017_235148T.WAV,248D9B025FDF0B90_20251017_235148_000T.wav,NA,D:\Ashlees Bat Call\P1 (10.19),D:\Schmeeckle analyzed 102725\Ashlees\P1,8,31.447,166.372,31.418,4.107,159.71,7.609,1.98,NA,2025-10-17T23:51:48Z,EPTFUS,2025-10-17
MCO,2025-10-19T01:05:46Z,2025-10-18,20:05:46,20,EPTFUS,0.667,25.142,18.55,0,0.246786,LASCIN,LASNOC,NA,NA,9,9,10.574,1,0,30.153,23.594,9,248D9B025FDF0B90,id.csv,20251019,248D9B025FDF0B90_20251019_010546T.WAV,248D9B025FDF0B90_20251019_010546_000T.wav,NA,D:\Ashlees Bat Call\P1 (10.19),D:\Schmeeckle analyzed 102725\Ashlees\P1,6,26.087,280.453,26.874,3.174,148.91,7.472,1.4,NA,2025-10-19T01:05:46Z,EPTFUS,2025-10-18
MCO,2025-10-19T01:13:28Z,2025-10-18,20:13:28,20,EPTFUS,0.455,26.482,32.35,0,0.319104,LASNOC,LASCIN,NA,NA,11,11,5.063,1,0,32.668,26.296,9,248D9B025FDF0B90,id.csv,20251019,248D9B025FDF0B90_20251019_011328T.WAV,248D9B025FDF0B90_20251019_011328_000T.wav,NA,D:\Ashlees Bat Call\P1 (10.19),D:\Schmeeckle analyzed 102725\Ashlees\P1,5,28.17,210.7,27.581,2.598,166.75,4.672,1.37,NA,2025-10-19T01:13:28Z,EPTFUS,2025-10-18
MCO,2025-10-18T01:08:06Z,2025-10-17,20:08:06,20,LASCIN,0.812,27.889,15.02,0,0.284314,LASNOC,EPTFUS,NA,NA,16,16,7.332,1,0,32.496,27.247,9,248D9B025FDF0B90,id.csv,20251018,248D9B025FDF0B90_20251018_010806T.WAV,248D9B025FDF0B90_20251018_010806_000T.wav,NA,D:\Ashlees Bat Call\P1 (10.19),D:\Schmeeckle analyzed 102725\Ashlees\P1,13,28.651,319.247,28.598,3.859,58.35,6.257,1.47,NA,2025-10-18T01:08:06Z,LASCIN,2025-10-17
MCO,2025-10-18T23:29:10Z,2025-10-18,18:29:10,18,LASCIN,0.857,24.01,16.49,0,0.356372,LASNOC,EPTFUS,NA,NA,14,14,9.65,1,0,26.881,23.686,9,248D9B025FDF0B90,id.csv,20251018,248D9B025FDF0B90_20251018_232910T.WAV,248D9B025FDF0B90_20251018_232910_000T.wav,NA,D:\Ashlees Bat Call\P1 (10.19),D:\Schmeeckle analyzed 102725\Ashlees\P1,12,24.898,308.017,24.781,4.909,23.86,8.436,2,NA,2025-10-18T23:29:10Z,LASCIN,2025-10-18
MCO,2025-10-19T04:01:42Z,2025-10-18,23:01:42,23,LASCIN,0.611,24.103,13.91,0,0.315157,LASNOC,EPTFUS,NA,NA,18,18,7.684,1,0,26.451,23.72,9,248D9B025FDF0B90,id.csv,20251019,248D9B025FDF0B90_20251019_040142T.WAV,248D9B025FDF0B90_20251019_040142_000T.wav,NA,D:\Ashlees Bat Call\P1 (10.19),D:\Schmeeckle analyzed 102725\Ashlees\P1,11,24.382,497.529,25.092,2.659,46.57,6.616,2.93,NA,2025-10-19T04:01:42Z,LASCIN,2025-10-18
MCO,2025-10-19T00:53:52Z,2025-10-18,19:53:52,19,LASCIN,1,22.464,12.33,0,0.402831,EPTFUS,NA,NA,NA,8,8,5.664,1,0,23.958,21.847,9,248D9B025FDF0B90,id.csv,20251019,248D9B025FDF0B90_20251019_005352T.WAV,248D9B025FDF0B90_20251019_005352_000T.wav,NA,D:\Ashlees Bat Call\P1 (10.19),D:\Schmeeckle analyzed 102725\Ashlees\P1,8,22.804,529.382,22.934,2.358,90.07,4.29,1.64,NA,2025-10-19T00:53:52Z,LASCIN,2025-10-18
MCO,2025-10-19T00:17:00Z,2025-10-18,19:17:00,19,LASCIN,0.364,25.081,13.96,0,0.236895,EPTFUS,LASNOC,NA,NA,22,22,5.655,1,0,27.449,24.907,9,248D9B025FDF0B90,id.csv,20251019,248D9B025FDF0B90_20251019_001700T.WAV,248D9B025FDF0B90_20251019_001700_000T.wav,NA,D:\Ashlees Bat Call\P1 (10.19),D:\Schmeeckle analyzed 102725\Ashlees\P1,8,25.86,312.266,25.845,2.825,39.92,5.219,3.52,NA,2025-10-19T00:17:00Z,LASCIN,2025-10-18
MCO,2025-10-19T01:01:20Z,2025-10-18,20:01:20,20,LASCIN,0.296,23.69,16.21,0,0.362576,EPTFUS,LASNOC,NA,NA,27,27,9.164,1,0,27.285,23.253,9,248D9B025FDF0B90,id.csv,20251019,248D9B025FDF0B90_20251019_010120T.WAV,248D9B025FDF0B90_20251019_010120_000T.wav,NA,D:\Ashlees Bat Call\P1 (10.19),D:\Schmeeckle analyzed 102725\Ashlees\P1,8,24.76,329.069,24.785,4.194,76.7,7.984,6.56,NA,2025-10-19T01:01:20Z,LASCIN,2025-10-18
MCO,2025-10-18T01:04:22Z,2025-10-17,20:04:22,20,LASCIN,1,22.884,9,0,0.397938,EPTFUS,NA,NA,NA,7,7,4.314,1,0,23.89,22.713,9,248D9B025FDF0B90,id.csv,20251018,248D9B025FDF0B90_20251018_010422T.WAV,248D9B025FDF0B90_20251018_010422_000T.wav,NA,D:\Ashlees Bat Call\P1 (10.19),D:\Schmeeckle analyzed 102725\Ashlees\P1,7,23.141,692.719,23.136,2.106,84.06,3.841,1.76,NA,2025-10-18T01:04:22Z,LASCIN,2025-10-17
MCO,2025-10-18T04:18:02Z,2025-10-17,23:18:02,23,LASCIN,0.875,24.412,4.14,0,0.296064,EPTFUS,LASNOC,NA,NA,8,8,10.068,1,0,26.782,23.976,9,248D9B025FDF0B90,id.csv,20251018,248D9B025FDF0B90_20251018_041802T.WAV,248D9B025FDF0B90_20251018_041802_000T.wav,NA,D:\Ashlees Bat Call\P1 (10.19),D:\Schmeeckle analyzed 102725\Ashlees\P1,7,25.054,709.43,24.53,8.196,34,9.331,1.96,NA,2025-10-18T04:18:02Z,LASCIN,2025-10-17
MCO,2025-10-19T00:59:56Z,2025-10-18,19:59:56,19,LASCIN,0.146,24.651,16.15,0,0.214393,LASNOC,EPTFUS,NA,NA,48,48,9.096,1,0,28.338,24.209,9,248D9B025FDF0B90,id.csv,20251019,248D9B025FDF0B90_20251019_005956T.WAV,248D9B025FDF0B90_20251019_005956_000T.wav,NA,D:\Ashlees Bat Call\P1 (10.19),D:\Schmeeckle analyzed 102725\Ashlees\P1,7,25.571,189.724,25.569,3.995,109.12,7.801,7.59,NA,2025-10-19T00:59:56Z,LASCIN,2025-10-18
MCO,2025-10-19T00:52:56Z,2025-10-18,19:52:56,19,LASCIN,0.75,24.036,9.63,0,0.306571,LASNOC,EPTFUS,NA,NA,8,8,9.4,1,0,25.483,23.213,9,248D9B025FDF0B90,id.csv,20251019,248D9B025FDF0B90_20251019_005256T.WAV,248D9B025FDF0B90_20251019_005256_000T.wav,NA,D:\Ashlees Bat Call\P1 (10.19),D:\Schmeeckle analyzed 102725\Ashlees\P1,6,24.224,508.948,24.527,3.03,44.4,5.594,2.15,NA,2025-10-19T00:52:56Z,LASCIN,2025-10-18
MCO,2025-10-18T00:13:16Z,2025-10-17,19:13:16,19,LASCIN,0.714,30.49,26.08,0,0.264485,EPTFUS,NA,NA,NA,7,7,4.189,1,0,32.021,29.844,9,248D9B025FDF0B90,id.csv,20251018,248D9B025FDF0B90_20251018_001316T.WAV,248D9B025FDF0B90_20251018_001316_000T.wav,NA,D:\Ashlees Bat Call\P1 (10.19),D:\Schmeeckle analyzed 102725\Ashlees\P1,5,30.656,620.372,31.147,0.948,-109.19,2.383,3.26,NA,2025-10-18T00:13:16Z,LASCIN,2025-10-17
MCO,2025-10-18T04:17:48Z,2025-10-17,23:17:48,23,LASCIN,0.556,24.15,6.76,0,0.424368,EPTFUS,LASNOC,NA,NA,9,9,4.791,1,0,24.822,23.658,9,248D9B025FDF0B90,id.csv,20251018,248D9B025FDF0B90_20251018_041748T.WAV,248D9B025FDF0B90_20251018_041748_000T.wav,NA,D:\Ashlees Bat Call\P1 (10.19),D:\Schmeeckle analyzed 102725\Ashlees\P1,5,24.172,1081.339,24.332,1.493,16,2.649,2.37,NA,2025-10-18T04:17:48Z,LASCIN,2025-10-17
MCO,2025-10-17T23:52:02Z,2025-10-17,18:52:02,18,LASCIN,0.278,23.95,21.9,0,0.325846,EPTFUS,LASNOC,NA,NA,18,18,7.179,1,0,28.029,23.643,9,248D9B025FDF0B90,id.csv,20251017,248D9B025FDF0B90_20251017_235202T.WAV,248D9B025FDF0B90_20251017_235202_000T.wav,NA,D:\Ashlees Bat Call\P1 (10.19),D:\Schmeeckle analyzed 102725\Ashlees\P1,5,25.136,354.709,24.862,4.022,75.62,6.563,2.45,NA,2025-10-17T23:52:02Z,LASCIN,2025-10-17
MCO,2025-10-19T00:24:14Z,2025-10-18,19:24:14,19,LASCIN,0.217,23.325,15.33,0,0.350801,EPTFUS,LASNOC,NA,NA,23,23,11.003,1,0,27.772,23.162,9,248D9B025FDF0B90,id.csv,20251019,248D9B025FDF0B90_20251019_002414T.WAV,248D9B025FDF0B90_20251019_002414_000T.wav,NA,D:\Ashlees Bat Call\P1 (10.19),D:\Schmeeckle analyzed 102725\Ashlees\P1,5,24.755,353.285,24.219,6.504,48.64,10.372,3.28,NA,2025-10-19T00:24:14Z,LASCIN,2025-10-18
MCO,2025-10-18T02:16:56Z,2025-10-17,21:16:56,21,LASCIN,0.571,24.624,15.6,0,0.339526,EPTFUS,LASNOC,NA,NA,7,7,4.825,1,0,25.844,24.473,9,248D9B025FDF0B90,id.csv,20251018,248D9B025FDF0B90_20251018_021656T.WAV,248D9B025FDF0B90_20251018_021656_000T.wav,NA,D:\Ashlees Bat Call\P1 (10.19),D:\Schmeeckle analyzed 102725\Ashlees\P1,4,25.049,1241.526,25.081,2.606,26.96,4.288,1.38,NA,2025-10-18T02:16:56Z,LASCIN,2025-10-17
MCO,2025-10-18T01:36:34Z,2025-10-17,20:36:34,20,LASCIN,0.4,30.09,7.86,0,0.27083,EPTFUS,LASNOC,NA,NA,10,10,3.967,1,0,31.391,29.501,9,248D9B025FDF0B90,id.csv,20251018,248D9B025FDF0B90_20251018_013634T.WAV,248D9B025FDF0B90_20251018_013634_000T.wav,NA,D:\Ashlees Bat Call\P1 (10.19),D:\Schmeeckle analyzed 102725\Ashlees\P1,4,30.368,651.168,30.597,1.183,-3.81,3.102,2.04,NA,2025-10-18T01:36:34Z,LASCIN,2025-10-17
MCO,2025-10-19T01:06:00Z,2025-10-18,20:06:00,20,LASCIN,0.19,23.573,19.58,0,0.350022,EPTFUS,LASNOC,NA,NA,21,21,10.431,1,0,27.309,22.629,9,248D9B025FDF0B90,id.csv,20251019,248D9B025FDF0B90_20251019_010600T.WAV,248D9B025FDF0B90_20251019_010600_000T.wav,NA,D:\Ashlees Bat Call\P1 (10.19),D:\Schmeeckle analyzed 102725\Ashlees\P1,4,24.574,438.405,25.207,3.403,41.6,7.943,3.7,NA,2025-10-19T01:06:00Z,LASCIN,2025-10-18
MCO,2025-10-19T00:59:14Z,2025-10-18,19:59:14,19,LASCIN,0.75,23.481,11.33,0,0.425283,EPTFUS,LASNOC,NA,NA,4,4,6.491,1,0,24.493,23.056,9,248D9B025FDF0B90,id.csv,20251019,248D9B025FDF0B90_20251019_005914T.WAV,248D9B025FDF0B90_20251019_005914_000T.wav,NA,D:\Ashlees Bat Call\P1 (10.19),D:\Schmeeckle analyzed 102725\Ashlees\P1,3,23.695,1462.272,24.233,0.535,-17.46,4.39,0.95,NA,2025-10-19T00:59:14Z,LASCIN,2025-10-18
MCO,2025-10-18T23:29:24Z,2025-10-18,18:29:24,18,LASCIN,0.6,23.072,16.52,0,0.393832,EPTFUS,NA,NA,NA,5,5,4.579,1,0,24.321,22.874,9,248D9B025FDF0B90,id.csv,20251018,248D9B025FDF0B90_20251018_232924T.WAV,248D9B025FDF0B90_20251018_232924_000T.wav,NA,D:\Ashlees Bat Call\P1 (10.19),D:\Schmeeckle analyzed 102725\Ashlees\P1,3,23.483,1238.894,23.666,1.568,32.84,3.787,1.95,NA,2025-10-18T23:29:24Z,LASCIN,2025-10-18
MCO,2025-10-19T00:24:00Z,2025-10-18,19:24:00,19,LASCIN,0.6,24.578,17.37,0,0.412399,EPTFUS,LASNOC,NA,NA,5,5,5.33,1,0,26.307,24.366,9,248D9B025FDF0B90,id.csv,20251019,248D9B025FDF0B90_20251019_002400T.WAV,248D9B025FDF0B90_20251019_002400_000T.wav,NA,D:\Ashlees Bat Call\P1 (10.19),D:\Schmeeckle analyzed 102725\Ashlees\P1,3,25.106,536.829,25.075,2.802,24.02,4.549,1.38,NA,2025-10-19T00:24:00Z,LASCIN,2025-10-18
MCO,2025-10-19T01:09:44Z,2025-10-18,20:09:44,20,LASCIN,0.429,23.672,8.33,0,0.377938,EPTFUS,LASNOC,NA,NA,7,7,8.656,1,0,25.864,23.492,9,248D9B025FDF0B90,id.csv,20251019,248D9B025FDF0B90_20251019_010944T.WAV,248D9B025FDF0B90_20251019_010944_000T.wav,NA,D:\Ashlees Bat Call\P1 (10.19),D:\Schmeeckle analyzed 102725\Ashlees\P1,3,24.432,366.747,24.397,4.011,40.35,8.03,1.71,NA,2025-10-19T01:09:44Z,LASCIN,2025-10-18
MCO,2025-10-18T00:13:02Z,2025-10-17,19:13:02,19,LASCIN,1,23.397,3.24,0,0.452476,EPTFUS,LASNOC,NA,NA,2,2,4.497,1,0,24.249,22.989,9,248D9B025FDF0B90,id.csv,20251018,248D9B025FDF0B90_20251018_001302T.WAV,248D9B025FDF0B90_20251018_001302_000T.wav,NA,D:\Ashlees Bat Call\P1 (10.19),D:\Schmeeckle analyzed 102725\Ashlees\P1,2,23.539,1212.731,23.811,0.747,-21.74,3.551,0.36,NA,2025-10-18T00:13:02Z,LASCIN,2025-10-17
MCO,2025-10-19T00:47:20Z,2025-10-18,19:47:20,19,LASCIN,0.4,23.438,7.67,0,0.3801,EPTFUS,LASNOC,NA,NA,5,5,7.782,1,0,26.022,23.105,9,248D9B025FDF0B90,id.csv,20251019,248D9B025FDF0B90_20251019_004720T.WAV,248D9B025FDF0B90_20251019_004720_000T.wav,NA,D:\Ashlees Bat Call\P1 (10.19),D:\Schmeeckle analyzed 102725\Ashlees\P1,2,23.966,551.473,23.82,3.713,115.37,6.218,0.65,NA,2025-10-19T00:47:20Z,LASCIN,2025-10-18
MCO,2025-10-19T01:09:58Z,2025-10-18,20:09:58,20,LASCIN,0.25,23.819,14.13,0,0.366954,EPTFUS,LASNOC,NA,NA,8,8,8.328,1,0,26.541,23.601,9,248D9B025FDF0B90,id.csv,20251019,248D9B025FDF0B90_20251019_010958T.WAV,248D9B025FDF0B90_20251019_010958_000T.wav,NA,D:\Ashlees Bat Call\P1 (10.19),D:\Schmeeckle analyzed 102725\Ashlees\P1,2,24.699,383.675,24.557,4.333,52.93,7.618,2.09,NA,2025-10-19T01:09:58Z,LASCIN,2025-10-18
MCO,2025-10-18T00:37:32Z,2025-10-17,19:37:32,19,LASCIN,0.5,25.053,17.93,0,0.234836,LASNOC,EPTFUS,NA,NA,2,2,2.677,1,0,25.958,24.974,9,248D9B025FDF0B90,id.csv,20251018,248D9B025FDF0B90_20251018_003732T.WAV,248D9B025FDF0B90_20251018_003732_000T.wav,NA,D:\Ashlees Bat Call\P1 (10.19),D:\Schmeeckle analyzed 102725\Ashlees\P1,1,25.323,1782.657,25.651,0.46,-32.19,2.352,0.77,NA,2025-10-18T00:37:32Z,LASCIN,2025-10-17
MCO,2025-10-18T01:35:38Z,2025-10-17,20:35:38,20,LASCIN,0.5,23.568,8.42,0,0.472162,EPTFUS,LASNOC,NA,NA,2,2,4.257,1,0,24.591,23.533,9,248D9B025FDF0B90,id.csv,20251018,248D9B025FDF0B90_20251018_013538T.WAV,248D9B025FDF0B90_20251018_013538_000T.wav,NA,D:\Ashlees Bat Call\P1 (10.19),D:\Schmeeckle analyzed 102725\Ashlees\P1,1,23.962,948.241,23.936,2.166,40.18,4.257,0.53,NA,2025-10-18T01:35:38Z,LASCIN,2025-10-17
MCO,2025-10-18T00:13:44Z,2025-10-17,19:13:44,19,LASCIN,0.333,23.24,6.19,0,0.399725,EPTFUS,LASNOC,NA,NA,3,3,5.891,1,0,25.117,23.055,9,248D9B025FDF0B90,id.csv,20251018,248D9B025FDF0B90_20251018_001344T.WAV,248D9B025FDF0B90_20251018_001344_000T.wav,NA,D:\Ashlees Bat Call\P1 (10.19),D:\Schmeeckle analyzed 102725\Ashlees\P1,1,23.884,1798.7,23.556,3.666,72.92,5.891,0.68,NA,2025-10-18T00:13:44Z,LASCIN,2025-10-17
MCO,2025-10-19T02:08:04Z,2025-10-18,21:08:04,21,LASCIN,0.333,24.724,10.37,0,0.36911,EPTFUS,LASNOC,NA,NA,3,3,5.246,1,0,26.552,24.469,9,248D9B025FDF0B90,id.csv,20251019,248D9B025FDF0B90_20251019_020804T.WAV,248D9B025FDF0B90_20251019_020804_000T.wav,NA,D:\Ashlees Bat Call\P1 (10.19),D:\Schmeeckle analyzed 102725\Ashlees\P1,1,25.429,526.913,25.041,3.643,77.85,5.138,0.69,NA,2025-10-19T02:08:04Z,LASCIN,2025-10-18
MCO,2025-10-19T00:47:06Z,2025-10-18,19:47:06,19,LASCIN,0.056,24.016,14.94,0,0.355266,EPTFUS,LASNOC,NA,NA,18,18,8.039,1,0,27.482,23.746,9,248D9B025FDF0B90,id.csv,20251019,248D9B025FDF0B90_20251019_004706T.WAV,248D9B025FDF0B90_20251019_004706_000T.wav,NA,D:\Ashlees Bat Call\P1 (10.19),D:\Schmeeckle analyzed 102725\Ashlees\P1,1,24.927,264.787,24.949,3.447,112.42,7.096,2.82,NA,2025-10-19T00:47:06Z,LASCIN,2025-10-18
MCO,2025-10-18T08:22:34Z,2025-10-18,03:22:34,3,LASCIN,0.053,13.071,1.92,0,0.472162,NA,NA,NA,NA,19,19,8.11,1,0,13.215,13.005,9,248D9B025FDF0B90,id.csv,20251018,248D9B025FDF0B90_20251018_082234T.WAV,248D9B025FDF0B90_20251018_082234_000T.wav,NA,D:\Ashlees Bat Call\P1 (10.19),D:\Schmeeckle analyzed 102725\Ashlees\P1,1,13.104,35.828,13.116,2.466,3.43,4.958,1.39,NA,2025-10-18T08:22:34Z,LASCIN,2025-10-17
MCO,2025-10-17T23:52:30Z,2025-10-17,18:52:30,18,LASCIN,0.048,46.256,12.53,0,0.245416,EPTFUS,LASNOC,NA,NA,21,21,7.045,1,0,52.906,43.72,9,248D9B025FDF0B90,id.csv,20251017,248D9B025FDF0B90_20251017_235230T.WAV,248D9B025FDF0B90_20251017_235230_000T.wav,NA,D:\Ashlees Bat Call\P1 (10.19),D:\Schmeeckle analyzed 102725\Ashlees\P1,1,47.658,388.326,47.108,4.222,31.42,6.246,14.12,NA,2025-10-17T23:52:30Z,LASCIN,2025-10-17
MCO,2025-10-18T00:14:26Z,2025-10-17,19:14:26,19,LASNOC,0.824,26.189,13.16,0,0.342083,LASCIN,EPTFUS,NA,NA,17,17,8.178,1,0,29.313,25.294,9,248D9B025FDF0B90,id.csv,20251018,248D9B025FDF0B90_20251018_001426T.WAV,248D9B025FDF0B90_20251018_001426_000T.wav,NA,D:\Ashlees Bat Call\P1 (10.19),D:\Schmeeckle analyzed 102725\Ashlees\P1,14,26.787,300.644,27.03,3.028,24.87,5.89,2.73,NA,2025-10-18T00:14:26Z,LASNOC,2025-10-17
MCO,2025-10-19T07:08:36Z,2025-10-19,02:08:36,2,LASNOC,0.909,26.103,12.75,0,0.399537,LASCIN,EPTFUS,NA,NA,11,11,7.885,1,0,29.921,25.828,9,248D9B025FDF0B90,id.csv,20251019,248D9B025FDF0B90_20251019_070836T.WAV,248D9B025FDF0B90_20251019_070836_000T.wav,NA,D:\Ashlees Bat Call\P1 (10.19),D:\Schmeeckle analyzed 102725\Ashlees\P1,10,27.088,588.905,26.662,4.368,56.1,6.935,2.15,NA,2025-10-19T07:08:36Z,LASNOC,2025-10-18
MCO,2025-10-18T00:06:44Z,2025-10-17,19:06:44,19,LASNOC,0.714,26.031,13.02,0,0.2979,LASCIN,EPTFUS,NA,NA,7,7,4.971,1,0,27.679,25.529,9,248D9B025FDF0B90,id.csv,20251018,248D9B025FDF0B90_20251018_000644T.WAV,248D9B025FDF0B90_20251018_000644_000T.wav,NA,D:\Ashlees Bat Call\P1 (10.19),D:\Schmeeckle analyzed 102725\Ashlees\P1,5,26.42,759.726,26.575,1.852,43.64,3.84,1.92,NA,2025-10-18T00:06:44Z,LASNOC,2025-10-17
MCO,2025-10-18T08:39:36Z,2025-10-18,03:39:36,3,LASNOC,1,27.051,6.53,0,0.498267,LASCIN,EPTFUS,NA,NA,4,4,5.3,1,0,28.626,26.893,9,248D9B025FDF0B90,id.csv,20251018,248D9B025FDF0B90_20251018_083936T.WAV,248D9B025FDF0B90_20251018_083936_000T.wav,NA,D:\Ashlees Bat Call\P1 (10.19),D:\Schmeeckle analyzed 102725\Ashlees\P1,4,27.54,359.399,27.38,3.025,41.15,4.967,0.91,NA,2025-10-18T08:39:36Z,LASNOC,2025-10-17
MCO,2025-10-19T01:49:52Z,2025-10-18,20:49:52,20,LASNOC,0.4,24.532,7.89,0,0.253452,LASCIN,EPTFUS,NA,NA,10,10,10.787,1,0,25.99,24.077,9,248D9B025FDF0B90,id.csv,20251019,248D9B025FDF0B90_20251019_014952T.WAV,248D9B025FDF0B90_20251019_014952_000T.wav,NA,D:\Ashlees Bat Call\P1 (10.19),D:\Schmeeckle analyzed 102725\Ashlees\P1,4,24.977,928.227,25.562,1.166,39.65,8.859,1.53,NA,2025-10-19T01:49:52Z,LASNOC,2025-10-18
MCO,2025-10-18T00:07:12Z,2025-10-17,19:07:12,19,LASNOC,1,25.398,20.94,0,0.366991,LASCIN,EPTFUS,NA,NA,2,2,5.15,1,0,27.29,25.006,9,248D9B025FDF0B90,id.csv,20251018,248D9B025FDF0B90_20251018_000712T.WAV,248D9B025FDF0B90_20251018_000712_000T.wav,NA,D:\Ashlees Bat Call\P1 (10.19),D:\Schmeeckle analyzed 102725\Ashlees\P1,2,25.979,963.503,26.502,1.252,-133.58,4.193,0.64,NA,2025-10-18T00:07:12Z,LASNOC,2025-10-17
MCO,2025-10-19T00:16:46Z,2025-10-18,19:16:46,19,LASNOC,1,25.686,21.03,0,0.366991,LASCIN,EPTFUS,NA,NA,2,2,3.205,1,0,26.982,25.56,9,248D9B025FDF0B90,id.csv,20251019,248D9B025FDF0B90_20251019_001646T.WAV,248D9B025FDF0B90_20251019_001646_000T.wav,NA,D:\Ashlees Bat Call\P1 (10.19),D:\Schmeeckle analyzed 102725\Ashlees\P1,2,26.211,467.916,26.405,1.126,-48.78,2.971,0.54,NA,2025-10-19T00:16:46Z,LASNOC,2025-10-18
MCE,2025-10-19T05:19:38Z,2025-10-19,00:19:38,0,EPTFUS,0.903,24.369,22.54,0,0.291315,LASCIN,LASNOC,NA,NA,31,31,9.449,1,0,37.87,24.235,9,24A04F085FDF19C0,id.csv,20251019,24A04F085FDF19C0_20251019_051938T.WAV,24A04F085FDF19C0_20251019_051938_000T.wav,NA,D:\Ashlees Bat Call\P2 (10.19),D:\Schmeeckle analyzed 102725\Ashlees\P2,28,27.463,276.573,25.575,5.619,246.97,8.989,4.47,NA,2025-10-19T05:19:38Z,EPTFUS,2025-10-18
MCE,2025-10-18T00:03:42Z,2025-10-17,19:03:42,19,EPTFUS,0.727,26.853,38.08,0,0.347187,LASCIN,LASNOC,NA,NA,33,33,7.938,1,0,40.737,26.132,9,24A04F085FDF19C0,id.csv,20251018,24A04F085FDF19C0_20251018_000342T.WAV,24A04F085FDF19C0_20251018_000342_000T.wav,NA,D:\Ashlees Bat Call\P2 (10.19),D:\Schmeeckle analyzed 102725\Ashlees\P2,24,30.25,254.926,28.65,4.564,271.2,7.347,6.02,NA,2025-10-18T00:03:42Z,EPTFUS,2025-10-17
MCE,2025-10-19T05:06:34Z,2025-10-19,00:06:34,0,EPTFUS,0.667,25.641,18.76,0,0.316982,LASNOC,LASCIN,NA,NA,27,27,8.181,1,0,33.164,25.091,9,24A04F085FDF19C0,id.csv,20251019,24A04F085FDF19C0_20251019_050634T.WAV,24A04F085FDF19C0_20251019_050634_000T.wav,NA,D:\Ashlees Bat Call\P2 (10.19),D:\Schmeeckle analyzed 102725\Ashlees\P2,18,27.384,248.843,26.558,4.501,178.47,7.124,6.3,NA,2025-10-19T05:06:34Z,EPTFUS,2025-10-18
MCE,2025-10-19T00:17:00Z,2025-10-18,19:17:00,19,EPTFUS,0.842,24.739,9.55,0,0.311434,LASCIN,LASNOC,NA,NA,19,19,8.159,1,0,30.414,24.446,9,24A04F085FDF19C0,id.csv,20251019,24A04F085FDF19C0_20251019_001700T.WAV,24A04F085FDF19C0_20251019_001700_000T.wav,NA,D:\Ashlees Bat Call\P2 (10.19),D:\Schmeeckle analyzed 102725\Ashlees\P2,16,26.183,300.035,25.719,4.279,153.26,7.552,3.16,NA,2025-10-19T00:17:00Z,EPTFUS,2025-10-18
MCE,2025-10-17T23:46:40Z,2025-10-17,18:46:40,18,EPTFUS,0.625,25.228,25.44,0,0.32181,LASCIN,LASNOC,NA,NA,24,24,8.253,1,0,31.677,24.868,9,24A04F085FDF19C0,id.csv,20251017,24A04F085FDF19C0_20251017_234640T.WAV,24A04F085FDF19C0_20251017_234640_000T.wav,NA,D:\Ashlees Bat Call\P2 (10.19),D:\Schmeeckle analyzed 102725\Ashlees\P2,15,26.946,336.328,26.639,4.257,147.52,7.432,3.67,NA,2025-10-17T23:46:40Z,EPTFUS,2025-10-17
MCE,2025-10-18T00:06:58Z,2025-10-17,19:06:58,19,EPTFUS,0.7,25.734,31.03,0,0.416727,LASNOC,LASCIN,NA,NA,20,20,7.72,1,0,39.406,25.57,9,24A04F085FDF19C0,id.csv,20251018,24A04F085FDF19C0_20251018_000658T.WAV,24A04F085FDF19C0_20251018_000658_000T.wav,NA,D:\Ashlees Bat Call\P2 (10.19),D:\Schmeeckle analyzed 102725\Ashlees\P2,14,28.975,282.946,27.037,5.205,278.85,7.513,4.11,NA,2025-10-18T00:06:58Z,EPTFUS,2025-10-17
MCE,2025-10-18T00:21:12Z,2025-10-17,19:21:12,19,EPTFUS,0.591,26.685,33.5,0,0.277281,LASNOC,LASCIN,NA,NA,22,22,6.215,1,0,34.293,26.339,9,24A04F085FDF19C0,id.csv,20251018,24A04F085FDF19C0_20251018_002112T.WAV,24A04F085FDF19C0_20251018_002112_000T.wav,NA,D:\Ashlees Bat Call\P2 (10.19),D:\Schmeeckle analyzed 102725\Ashlees\P2,13,28.952,258.636,28.001,3.144,193.42,5.723,3.26,NA,2025-10-18T00:21:12Z,EPTFUS,2025-10-17
MCE,2025-10-19T02:08:04Z,2025-10-18,21:08:04,21,EPTFUS,0.542,25.162,20.69,0,0.272263,LASCIN,LASNOC,NA,NA,24,24,8.177,1,0,32.219,24.81,9,24A04F085FDF19C0,id.csv,20251019,24A04F085FDF19C0_20251019_020804T.WAV,24A04F085FDF19C0_20251019_020804_000T.wav,NA,D:\Ashlees Bat Call\P2 (10.19),D:\Schmeeckle analyzed 102725\Ashlees\P2,13,27.025,243.164,26.414,4.438,106.07,7.404,3.51,NA,2025-10-19T02:08:04Z,EPTFUS,2025-10-18
MCE,2025-10-19T01:04:22Z,2025-10-18,20:04:22,20,EPTFUS,0.706,26.257,27.57,0,0.415414,LASNOC,LASCIN,NA,NA,17,17,6.946,1,0,34.862,26.001,9,24A04F085FDF19C0,id.csv,20251019,24A04F085FDF19C0_20251019_010422T.WAV,24A04F085FDF19C0_20251019_010422_000T.wav,NA,D:\Ashlees Bat Call\P2 (10.19),D:\Schmeeckle analyzed 102725\Ashlees\P2,12,28.622,262.994,27.12,4.381,161.98,6.459,3.24,NA,2025-10-19T01:04:22Z,EPTFUS,2025-10-18
MCE,2025-10-19T05:19:24Z,2025-10-19,00:19:24,0,EPTFUS,1,25.885,31.47,0,0.265215,LASCIN,LASNOC,NA,NA,8,8,3.204,1,0,28.726,25.739,9,24A04F085FDF19C0,id.csv,20251019,24A04F085FDF19C0_20251019_051924T.WAV,24A04F085FDF19C0_20251019_051924_000T.wav,NA,D:\Ashlees Bat Call\P2 (10.19),D:\Schmeeckle analyzed 102725\Ashlees\P2,8,26.769,191.153,26.854,1.522,134.28,3.088,2.1,NA,2025-10-19T05:19:24Z,EPTFUS,2025-10-18
MCE,2025-10-19T00:16:46Z,2025-10-18,19:16:46,19,EPTFUS,0.556,26.308,26.87,0,0.258442,LASCIN,LASNOC,NA,NA,9,9,4.773,1,0,29.923,26.239,9,24A04F085FDF19C0,id.csv,20251019,24A04F085FDF19C0_20251019_001646T.WAV,24A04F085FDF19C0_20251019_001646_000T.wav,NA,D:\Ashlees Bat Call\P2 (10.19),D:\Schmeeckle analyzed 102725\Ashlees\P2,5,27.49,250.788,27.338,2.533,129.82,4.655,2.03,NA,2025-10-19T00:16:46Z,EPTFUS,2025-10-18
MCE,2025-10-18T01:43:06Z,2025-10-17,20:43:06,20,LASBOR,0.778,38.832,31.42,0,0.181573,MYOLUC,NA,NA,NA,9,9,4.64,1,0,42.804,38.202,9,24A04F085FDF19C0,id.csv,20251018,24A04F085FDF19C0_20251018_014306T.WAV,24A04F085FDF19C0_20251018_014306_000T.wav,NA,D:\Ashlees Bat Call\P2 (10.19),D:\Schmeeckle analyzed 102725\Ashlees\P2,7,39.491,317.032,40.042,1.767,193.12,3.842,1.71,NA,2025-10-18T01:43:06Z,LASBOR,2025-10-17
MCE,2025-10-18T07:12:20Z,2025-10-18,02:12:20,2,LASBOR,0.636,39.14,17.58,0,0.205891,PERSUB,MYOLUC,NA,NA,11,11,7.977,1,0,47.111,38.967,9,24A04F085FDF19C0,id.csv,20251018,24A04F085FDF19C0_20251018_071220T.WAV,24A04F085FDF19C0_20251018_071220_000T.wav,NA,D:\Ashlees Bat Call\P2 (10.19),D:\Schmeeckle analyzed 102725\Ashlees\P2,7,41.12,149.6,41.138,2.71,265.78,7.232,1.77,NA,2025-10-18T07:12:20Z,LASBOR,2025-10-17
MCE,2025-10-18T06:32:12Z,2025-10-18,01:32:12,1,LASBOR,0.8,41.257,31.96,0,0.227095,PERSUB,MYOLUC,NA,NA,5,5,4.441,1,0,46.636,41.207,9,24A04F085FDF19C0,id.csv,20251018,24A04F085FDF19C0_20251018_063212T.WAV,24A04F085FDF19C0_20251018_063212_000T.wav,NA,D:\Ashlees Bat Call\P2 (10.19),D:\Schmeeckle analyzed 102725\Ashlees\P2,4,42.995,380.487,43.457,1.437,78.82,4.01,0.98,NA,2025-10-18T06:32:12Z,LASBOR,2025-10-17
MCE,2025-10-18T05:27:34Z,2025-10-18,00:27:34,0,LASBOR,0.667,39.211,20.49,0,0.161157,MYOLUC,NA,NA,NA,3,3,5.437,1,0,43.225,39.136,9,24A04F085FDF19C0,id.csv,20251018,24A04F085FDF19C0_20251018_052734T.WAV,24A04F085FDF19C0_20251018_052734_000T.wav,NA,D:\Ashlees Bat Call\P2 (10.19),D:\Schmeeckle analyzed 102725\Ashlees\P2,2,40.416,982.094,41.115,1.326,139.9,5.244,0.73,NA,2025-10-18T05:27:34Z,LASBOR,2025-10-17
MCE,2025-10-18T04:17:48Z,2025-10-17,23:17:48,23,LASCIN,0.792,24.553,14.07,0,0.297974,LASNOC,EPTFUS,NA,NA,24,24,9.77,1,0,27.289,24.18,9,24A04F085FDF19C0,id.csv,20251018,24A04F085FDF19C0_20251018_041748T.WAV,24A04F085FDF19C0_20251018_041748_000T.wav,NA,D:\Ashlees Bat Call\P2 (10.19),D:\Schmeeckle analyzed 102725\Ashlees\P2,19,25.363,378.846,25.414,4.569,32.3,8.359,4.17,NA,2025-10-18T04:17:48Z,LASCIN,2025-10-17
MCE,2025-10-19T00:59:56Z,2025-10-18,19:59:56,19,LASCIN,0.5,23.272,18.49,0,0.331589,LASNOC,EPTFUS,NA,NA,34,34,11.171,1,0,30.274,22.999,9,24A04F085FDF19C0,id.csv,20251019,24A04F085FDF19C0_20251019_005956T.WAV,24A04F085FDF19C0_20251019_005956_000T.wav,NA,D:\Ashlees Bat Call\P2 (10.19),D:\Schmeeckle analyzed 102725\Ashlees\P2,17,25.078,271.204,24.835,5.068,137.76,10.505,3.82,NA,2025-10-19T00:59:56Z,LASCIN,2025-10-18
MCE,2025-10-19T00:47:20Z,2025-10-18,19:47:20,19,LASCIN,0.933,24.592,7.65,0,0.311861,LASNOC,EPTFUS,NA,NA,15,15,12.648,1,0,26.285,22.884,9,24A04F085FDF19C0,id.csv,20251019,24A04F085FDF19C0_20251019_004720T.WAV,24A04F085FDF19C0_20251019_004720_000T.wav,NA,D:\Ashlees Bat Call\P2 (10.19),D:\Schmeeckle analyzed 102725\Ashlees\P2,14,24.47,443.001,25.372,2.48,-55.41,6.267,3.34,NA,2025-10-19T00:47:20Z,LASCIN,2025-10-18
MCE,2025-10-18T02:18:48Z,2025-10-17,21:18:48,21,LASCIN,0.583,22.905,12.22,0,0.351082,LASNOC,EPTFUS,NA,NA,24,24,12.251,1,0,26.096,22.415,9,24A04F085FDF19C0,id.csv,20251018,24A04F085FDF19C0_20251018_021848T.WAV,24A04F085FDF19C0_20251018_021848_000T.wav,NA,D:\Ashlees Bat Call\P2 (10.19),D:\Schmeeckle analyzed 102725\Ashlees\P2,14,23.795,354.29,23.93,5.3,33.78,10.258,3.52,NA,2025-10-18T02:18:48Z,LASCIN,2025-10-17
MCE,2025-10-19T01:01:20Z,2025-10-18,20:01:20,20,LASCIN,0.333,23.743,16.55,0,0.313654,EPTFUS,LASNOC,NA,NA,42,42,11.449,1,0,30.456,23.366,9,24A04F085FDF19C0,id.csv,20251019,24A04F085FDF19C0_20251019_010120T.WAV,24A04F085FDF19C0_20251019_010120_000T.wav,NA,D:\Ashlees Bat Call\P2 (10.19),D:\Schmeeckle analyzed 102725\Ashlees\P2,14,25.516,206.849,25.166,5.714,107.36,10.415,6.86,NA,2025-10-19T01:01:20Z,LASCIN,2025-10-18
MCE,2025-10-18T06:46:26Z,2025-10-18,01:46:26,1,LASCIN,1,22.159,6.4,0,0.369386,EPTFUS,LASNOC,NA,NA,11,11,12.86,1,0,26.101,21.556,9,24A04F085FDF19C0,id.csv,20251018,24A04F085FDF19C0_20251018_064626T.WAV,24A04F085FDF19C0_20251018_064626_000T.wav,NA,D:\Ashlees Bat Call\P2 (10.19),D:\Schmeeckle analyzed 102725\Ashlees\P2,11,23.111,446.394,22.454,8.763,70.88,10.591,2.95,NA,2025-10-18T06:46:26Z,LASCIN,2025-10-17
MCE,2025-10-18T00:37:32Z,2025-10-17,19:37:32,19,LASCIN,0.625,24.04,14.21,0,0.320205,LASNOC,EPTFUS,NA,NA,16,16,8.455,1,0,27.108,23.867,9,24A04F085FDF19C0,id.csv,20251018,24A04F085FDF19C0_20251018_003732T.WAV,24A04F085FDF19C0_20251018_003732_000T.wav,NA,D:\Ashlees Bat Call\P2 (10.19),D:\Schmeeckle analyzed 102725\Ashlees\P2,10,24.61,546.22,24.813,4.494,74.83,7.813,2.69,NA,2025-10-18T00:37:32Z,LASCIN,2025-10-17
MCE,2025-10-18T02:18:34Z,2025-10-17,21:18:34,21,LASCIN,0.556,23.361,11.26,0,0.347174,LASNOC,EPTFUS,NA,NA,18,18,10.065,1,0,26.154,23.05,9,24A04F085FDF19C0,id.csv,20251018,24A04F085FDF19C0_20251018_021834T.WAV,24A04F085FDF19C0_20251018_021834_000T.wav,NA,D:\Ashlees Bat Call\P2 (10.19),D:\Schmeeckle analyzed 102725\Ashlees\P2,10,24.226,427.442,24.343,4.415,50.27,8.89,2.43,NA,2025-10-18T02:18:34Z,LASCIN,2025-10-17
MCE,2025-10-18T23:29:10Z,2025-10-18,18:29:10,18,LASCIN,0.5,23.531,12.9,0,0.333584,LASNOC,EPTFUS,NA,NA,20,20,14.761,1,0,27.893,22.878,9,24A04F085FDF19C0,id.csv,20251018,24A04F085FDF19C0_20251018_232910T.WAV,24A04F085FDF19C0_20251018_232910_000T.wav,NA,D:\Ashlees Bat Call\P2 (10.19),D:\Schmeeckle analyzed 102725\Ashlees\P2,10,24.75,259.172,24.6,7.113,62.12,12.35,2.41,NA,2025-10-18T23:29:10Z,LASCIN,2025-10-18
MCE,2025-10-19T01:00:24Z,2025-10-18,20:00:24,20,LASCIN,0.357,23.611,18.45,0,0.34064,EPTFUS,LASNOC,NA,NA,28,28,9.76,1,0,30.671,23.233,9,24A04F085FDF19C0,id.csv,20251019,24A04F085FDF19C0_20251019_010024T.WAV,24A04F085FDF19C0_20251019_010024_000T.wav,NA,D:\Ashlees Bat Call\P2 (10.19),D:\Schmeeckle analyzed 102725\Ashlees\P2,10,25.398,252.942,24.452,6.357,140.89,8.935,5.03,NA,2025-10-19T01:00:24Z,LASCIN,2025-10-18
MCE,2025-10-18T01:59:12Z,2025-10-17,20:59:12,20,LASCIN,0.45,24.173,13.08,0,0.288138,LASNOC,EPTFUS,NA,NA,20,20,8.969,1,0,27.799,24.046,9,24A04F085FDF19C0,id.csv,20251018,24A04F085FDF19C0_20251018_015912T.WAV,24A04F085FDF19C0_20251018_015912_000T.wav,NA,D:\Ashlees Bat Call\P2 (10.19),D:\Schmeeckle analyzed 102725\Ashlees\P2,9,25.389,334.111,25,5.45,33.32,8.576,3.31,NA,2025-10-18T01:59:12Z,LASCIN,2025-10-17
MCE,2025-10-18T01:35:38Z,2025-10-17,20:35:38,20,LASCIN,0.667,23.961,13.22,0,0.361165,EPTFUS,LASNOC,NA,NA,12,12,7.989,1,0,26.37,23.445,9,24A04F085FDF19C0,id.csv,20251018,24A04F085FDF19C0_20251018_013538T.WAV,24A04F085FDF19C0_20251018_013538_000T.wav,NA,D:\Ashlees Bat Call\P2 (10.19),D:\Schmeeckle analyzed 102725\Ashlees\P2,8,24.507,359.465,24.667,3.185,72.33,6.168,2.14,NA,2025-10-18T01:35:38Z,LASCIN,2025-10-17
MCE,2025-10-17T23:41:04Z,2025-10-17,18:41:04,18,LASCIN,1,22.179,11.99,0,0.426778,EPTFUS,LASNOC,NA,NA,7,7,6.816,1,0,23.966,21.892,9,24A04F085FDF19C0,id.csv,20251017,24A04F085FDF19C0_20251017_234104T.WAV,24A04F085FDF19C0_20251017_234104_000T.wav,NA,D:\Ashlees Bat Call\P2 (10.19),D:\Schmeeckle analyzed 102725\Ashlees\P2,7,22.745,414.216,22.663,3.458,57.18,5.772,1.7,NA,2025-10-17T23:41:04Z,LASCIN,2025-10-17
MCE,2025-10-19T04:01:42Z,2025-10-18,23:01:42,23,LASCIN,0.5,23.493,15.09,0,0.332824,EPTFUS,LASNOC,NA,NA,14,14,11.595,1,0,26.889,23.106,9,24A04F085FDF19C0,id.csv,20251019,24A04F085FDF19C0_20251019_040142T.WAV,24A04F085FDF19C0_20251019_040142_000T.wav,NA,D:\Ashlees Bat Call\P2 (10.19),D:\Schmeeckle analyzed 102725\Ashlees\P2,7,24.515,355.673,24.573,5.341,68.16,9.912,2.6,NA,2025-10-19T04:01:42Z,LASCIN,2025-10-18
MCE,2025-10-19T00:55:44Z,2025-10-18,19:55:44,19,LASCIN,0.467,23.744,14.71,0,0.371636,EPTFUS,LASNOC,NA,NA,15,15,8.358,1,0,27.966,22.878,9,24A04F085FDF19C0,id.csv,20251019,24A04F085FDF19C0_20251019_005544T.WAV,24A04F085FDF19C0_20251019_005544_000T.wav,NA,D:\Ashlees Bat Call\P2 (10.19),D:\Schmeeckle analyzed 102725\Ashlees\P2,7,24.58,358.568,24.475,3.99,129.91,6.412,4.1,NA,2025-10-19T00:55:44Z,LASCIN,2025-10-18
MCE,2025-10-17T23:51:34Z,2025-10-17,18:51:34,18,LASCIN,0.333,24.602,12.52,0,0.277153,EPTFUS,LASNOC,NA,NA,21,21,6.588,1,0,28.443,24.333,9,24A04F085FDF19C0,id.csv,20251017,24A04F085FDF19C0_20251017_235134T.WAV,24A04F085FDF19C0_20251017_235134_000T.wav,NA,D:\Ashlees Bat Call\P2 (10.19),D:\Schmeeckle analyzed 102725\Ashlees\P2,7,25.616,407.989,25.159,3.891,114.71,5.978,3.47,NA,2025-10-17T23:51:34Z,LASCIN,2025-10-17
MCE,2025-10-18T23:29:24Z,2025-10-18,18:29:24,18,LASCIN,0.3,23.311,14.39,0,0.340639,EPTFUS,LASNOC,NA,NA,20,20,14.189,1,0,28.402,22.682,9,24A04F085FDF19C0,id.csv,20251018,24A04F085FDF19C0_20251018_232924T.WAV,24A04F085FDF19C0_20251018_232924_000T.wav,NA,D:\Ashlees Bat Call\P2 (10.19),D:\Schmeeckle analyzed 102725\Ashlees\P2,6,24.707,375.972,24.269,7.833,4.83,11.915,4.04,NA,2025-10-18T23:29:24Z,LASCIN,2025-10-18
MCE,2025-10-17T23:43:24Z,2025-10-17,18:43:24,18,LASCIN,1,22.345,5.98,0,0.392534,EPTFUS,LASNOC,NA,NA,5,5,6.063,1,0,23.67,21.975,9,24A04F085FDF19C0,id.csv,20251017,24A04F085FDF19C0_20251017_234324T.WAV,24A04F085FDF19C0_20251017_234324_000T.wav,NA,D:\Ashlees Bat Call\P2 (10.19),D:\Schmeeckle analyzed 102725\Ashlees\P2,5,22.664,1520.138,22.556,3.012,65.96,5.155,1.55,NA,2025-10-17T23:43:24Z,LASCIN,2025-10-17
MCE,2025-10-17T23:56:14Z,2025-10-17,18:56:14,18,LASCIN,1,22.581,2.82,0,0.39878,EPTFUS,LASNOC,NA,NA,5,5,6.876,1,0,25.293,22.206,9,24A04F085FDF19C0,id.csv,20251017,24A04F085FDF19C0_20251017_235614T.WAV,24A04F085FDF19C0_20251017_235614_000T.wav,NA,D:\Ashlees Bat Call\P2 (10.19),D:\Schmeeckle analyzed 102725\Ashlees\P2,5,23.182,1036.007,22.709,4.571,58.13,5.878,0.85,NA,2025-10-17T23:56:14Z,LASCIN,2025-10-17
MCE,2025-10-17T23:31:30Z,2025-10-17,18:31:30,18,LASCIN,0.833,22.603,22.53,0,0.423763,EPTFUS,LASNOC,NA,NA,6,6,7.066,1,0,25.212,22.49,9,24A04F085FDF19C0,id.csv,20251017,24A04F085FDF19C0_20251017_233130T.WAV,24A04F085FDF19C0_20251017_233130_000T.wav,NA,D:\Ashlees Bat Call\P2 (10.19),D:\Schmeeckle analyzed 102725\Ashlees\P2,5,23.513,620.322,23.523,3.692,75.12,6.688,0.94,NA,2025-10-17T23:31:30Z,LASCIN,2025-10-17
MCE,2025-10-18T00:04:38Z,2025-10-17,19:04:38,19,LASCIN,0.714,23.082,8.6,0,0.407456,EPTFUS,NA,NA,NA,7,7,3.292,1,0,24.117,22.911,9,24A04F085FDF19C0,id.csv,20251018,24A04F085FDF19C0_20251018_000438T.WAV,24A04F085FDF19C0_20251018_000438_000T.wav,NA,D:\Ashlees Bat Call\P2 (10.19),D:\Schmeeckle analyzed 102725\Ashlees\P2,5,23.373,1422.868,23.34,1.502,69.75,2.941,1.72,NA,2025-10-18T00:04:38Z,LASCIN,2025-10-17
MCE,2025-10-19T01:09:44Z,2025-10-18,20:09:44,20,LASCIN,0.714,23.808,12.6,0,0.32477,LASNOC,EPTFUS,NA,NA,7,7,13.784,1,0,28.05,23.223,9,24A04F085FDF19C0,id.csv,20251019,24A04F085FDF19C0_20251019_010944T.WAV,24A04F085FDF19C0_20251019_010944_000T.wav,NA,D:\Ashlees Bat Call\P2 (10.19),D:\Schmeeckle analyzed 102725\Ashlees\P2,5,24.961,365.313,24.843,6.542,70.65,11.311,0.83,NA,2025-10-19T01:09:44Z,LASCIN,2025-10-18
MCE,2025-10-19T01:04:08Z,2025-10-18,20:04:08,20,LASCIN,0.556,25.163,11.94,0,0.252492,LASNOC,EPTFUS,NA,NA,9,9,6.931,1,0,27.587,24.905,9,24A04F085FDF19C0,id.csv,20251019,24A04F085FDF19C0_20251019_010408T.WAV,24A04F085FDF19C0_20251019_010408_000T.wav,NA,D:\Ashlees Bat Call\P2 (10.19),D:\Schmeeckle analyzed 102725\Ashlees\P2,5,25.853,385.528,25.575,4.136,24.16,6.015,1.53,NA,2025-10-19T01:04:08Z,LASCIN,2025-10-18
MCE,2025-10-17T23:42:14Z,2025-10-17,18:42:14,18,LASCIN,0.417,24.313,11.41,0,0.351707,EPTFUS,LASNOC,NA,NA,12,12,6.918,1,0,26.843,23.959,9,24A04F085FDF19C0,id.csv,20251017,24A04F085FDF19C0_20251017_234214T.WAV,24A04F085FDF19C0_20251017_234214_000T.wav,NA,D:\Ashlees Bat Call\P2 (10.19),D:\Schmeeckle analyzed 102725\Ashlees\P2,5,25.005,756.573,24.729,4.246,84.11,6.017,2.69,NA,2025-10-17T23:42:14Z,LASCIN,2025-10-17
MCE,2025-10-18T01:35:52Z,2025-10-17,20:35:52,20,LASCIN,0.278,23.407,19.59,0,0.376204,EPTFUS,LASNOC,NA,NA,18,18,9.651,1,0,27.838,23.246,9,24A04F085FDF19C0,id.csv,20251018,24A04F085FDF19C0_20251018_013552T.WAV,24A04F085FDF19C0_20251018_013552_000T.wav,NA,D:\Ashlees Bat Call\P2 (10.19),D:\Schmeeckle analyzed 102725\Ashlees\P2,5,24.738,257.678,24.718,4.574,95.53,9.015,4.08,NA,2025-10-18T01:35:52Z,LASCIN,2025-10-17
MCE,2025-10-19T01:06:00Z,2025-10-18,20:06:00,20,LASCIN,0.263,23.96,16.4,0,0.363413,EPTFUS,LASNOC,NA,NA,19,19,9.607,1,0,26.857,22.877,9,24A04F085FDF19C0,id.csv,20251019,24A04F085FDF19C0_20251019_010600T.WAV,24A04F085FDF19C0_20251019_010600_000T.wav,NA,D:\Ashlees Bat Call\P2 (10.19),D:\Schmeeckle analyzed 102725\Ashlees\P2,5,24.634,347.023,24.71,4.536,58.88,6.987,4.24,NA,2025-10-19T01:06:00Z,LASCIN,2025-10-18
MCE,2025-10-19T00:53:52Z,2025-10-18,19:53:52,19,LASCIN,0.8,23.17,-0.13,0,0.417564,EPTFUS,LASNOC,NA,NA,5,5,6.563,1,0,24.433,22.006,9,24A04F085FDF19C0,id.csv,20251019,24A04F085FDF19C0_20251019_005352T.WAV,24A04F085FDF19C0_20251019_005352_000T.wav,NA,D:\Ashlees Bat Call\P2 (10.19),D:\Schmeeckle analyzed 102725\Ashlees\P2,4,23.14,929.82,23.565,1.721,22.67,3.449,1.68,NA,2025-10-19T00:53:52Z,LASCIN,2025-10-18
MCE,2025-10-18T00:13:44Z,2025-10-17,19:13:44,19,LASCIN,0.667,24.165,17.92,0,0.401267,EPTFUS,LASNOC,NA,NA,6,6,4.508,1,0,25.121,23.571,9,24A04F085FDF19C0,id.csv,20251018,24A04F085FDF19C0_20251018_001344T.WAV,24A04F085FDF19C0_20251018_001344_000T.wav,NA,D:\Ashlees Bat Call\P2 (10.19),D:\Schmeeckle analyzed 102725\Ashlees\P2,4,24.259,1387.939,24.664,0.915,37.09,2.826,1.03,NA,2025-10-18T00:13:44Z,LASCIN,2025-10-17
MCE,2025-10-19T00:20:16Z,2025-10-18,19:20:16,19,LASCIN,0.333,24.951,13.91,0,0.273885,EPTFUS,LASNOC,NA,NA,12,12,7.016,1,0,27.403,23.969,9,24A04F085FDF19C0,id.csv,20251019,24A04F085FDF19C0_20251019_002016T.WAV,24A04F085FDF19C0_20251019_002016_000T.wav,NA,D:\Ashlees Bat Call\P2 (10.19),D:\Schmeeckle analyzed 102725\Ashlees\P2,4,25.027,285.269,25.348,3.231,129.95,4.659,3,NA,2025-10-19T00:20:16Z,LASCIN,2025-10-18
MCE,2025-10-18T01:59:40Z,2025-10-17,20:59:40,20,LASCIN,0.286,23.807,25.71,0,0.265646,EPTFUS,LASNOC,NA,NA,14,14,7.933,1,0,27.666,23.436,9,24A04F085FDF19C0,id.csv,20251018,24A04F085FDF19C0_20251018_015940T.WAV,24A04F085FDF19C0_20251018_015940_000T.wav,NA,D:\Ashlees Bat Call\P2 (10.19),D:\Schmeeckle analyzed 102725\Ashlees\P2,4,24.938,377.02,25.282,2.765,48.34,6.824,3.41,NA,2025-10-18T01:59:40Z,LASCIN,2025-10-17
MCE,2025-10-19T00:55:30Z,2025-10-18,19:55:30,19,LASCIN,0.25,24.526,18.5,0,0.260261,LASNOC,EPTFUS,NA,NA,16,16,9.133,1,0,28.481,24.014,9,24A04F085FDF19C0,id.csv,20251019,24A04F085FDF19C0_20251019_005530T.WAV,24A04F085FDF19C0_20251019_005530_000T.wav,NA,D:\Ashlees Bat Call\P2 (10.19),D:\Schmeeckle analyzed 102725\Ashlees\P2,4,25.577,227.808,25.974,3.17,120.96,7.768,1.72,NA,2025-10-19T00:55:30Z,LASCIN,2025-10-18
MCE,2025-10-19T00:59:00Z,2025-10-18,19:59:00,19,LASCIN,0.148,23.426,16.74,0,0.311675,EPTFUS,LASNOC,NA,NA,27,27,10.767,1,0,29.211,23.197,9,24A04F085FDF19C0,id.csv,20251019,24A04F085FDF19C0_20251019_005900T.WAV,24A04F085FDF19C0_20251019_005900_000T.wav,NA,D:\Ashlees Bat Call\P2 (10.19),D:\Schmeeckle analyzed 102725\Ashlees\P2,4,25.165,311.256,24.549,6.383,86.33,10.19,3.72,NA,2025-10-19T00:59:00Z,LASCIN,2025-10-18
MCE,2025-10-18T05:33:52Z,2025-10-18,00:33:52,0,LASCIN,1,22.629,16.13,0,0.40291,LASNOC,EPTFUS,NA,NA,3,3,6.272,1,0,24.688,22.438,9,24A04F085FDF19C0,id.csv,20251018,24A04F085FDF19C0_20251018_053352T.WAV,24A04F085FDF19C0_20251018_053352_000T.wav,NA,D:\Ashlees Bat Call\P2 (10.19),D:\Schmeeckle analyzed 102725\Ashlees\P2,3,23.23,1384.61,23.327,2.752,107.37,5.555,0.91,NA,2025-10-18T05:33:52Z,LASCIN,2025-10-17
MCE,2025-10-19T00:59:14Z,2025-10-18,19:59:14,19,LASCIN,0.75,23.884,0.86,0,0.179542,LASNOC,EPTFUS,NA,NA,4,4,6.518,1,0,25.372,23.535,9,24A04F085FDF19C0,id.csv,20251019,24A04F085FDF19C0_20251019_005914T.WAV,24A04F085FDF19C0_20251019_005914_000T.wav,NA,D:\Ashlees Bat Call\P2 (10.19),D:\Schmeeckle analyzed 102725\Ashlees\P2,3,24.278,1117.738,24.14,3.255,-51.16,5.457,0.67,NA,2025-10-19T00:59:14Z,LASCIN,2025-10-18
MCE,2025-10-18T00:12:34Z,2025-10-17,19:12:34,19,LASCIN,0.214,24.565,15.89,0,0.25466,EPTFUS,LASNOC,NA,NA,14,14,6.461,1,0,27.476,24.009,9,24A04F085FDF19C0,id.csv,20251018,24A04F085FDF19C0_20251018_001234T.WAV,24A04F085FDF19C0_20251018_001234_000T.wav,NA,D:\Ashlees Bat Call\P2 (10.19),D:\Schmeeckle analyzed 102725\Ashlees\P2,3,25.247,511.023,24.967,3.227,26.09,4.741,3.76,NA,2025-10-18T00:12:34Z,LASCIN,2025-10-17
MCE,2025-10-17T23:56:00Z,2025-10-17,18:56:00,18,LASCIN,1,24.322,3.66,0,0.36382,LASNOC,EPTFUS,NA,NA,2,2,5.556,1,0,25.318,23.776,9,24A04F085FDF19C0,id.csv,20251017,24A04F085FDF19C0_20251017_235600T.WAV,24A04F085FDF19C0_20251017_235600_000T.wav,NA,D:\Ashlees Bat Call\P2 (10.19),D:\Schmeeckle analyzed 102725\Ashlees\P2,2,24.474,694.012,24.66,1.603,-129.59,4.231,0.62,NA,2025-10-17T23:56:00Z,LASCIN,2025-10-17
MCE,2025-10-18T01:08:06Z,2025-10-17,20:08:06,20,LASCIN,1,22.476,10.33,0,0.472162,EPTFUS,NA,NA,NA,2,2,7.358,1,0,24.869,22.442,9,24A04F085FDF19C0,id.csv,20251018,24A04F085FDF19C0_20251018_010806T.WAV,24A04F085FDF19C0_20251018_010806_000T.wav,NA,D:\Ashlees Bat Call\P2 (10.19),D:\Schmeeckle analyzed 102725\Ashlees\P2,2,23.342,266.561,23.079,4.47,57.89,7.358,0.41,NA,2025-10-18T01:08:06Z,LASCIN,2025-10-17
MCE,2025-10-18T00:09:32Z,2025-10-17,19:09:32,19,LASCIN,0.667,23.779,20.82,0,0.299432,LASNOC,EPTFUS,NA,NA,3,3,4.553,1,0,25.219,23.73,9,24A04F085FDF19C0,id.csv,20251018,24A04F085FDF19C0_20251018_000932T.WAV,24A04F085FDF19C0_20251018_000932_000T.wav,NA,D:\Ashlees Bat Call\P2 (10.19),D:\Schmeeckle analyzed 102725\Ashlees\P2,2,24.2,870.859,24,3.151,70.76,4.226,0.68,NA,2025-10-18T00:09:32Z,LASCIN,2025-10-17
MCE,2025-10-17T23:46:26Z,2025-10-17,18:46:26,18,LASCIN,0.5,24.479,19.58,0,0.319762,EPTFUS,LASNOC,NA,NA,4,4,7.727,1,0,27.12,23.659,9,24A04F085FDF19C0,id.csv,20251017,24A04F085FDF19C0_20251017_234626T.WAV,24A04F085FDF19C0_20251017_234626_000T.wav,NA,D:\Ashlees Bat Call\P2 (10.19),D:\Schmeeckle analyzed 102725\Ashlees\P2,2,25.236,610.823,25.876,2.04,25.03,6.21,0.98,NA,2025-10-17T23:46:26Z,LASCIN,2025-10-17
MCE,2025-10-18T00:05:06Z,2025-10-17,19:05:06,19,LASCIN,0.4,23.527,23.17,0,0.285519,EPTFUS,LASNOC,NA,NA,5,5,4.586,1,0,25.081,23.194,9,24A04F085FDF19C0,id.csv,20251018,24A04F085FDF19C0_20251018_000506T.WAV,24A04F085FDF19C0_20251018_000506_000T.wav,NA,D:\Ashlees Bat Call\P2 (10.19),D:\Schmeeckle analyzed 102725\Ashlees\P2,2,23.95,794.452,24.245,1.574,28.84,3.551,1.6,NA,2025-10-18T00:05:06Z,LASCIN,2025-10-17
MCE,2025-10-19T00:14:12Z,2025-10-18,19:14:12,19,LASCIN,0.222,23.933,-10.77,0,0.441104,EPTFUS,LASNOC,NA,NA,9,9,5.648,1,0,26.342,23.476,9,24A04F085FDF19C0,id.csv,20251019,24A04F085FDF19C0_20251019_001412T.WAV,24A04F085FDF19C0_20251019_001412_000T.wav,NA,D:\Ashlees Bat Call\P2 (10.19),D:\Schmeeckle analyzed 102725\Ashlees\P2,2,24.459,512.598,23.834,3.963,94.22,4.839,3.5,NA,2025-10-19T00:14:12Z,LASCIN,2025-10-18
MCE,2025-10-18T00:15:22Z,2025-10-17,19:15:22,19,LASCIN,0.182,24.554,22.93,0,0.365186,EPTFUS,LASNOC,NA,NA,11,11,3.854,1,0,26.232,24.295,9,24A04F085FDF19C0,id.csv,20251018,24A04F085FDF19C0_20251018_001522T.WAV,24A04F085FDF19C0_20251018_001522_000T.wav,NA,D:\Ashlees Bat Call\P2 (10.19),D:\Schmeeckle analyzed 102725\Ashlees\P2,2,25.104,541.816,25.194,1.809,62.31,3.44,2,NA,2025-10-18T00:15:22Z,LASCIN,2025-10-17
MCE,2025-10-19T01:09:58Z,2025-10-18,20:09:58,20,LASCIN,0.111,23.488,15.37,0,0.383338,EPTFUS,LASNOC,NA,NA,18,18,11.104,1,0,27.618,23.031,9,24A04F085FDF19C0,id.csv,20251019,24A04F085FDF19C0_20251019_010958T.WAV,24A04F085FDF19C0_20251019_010958_000T.wav,NA,D:\Ashlees Bat Call\P2 (10.19),D:\Schmeeckle analyzed 102725\Ashlees\P2,2,24.659,315.581,24.473,5.635,83.74,9.815,3.58,NA,2025-10-19T01:09:58Z,LASCIN,2025-10-18
MCE,2025-10-17T23:38:16Z,2025-10-17,18:38:16,18,LASCIN,0.5,24.251,-6.52,0,0.499342,EPTFUS,LASNOC,NA,NA,2,2,4.622,1,0,25.042,23.776,9,24A04F085FDF19C0,id.csv,20251017,24A04F085FDF19C0_20251017_233816T.WAV,24A04F085FDF19C0_20251017_233816_000T.wav,NA,D:\Ashlees Bat Call\P2 (10.19),D:\Schmeeckle analyzed 102725\Ashlees\P2,1,24.265,522.431,24.43,1.218,-40.27,2.953,0.7,NA,2025-10-17T23:38:16Z,LASCIN,2025-10-17
MCE,2025-10-18T00:01:36Z,2025-10-17,19:01:36,19,LASCIN,0.5,23.996,25.62,0,0.435305,EPTFUS,NA,NA,NA,2,2,4.438,1,0,25.084,23.922,9,24A04F085FDF19C0,id.csv,20251018,24A04F085FDF19C0_20251018_000136T.WAV,24A04F085FDF19C0_20251018_000136_000T.wav,NA,D:\Ashlees Bat Call\P2 (10.19),D:\Schmeeckle analyzed 102725\Ashlees\P2,1,24.4,375.93,24.548,2.525,70.19,4.111,1.07,NA,2025-10-18T00:01:36Z,LASCIN,2025-10-17
MCE,2025-10-18T00:32:52Z,2025-10-17,19:32:52,19,LASCIN,0.5,24.358,20.81,0,0.499342,EPTFUS,LASNOC,NA,NA,2,2,4.751,1,0,25.728,24.065,9,24A04F085FDF19C0,id.csv,20251018,24A04F085FDF19C0_20251018_003252T.WAV,24A04F085FDF19C0_20251018_003252_000T.wav,NA,D:\Ashlees Bat Call\P2 (10.19),D:\Schmeeckle analyzed 102725\Ashlees\P2,1,24.785,1138.204,24.653,2.866,71.12,3.765,0.72,NA,2025-10-18T00:32:52Z,LASCIN,2025-10-17
MCE,2025-10-18T00:37:46Z,2025-10-17,19:37:46,19,LASCIN,0.5,24.068,21.56,0,0.435305,EPTFUS,LASNOC,NA,NA,2,2,4.21,1,0,24.983,23.535,9,24A04F085FDF19C0,id.csv,20251018,24A04F085FDF19C0_20251018_003746T.WAV,24A04F085FDF19C0_20251018_003746_000T.wav,NA,D:\Ashlees Bat Call\P2 (10.19),D:\Schmeeckle analyzed 102725\Ashlees\P2,1,24.175,558.228,24.471,1.378,-57.73,2.537,0.62,NA,2025-10-18T00:37:46Z,LASCIN,2025-10-17
MCE,2025-10-18T00:45:14Z,2025-10-17,19:45:14,19,LASCIN,0.333,23.673,27.02,0,0.316625,EPTFUS,NA,NA,NA,3,3,3.022,1,0,24.479,23.535,9,24A04F085FDF19C0,id.csv,20251018,24A04F085FDF19C0_20251018_004514T.WAV,24A04F085FDF19C0_20251018_004514_000T.wav,NA,D:\Ashlees Bat Call\P2 (10.19),D:\Schmeeckle analyzed 102725\Ashlees\P2,1,23.853,1882.306,23.913,1.557,186.92,2.575,1.29,NA,2025-10-18T00:45:14Z,LASCIN,2025-10-17
MCE,2025-10-17T23:42:28Z,2025-10-17,18:42:28,18,LASCIN,0.25,24.064,14.02,0,0.344972,EPTFUS,LASNOC,NA,NA,4,4,2.912,1,0,24.987,23.867,9,24A04F085FDF19C0,id.csv,20251017,24A04F085FDF19C0_20251017_234228T.WAV,24A04F085FDF19C0_20251017_234228_000T.wav,NA,D:\Ashlees Bat Call\P2 (10.19),D:\Schmeeckle analyzed 102725\Ashlees\P2,1,24.353,1382.426,24.269,1.668,39.89,2.829,1.39,NA,2025-10-17T23:42:28Z,LASCIN,2025-10-17
MCE,2025-10-18T00:04:52Z,2025-10-17,19:04:52,19,LASCIN,0.25,25.3,18.08,0,0.187034,EPTFUS,LASNOC,NA,NA,4,4,5.558,1,0,26.97,24.862,9,24A04F085FDF19C0,id.csv,20251018,24A04F085FDF19C0_20251018_000452T.WAV,24A04F085FDF19C0_20251018_000452_000T.wav,NA,D:\Ashlees Bat Call\P2 (10.19),D:\Schmeeckle analyzed 102725\Ashlees\P2,1,25.667,1994.336,25.798,2.923,1.52,4.161,1.21,NA,2025-10-18T00:04:52Z,LASCIN,2025-10-17
MCE,2025-10-19T01:00:10Z,2025-10-18,20:00:10,20,LASCIN,0.25,23.447,16.73,0,0.415838,EPTFUS,LASNOC,NA,NA,4,4,5.303,1,0,25.191,23.344,9,24A04F085FDF19C0,id.csv,20251019,24A04F085FDF19C0_20251019_010010T.WAV,24A04F085FDF19C0_20251019_010010_000T.wav,NA,D:\Ashlees Bat Call\P2 (10.19),D:\Schmeeckle analyzed 102725\Ashlees\P2,1,24.095,292.243,23.848,3.224,26.08,4.708,0.76,NA,2025-10-19T01:00:10Z,LASCIN,2025-10-18
MCE,2025-10-17T23:36:38Z,2025-10-17,18:36:38,18,LASCIN,0.2,24.527,13.22,0,0.281834,EPTFUS,LASNOC,NA,NA,5,5,7.64,1,0,27.709,24.194,9,24A04F085FDF19C0,id.csv,20251017,24A04F085FDF19C0_20251017_233638T.WAV,24A04F085FDF19C0_20251017_233638_000T.wav,NA,D:\Ashlees Bat Call\P2 (10.19),D:\Schmeeckle analyzed 102725\Ashlees\P2,1,24.728,250.709,24.835,5.331,135.17,6.633,0.97,NA,2025-10-17T23:36:38Z,LASCIN,2025-10-17
MCE,2025-10-18T00:36:36Z,2025-10-17,19:36:36,19,LASCIN,0.2,24.03,7.04,0,0.341529,EPTFUS,LASNOC,NA,NA,5,5,11.651,1,0,27.546,22.912,9,24A04F085FDF19C0,id.csv,20251018,24A04F085FDF19C0_20251018_003636T.WAV,24A04F085FDF19C0_20251018_003636_000T.wav,NA,D:\Ashlees Bat Call\P2 (10.19),D:\Schmeeckle analyzed 102725\Ashlees\P2,1,24.8,511.27,24.561,5.813,105.39,8.676,1.07,NA,2025-10-18T00:36:36Z,LASCIN,2025-10-17
MCE,2025-10-18T02:23:56Z,2025-10-17,21:23:56,21,LASCIN,0.2,23.514,30.02,0,0.472418,EPTFUS,LASNOC,NA,NA,5,5,4.346,1,0,25.253,23.184,9,24A04F085FDF19C0,id.csv,20251018,24A04F085FDF19C0_20251018_022356T.WAV,24A04F085FDF19C0_20251018_022356_000T.wav,NA,D:\Ashlees Bat Call\P2 (10.19),D:\Schmeeckle analyzed 102725\Ashlees\P2,1,24.119,735.303,24.64,1.122,52.36,3.635,0.9,NA,2025-10-18T02:23:56Z,LASCIN,2025-10-17
MCE,2025-10-18T00:17:00Z,2025-10-17,19:17:00,19,LASCIN,0.143,23.936,14.79,0,0.278795,EPTFUS,LASNOC,NA,NA,7,7,8.917,1,0,27.928,23.73,9,24A04F085FDF19C0,id.csv,20251018,24A04F085FDF19C0_20251018_001700T.WAV,24A04F085FDF19C0_20251018_001700_000T.wav,NA,D:\Ashlees Bat Call\P2 (10.19),D:\Schmeeckle analyzed 102725\Ashlees\P2,1,25.039,401.856,24.733,4.892,96.65,8.187,1.41,NA,2025-10-18T00:17:00Z,LASCIN,2025-10-17
MCE,2025-10-19T01:49:52Z,2025-10-18,20:49:52,20,LASNOC,0.846,25.175,4.01,0,0.365003,LASCIN,EPTFUS,NA,NA,26,26,9.147,1,0,26.579,24.68,9,24A04F085FDF19C0,id.csv,20251019,24A04F085FDF19C0_20251019_014952T.WAV,24A04F085FDF19C0_20251019_014952_000T.wav,NA,D:\Ashlees Bat Call\P2 (10.19),D:\Schmeeckle analyzed 102725\Ashlees\P2,22,25.521,327.623,25.949,1.462,15.31,6.921,4.13,NA,2025-10-19T01:49:52Z,LASNOC,2025-10-18
MCE,2025-10-19T02:30:56Z,2025-10-18,21:30:56,21,LASNOC,0.952,26.724,19.89,0,0.489331,EPTFUS,LASCIN,NA,NA,21,21,7.713,1,0,31.762,26.669,9,24A04F085FDF19C0,id.csv,20251019,24A04F085FDF19C0_20251019_023056T.WAV,24A04F085FDF19C0_20251019_023056_000T.wav,NA,D:\Ashlees Bat Call\P2 (10.19),D:\Schmeeckle analyzed 102725\Ashlees\P2,20,27.96,361.202,27.989,3.024,132.77,7.301,2.82,NA,2025-10-19T02:30:56Z,LASNOC,2025-10-18
MCE,2025-10-19T02:30:42Z,2025-10-18,21:30:42,21,LASNOC,0.8,27.174,18.95,0,0.361448,EPTFUS,LASCIN,NA,NA,25,25,5.853,1,0,32.067,26.937,9,24A04F085FDF19C0,id.csv,20251019,24A04F085FDF19C0_20251019_023042T.WAV,24A04F085FDF19C0_20251019_023042_000T.wav,NA,D:\Ashlees Bat Call\P2 (10.19),D:\Schmeeckle analyzed 102725\Ashlees\P2,20,28.304,282.516,28.048,2.824,154.44,5.267,4.34,NA,2025-10-19T02:30:42Z,LASNOC,2025-10-18
MCE,2025-10-18T07:18:10Z,2025-10-18,02:18:10,2,LASNOC,0.941,25.351,6.03,0,0.314189,LASCIN,EPTFUS,NA,NA,17,17,5.504,1,0,26.207,25.165,9,24A04F085FDF19C0,id.csv,20251018,24A04F085FDF19C0_20251018_071810T.WAV,24A04F085FDF19C0_20251018_071810_000T.wav,NA,D:\Ashlees Bat Call\P2 (10.19),D:\Schmeeckle analyzed 102725\Ashlees\P2,16,25.576,507.55,25.661,1.971,23.19,4.557,2.48,NA,2025-10-18T07:18:10Z,LASNOC,2025-10-17
MCE,2025-10-19T07:08:36Z,2025-10-19,02:08:36,2,LASNOC,0.833,25.844,14.15,0,0.418252,EPTFUS,LASCIN,NA,NA,18,18,9.112,1,0,30.519,25.65,9,24A04F085FDF19C0,id.csv,20251019,24A04F085FDF19C0_20251019_070836T.WAV,24A04F085FDF19C0_20251019_070836_000T.wav,NA,D:\Ashlees Bat Call\P2 (10.19),D:\Schmeeckle analyzed 102725\Ashlees\P2,15,27.143,299.772,26.905,4.318,137.41,8.393,2.2,NA,2025-10-19T07:08:36Z,LASNOC,2025-10-18
MCE,2025-10-18T08:39:36Z,2025-10-18,03:39:36,3,LASNOC,0.789,26.319,19.67,0,0.363286,EPTFUS,LASCIN,NA,NA,19,19,7.232,1,0,30.519,25.866,9,24A04F085FDF19C0,id.csv,20251018,24A04F085FDF19C0_20251018_083936T.WAV,24A04F085FDF19C0_20251018_083936_000T.wav,NA,D:\Ashlees Bat Call\P2 (10.19),D:\Schmeeckle analyzed 102725\Ashlees\P2,15,27.347,307.373,27.552,2.499,147.98,6.434,3.79,NA,2025-10-18T08:39:36Z,LASNOC,2025-10-17
MCE,2025-10-18T07:17:56Z,2025-10-18,02:17:56,2,LASNOC,1,26.146,3.11,0,0.382167,LASCIN,EPTFUS,NA,NA,11,11,5.755,1,0,26.9,26.017,9,24A04F085FDF19C0,id.csv,20251018,24A04F085FDF19C0_20251018_071756T.WAV,24A04F085FDF19C0_20251018_071756_000T.wav,NA,D:\Ashlees Bat Call\P2 (10.19),D:\Schmeeckle analyzed 102725\Ashlees\P2,11,26.369,366.924,26.508,1.874,-92.65,5.095,2.26,NA,2025-10-18T07:17:56Z,LASNOC,2025-10-17
MCE,2025-10-19T01:22:48Z,2025-10-18,20:22:48,20,LASNOC,0.875,25.376,9.99,0,0.323175,LASCIN,EPTFUS,NA,NA,8,8,6.719,1,0,26.984,25.221,9,24A04F085FDF19C0,id.csv,20251019,24A04F085FDF19C0_20251019_012248T.WAV,24A04F085FDF19C0_20251019_012248_000T.wav,NA,D:\Ashlees Bat Call\P2 (10.19),D:\Schmeeckle analyzed 102725\Ashlees\P2,7,25.9,1209.08,25.846,3.437,53.06,6.113,1.65,NA,2025-10-19T01:22:48Z,LASNOC,2025-10-18
MCE,2025-10-17T23:48:46Z,2025-10-17,18:48:46,18,LASNOC,1,26.735,10.91,0,0.417493,LASCIN,EPTFUS,NA,NA,3,3,4.006,1,0,28.047,26.414,9,24A04F085FDF19C0,id.csv,20251017,24A04F085FDF19C0_20251017_234846T.WAV,24A04F085FDF19C0_20251017_234846_000T.wav,NA,D:\Ashlees Bat Call\P2 (10.19),D:\Schmeeckle analyzed 102725\Ashlees\P2,3,27.034,490.062,27.227,1.374,21.03,3.356,0.67,NA,2025-10-17T23:48:46Z,LASNOC,2025-10-17
MCE,2025-10-17T23:49:00Z,2025-10-17,18:49:00,18,LASNOC,0.75,25.505,18.11,0,0.172304,LASCIN,EPTFUS,NA,NA,4,4,4.643,1,0,26.461,25.204,9,24A04F085FDF19C0,id.csv,20251017,24A04F085FDF19C0_20251017_234900T.WAV,24A04F085FDF19C0_20251017_234900_000T.wav,NA,D:\Ashlees Bat Call\P2 (10.19),D:\Schmeeckle analyzed 102725\Ashlees\P2,3,25.67,2041.185,25.819,1.331,55.14,2.231,0.92,NA,2025-10-17T23:49:00Z,LASNOC,2025-10-17
MCE,2025-10-18T01:56:38Z,2025-10-17,20:56:38,20,LASNOC,1,27.458,5.54,0,0.350244,LASCIN,EPTFUS,NA,NA,2,2,4.635,1,0,27.74,27.095,9,24A04F085FDF19C0,id.csv,20251018,24A04F085FDF19C0_20251018_015638T.WAV,24A04F085FDF19C0_20251018_015638_000T.wav,NA,D:\Ashlees Bat Call\P2 (10.19),D:\Schmeeckle analyzed 102725\Ashlees\P2,2,27.4,1497.491,27.556,0.215,-39.09,1.691,0.6,NA,2025-10-18T01:56:38Z,LASNOC,2025-10-17
MCE,2025-10-18T23:39:54Z,2025-10-18,18:39:54,18,LASNOC,1,25.163,16.31,0,0.260306,LASCIN,EPTFUS,NA,NA,2,2,4.821,1,0,25.607,25.003,9,24A04F085FDF19C0,id.csv,20251018,24A04F085FDF19C0_20251018_233954T.WAV,24A04F085FDF19C0_20251018_233954_000T.wav,NA,D:\Ashlees Bat Call\P2 (10.19),D:\Schmeeckle analyzed 102725\Ashlees\P2,2,25.294,404.175,25.439,1.647,-28.07,3.554,0.62,NA,2025-10-18T23:39:54Z,LASNOC,2025-10-18
MCE,2025-10-18T07:33:48Z,2025-10-18,02:33:48,2,PERSUB,0.667,41.994,25.26,0,0.217621,LASBOR,MYOLUC,NA,NA,3,3,4.835,1,0,46.7,41.914,9,24A04F085FDF19C0,id.csv,20251018,24A04F085FDF19C0_20251018_073348T.WAV,24A04F085FDF19C0_20251018_073348_000T.wav,NA,D:\Ashlees Bat Call\P2 (10.19),D:\Schmeeckle analyzed 102725\Ashlees\P2,2,43.569,225.271,44.641,1.006,78.85,4.591,0.41,NA,2025-10-18T07:33:48Z,PERSUB,2025-10-17
MCI,2025-10-18T00:04:24Z,2025-10-17,19:04:24,19,LASCIN,1,24.056,-1.77,0,0.395337,EPTFUS,LASNOC,NA,NA,3,3,4.913,1,0,24.759,23.748,9,24A04F085FDF0C84,id.csv,20251018,24A04F085FDF0C84_20251018_000424T.WAV,24A04F085FDF0C84_20251018_000424_000T.wav,NA,D:\Ashlees Bat Call\P5 (10.19),D:\Schmeeckle analyzed 102725\Ashlees\P5,3,24.129,839.411,24.11,2.185,52.2,3.558,1.01,NA,2025-10-18T00:04:24Z,LASCIN,2025-10-17
MCI,2025-10-18T09:46:20Z,2025-10-18,04:46:20,4,LASCIN,1,18.321,1.51,0,0.459003,NA,NA,NA,NA,3,3,3.568,1,0,18.477,18.114,9,24A04F085FDF0C84,id.csv,20251018,24A04F085FDF0C84_20251018_094620T.WAV,24A04F085FDF0C84_20251018_094620_000T.wav,NA,D:\Ashlees Bat Call\P5 (10.19),D:\Schmeeckle analyzed 102725\Ashlees\P5,3,18.331,689.098,18.335,2.039,-31.25,3.202,1.35,NA,2025-10-18T09:46:20Z,LASCIN,2025-10-17
MCI,2025-10-17T23:57:24Z,2025-10-17,18:57:24,18,LASCIN,0.6,23.263,14.3,0,0.493783,EPTFUS,LASNOC,NA,NA,5,5,4.182,1,0,24.797,22.931,9,24A04F085FDF0C84,id.csv,20251017,24A04F085FDF0C84_20251017_235724T.WAV,24A04F085FDF0C84_20251017_235724_000T.wav,NA,D:\Ashlees Bat Call\P5 (10.19),D:\Schmeeckle analyzed 102725\Ashlees\P5,3,23.715,381.892,23.665,2.194,47.83,3.697,1.63,NA,2025-10-17T23:57:24Z,LASCIN,2025-10-17
MCI,2025-10-17T23:40:50Z,2025-10-17,18:40:50,18,LASCIN,1,23.291,15.18,0,0.472162,EPTFUS,NA,NA,NA,2,2,5.659,1,0,24.467,23.223,9,24A04F085FDF0C84,id.csv,20251017,24A04F085FDF0C84_20251017_234050T.WAV,24A04F085FDF0C84_20251017_234050_000T.wav,NA,D:\Ashlees Bat Call\P5 (10.19),D:\Schmeeckle analyzed 102725\Ashlees\P5,2,23.669,866.407,23.775,2.674,7.25,4.805,0.65,NA,2025-10-17T23:40:50Z,LASCIN,2025-10-17
MCI,2025-10-18T08:21:52Z,2025-10-18,03:21:52,3,LASNOC,0.4,27.247,119.94,0,0.248165,LASCIN,EPTFUS,NA,NA,10,10,3.619,1,0,43.187,26.816,9,24A04F085FDF0C84,id.csv,20251018,24A04F085FDF0C84_20251018_082152T.WAV,24A04F085FDF0C84_20251018_082152_000T.wav,NA,D:\Ashlees Bat Call\P5 (10.19),D:\Schmeeckle analyzed 102725\Ashlees\P5,4,32.01,109.899,30.191,2.126,416.04,3.388,2.36,NA,2025-10-18T08:21:52Z,LASNOC,2025-10-17
MCI,2025-10-18T06:56:14Z,2025-10-18,01:56:14,1,MYOLUC,1,51.25,108.28,0,0.323119,NA,NA,NA,NA,6,6,2.852,1,0,86.296,50.868,9,24A04F085FDF0C84,id.csv,20251018,24A04F085FDF0C84_20251018_065614T.WAV,24A04F085FDF0C84_20251018_065614_000T.wav,NA,D:\Ashlees Bat Call\P5 (10.19),D:\Schmeeckle analyzed 102725\Ashlees\P5,6,61.663,102.159,54.904,1.846,470.2,2.761,1.36,NA,2025-10-18T06:56:14Z,MYOLUC,2025-10-17
LPO,2025-10-18T00:27:26Z,2025-10-17,19:27:26,19,EPTFUS,1,26.105,37.07,0,0.559812,LASNOC,LASCIN,NA,NA,27,27,7.129,1,0,40.854,25.823,9,24E144036484A442,id.csv,20251018,24E144036484A442_20251018_002726T.WAV,24E144036484A442_20251018_002726_000T.wav,NA,D:\Ashlees Bat Call\TWS 3 (10.19),D:\Schmeeckle analyzed 102725\Ashlees\TWS 3,27,30.085,152.597,27.866,4.545,280.77,6.832,3.37,NA,2025-10-18T00:27:26Z,EPTFUS,2025-10-17
LPO,2025-10-17T23:53:22Z,2025-10-17,18:53:22,18,EPTFUS,0.85,25.406,27.31,0,0.276617,LASCIN,LASNOC,NA,NA,20,20,11.224,1,0,38.742,25.007,9,24E144036484A442,id.csv,20251017,24E144036484A442_20251017_235322T.WAV,24E144036484A442_20251017_235322_000T.wav,NA,D:\Ashlees Bat Call\TWS 3 (10.19),D:\Schmeeckle analyzed 102725\Ashlees\TWS 3,17,28.941,259.25,26.599,7.935,185.35,10.681,2.28,NA,2025-10-17T23:53:22Z,EPTFUS,2025-10-17
LPO,2025-10-18T03:57:40Z,2025-10-17,22:57:40,22,EPTFUS,0.737,26.309,34.68,0,0.240694,LASCIN,LASNOC,NA,NA,19,19,5.22,1,0,30.14,25.646,9,24E144036484A442,id.csv,20251018,24E144036484A442_20251018_035740T.WAV,24E144036484A442_20251018_035740_000T.wav,NA,D:\Ashlees Bat Call\TWS 3 (10.19),D:\Schmeeckle analyzed 102725\Ashlees\TWS 3,14,27.548,281.59,27.638,1.557,67.82,4.435,2.86,NA,2025-10-18T03:57:40Z,EPTFUS,2025-10-17
LPO,2025-10-18T01:46:04Z,2025-10-17,20:46:04,20,EPTFUS,0.765,24.435,25.37,0,0.270491,LASCIN,LASNOC,NA,NA,17,17,10.019,1,0,32.895,23.829,9,24E144036484A442,id.csv,20251018,24E144036484A442_20251018_014604T.WAV,24E144036484A442_20251018_014604_000T.wav,NA,D:\Ashlees Bat Call\TWS 3 (10.19),D:\Schmeeckle analyzed 102725\Ashlees\TWS 3,13,26.46,380.47,26.128,4.616,170.32,8.722,3.8,NA,2025-10-18T01:46:04Z,EPTFUS,2025-10-17
LPO,2025-10-17T23:56:52Z,2025-10-17,18:56:52,18,EPTFUS,0.619,27.577,37.34,0,0.387923,LASNOC,LASCIN,NA,NA,21,21,6.813,1,0,36.914,27.176,9,24E144036484A442,id.csv,20251017,24E144036484A442_20251017_235652T.WAV,24E144036484A442_20251017_235652_000T.wav,NA,D:\Ashlees Bat Call\TWS 3 (10.19),D:\Schmeeckle analyzed 102725\Ashlees\TWS 3,13,30.177,369.068,28.766,4.441,177.55,6.336,3.26,NA,2025-10-17T23:56:52Z,EPTFUS,2025-10-17
LPO,2025-10-18T00:58:56Z,2025-10-17,19:58:56,19,EPTFUS,0.667,27.132,36.77,0,0.360906,LASNOC,LASCIN,NA,NA,12,12,6.292,1,0,36.12,26.827,9,24E144036484A442,id.csv,20251018,24E144036484A442_20251018_005856T.WAV,24E144036484A442_20251018_005856_000T.wav,NA,D:\Ashlees Bat Call\TWS 3 (10.19),D:\Schmeeckle analyzed 102725\Ashlees\TWS 3,8,29.602,382.67,28.23,4.115,220.92,6.008,1.45,NA,2025-10-18T00:58:56Z,EPTFUS,2025-10-17
LPO,2025-10-18T01:56:34Z,2025-10-17,20:56:34,20,EPTFUS,0.625,26.408,23.95,0,0.391466,LASNOC,LASCIN,NA,NA,8,8,7.335,1,0,35.09,25.832,9,24E144036484A442,id.csv,20251018,24E144036484A442_20251018_015634T.WAV,24E144036484A442_20251018_015634_000T.wav,NA,D:\Ashlees Bat Call\TWS 3 (10.19),D:\Schmeeckle analyzed 102725\Ashlees\TWS 3,5,28.642,365.434,27.321,4.802,205.16,6.624,1.5,NA,2025-10-18T01:56:34Z,EPTFUS,2025-10-17
LPO,2025-10-17T23:59:12Z,2025-10-17,18:59:12,18,EPTFUS,0.8,24.896,18.78,0,0.270754,LASCIN,LASNOC,NA,NA,5,5,9.173,1,0,32.825,24.68,9,24E144036484A442,id.csv,20251017,24E144036484A442_20251017_235912T.WAV,24E144036484A442_20251017_235912_000T.wav,NA,D:\Ashlees Bat Call\TWS 3 (10.19),D:\Schmeeckle analyzed 102725\Ashlees\TWS 3,4,26.871,234.857,26.181,4.886,141.95,8.722,1.08,NA,2025-10-17T23:59:12Z,EPTFUS,2025-10-17
LPO,2025-10-18T01:11:32Z,2025-10-17,20:11:32,20,EPTFUS,0.8,25.868,19.88,0,0.370621,LASNOC,LASCIN,NA,NA,5,5,5.876,1,0,33.82,25.275,9,24E144036484A442,id.csv,20251018,24E144036484A442_20251018_011132T.WAV,24E144036484A442_20251018_011132_000T.wav,NA,D:\Ashlees Bat Call\TWS 3 (10.19),D:\Schmeeckle analyzed 102725\Ashlees\TWS 3,4,27.881,384.155,26.783,3.195,172.37,4.999,0.76,NA,2025-10-18T01:11:32Z,EPTFUS,2025-10-17
LPO,2025-10-17T23:47:18Z,2025-10-17,18:47:18,18,EPTFUS,1,29.965,66.25,0,0.571617,LASNOC,NA,NA,NA,2,2,2.766,1,0,36.836,29.965,9,24E144036484A442,id.csv,20251017,24E144036484A442_20251017_234718T.WAV,24E144036484A442_20251017_234718_000T.wav,NA,D:\Ashlees Bat Call\TWS 3 (10.19),D:\Schmeeckle analyzed 102725\Ashlees\TWS 3,2,32.453,258.243,31.079,1.972,267.01,2.766,0.46,NA,2025-10-17T23:47:18Z,EPTFUS,2025-10-17
LPO,2025-10-18T03:55:20Z,2025-10-17,22:55:20,22,LASBOR,0.75,40.295,17.89,0,0.148037,PERSUB,MYOLUC,NA,NA,8,8,5.064,1,0,44.349,39.994,9,24E144036484A442,id.csv,20251018,24E144036484A442_20251018_035520T.WAV,24E144036484A442_20251018_035520_000T.wav,NA,D:\Ashlees Bat Call\TWS 3 (10.19),D:\Schmeeckle analyzed 102725\Ashlees\TWS 3,6,41.438,381.552,41.937,1.24,129.28,4.506,1.75,NA,2025-10-18T03:55:20Z,LASBOR,2025-10-17
LPO,2025-10-18T03:47:10Z,2025-10-17,22:47:10,22,LASCIN,0.548,23.4,16.33,0,0.369739,LASNOC,EPTFUS,NA,NA,31,31,11.909,1,0,29.259,22.618,9,24E144036484A442,id.csv,20251018,24E144036484A442_20251018_034710T.WAV,24E144036484A442_20251018_034710_000T.wav,NA,D:\Ashlees Bat Call\TWS 3 (10.19),D:\Schmeeckle analyzed 102725\Ashlees\TWS 3,17,24.625,291.974,24.9,4.326,91.86,9.701,5.76,NA,2025-10-18T03:47:10Z,LASCIN,2025-10-17
LPO,2025-10-18T00:09:28Z,2025-10-17,19:09:28,19,LASCIN,0.846,23.649,6.45,0,0.323637,LASNOC,EPTFUS,NA,NA,13,13,9.06,1,0,25.851,23.208,9,24E144036484A442,id.csv,20251018,24E144036484A442_20251018_000928T.WAV,24E144036484A442_20251018_000928_000T.wav,NA,D:\Ashlees Bat Call\TWS 3 (10.19),D:\Schmeeckle analyzed 102725\Ashlees\TWS 3,11,24.171,562.283,24.154,4.102,57.73,7.161,3.53,NA,2025-10-18T00:09:28Z,LASCIN,2025-10-17
LPO,2025-10-18T01:57:58Z,2025-10-17,20:57:58,20,LASCIN,0.733,22.707,8.18,0,0.374389,EPTFUS,LASNOC,NA,NA,15,15,10.366,1,0,26.772,22.423,9,24E144036484A442,id.csv,20251018,24E144036484A442_20251018_015758T.WAV,24E144036484A442_20251018_015758_000T.wav,NA,D:\Ashlees Bat Call\TWS 3 (10.19),D:\Schmeeckle analyzed 102725\Ashlees\TWS 3,11,23.859,449.61,23.317,6.309,85.73,9.494,5.03,NA,2025-10-18T01:57:58Z,LASCIN,2025-10-17
LPO,2025-10-18T02:18:30Z,2025-10-17,21:18:30,21,LASCIN,0.714,24.23,9.85,0,0.332029,EPTFUS,LASNOC,NA,NA,14,14,7.711,1,0,26.793,23.884,9,24E144036484A442,id.csv,20251018,24E144036484A442_20251018_021830T.WAV,24E144036484A442_20251018_021830_000T.wav,NA,D:\Ashlees Bat Call\TWS 3 (10.19),D:\Schmeeckle analyzed 102725\Ashlees\TWS 3,10,24.859,445.596,24.714,4.094,33.41,6.714,4.76,NA,2025-10-18T02:18:30Z,LASCIN,2025-10-17
LPO,2025-10-17T23:42:24Z,2025-10-17,18:42:24,18,LASCIN,0.429,23.735,16.37,0,0.374306,EPTFUS,LASNOC,NA,NA,21,21,10.08,1,0,29.544,23.116,9,24E144036484A442,id.csv,20251017,24E144036484A442_20251017_234224T.WAV,24E144036484A442_20251017_234224_000T.wav,NA,D:\Ashlees Bat Call\TWS 3 (10.19),D:\Schmeeckle analyzed 102725\Ashlees\TWS 3,9,25.118,292.281,24.699,4.968,88.56,8.586,3.68,NA,2025-10-17T23:42:24Z,LASCIN,2025-10-17
LPO,2025-10-18T00:46:34Z,2025-10-17,19:46:34,19,LASCIN,0.889,21.995,13.44,0,0.377858,EPTFUS,LASNOC,NA,NA,9,9,6.521,1,0,24.184,21.635,9,24E144036484A442,id.csv,20251018,24E144036484A442_20251018_004634T.WAV,24E144036484A442_20251018_004634_000T.wav,NA,D:\Ashlees Bat Call\TWS 3 (10.19),D:\Schmeeckle analyzed 102725\Ashlees\TWS 3,8,22.71,700.127,22.811,3.38,45.6,5.852,0.99,NA,2025-10-18T00:46:34Z,LASCIN,2025-10-17
LPO,2025-10-17T23:39:08Z,2025-10-17,18:39:08,18,LASCIN,1,22.77,19.78,0,0.366035,LASNOC,EPTFUS,NA,NA,7,7,10.02,1,0,25.742,21.843,9,24E144036484A442,id.csv,20251017,24E144036484A442_20251017_233908T.WAV,24E144036484A442_20251017_233908_000T.wav,NA,D:\Ashlees Bat Call\TWS 3 (10.19),D:\Schmeeckle analyzed 102725\Ashlees\TWS 3,7,23.331,370.147,23.628,3.607,5.69,6.939,2.02,NA,2025-10-17T23:39:08Z,LASCIN,2025-10-17
LPO,2025-10-18T00:12:02Z,2025-10-17,19:12:02,19,LASCIN,0.875,22.371,19.48,0,0.427314,EPTFUS,LASNOC,NA,NA,8,8,4.376,1,0,24.267,21.96,9,24E144036484A442,id.csv,20251018,24E144036484A442_20251018_001202T.WAV,24E144036484A442_20251018_001202_000T.wav,NA,D:\Ashlees Bat Call\TWS 3 (10.19),D:\Schmeeckle analyzed 102725\Ashlees\TWS 3,7,22.896,618.901,22.92,2.042,5.91,3.621,1.65,NA,2025-10-18T00:12:02Z,LASCIN,2025-10-17
LPO,2025-10-18T03:59:46Z,2025-10-17,22:59:46,22,LASCIN,1,16.786,2.27,0,0.372886,NA,NA,NA,NA,6,6,7.843,1,0,17.034,16.604,9,24E144036484A442,id.csv,20251018,24E144036484A442_20251018_035946T.WAV,24E144036484A442_20251018_035946_000T.wav,NA,D:\Ashlees Bat Call\TWS 3 (10.19),D:\Schmeeckle analyzed 102725\Ashlees\TWS 3,6,16.793,122.636,16.803,3.167,37.82,5.47,0.68,NA,2025-10-18T03:59:46Z,LASCIN,2025-10-17
LPO,2025-10-18T02:19:26Z,2025-10-17,21:19:26,21,LASCIN,0.667,24.381,13.61,0,0.199532,LASNOC,EPTFUS,NA,NA,9,9,8.257,1,0,28.58,24.097,9,24E144036484A442,id.csv,20251018,24E144036484A442_20251018_021926T.WAV,24E144036484A442_20251018_021926_000T.wav,NA,D:\Ashlees Bat Call\TWS 3 (10.19),D:\Schmeeckle analyzed 102725\Ashlees\TWS 3,6,25.254,513.788,25.14,3.644,10.65,7.21,2.85,NA,2025-10-18T02:19:26Z,LASCIN,2025-10-17
LPO,2025-10-18T00:03:10Z,2025-10-17,19:03:10,19,LASCIN,0.545,25.105,12.57,0,0.346511,EPTFUS,LASNOC,NA,NA,11,11,6.49,1,0,27.856,24.361,9,24E144036484A442,id.csv,20251018,24E144036484A442_20251018_000310T.WAV,24E144036484A442_20251018_000310_000T.wav,NA,D:\Ashlees Bat Call\TWS 3 (10.19),D:\Schmeeckle analyzed 102725\Ashlees\TWS 3,6,25.681,361.267,25.732,3.057,65.2,4.912,2.46,NA,2025-10-18T00:03:10Z,LASCIN,2025-10-17
LPO,2025-10-18T00:22:18Z,2025-10-17,19:22:18,19,LASCIN,0.429,24.058,15.03,0,0.290919,LASNOC,EPTFUS,NA,NA,14,14,7.291,1,0,26.366,23.473,9,24E144036484A442,id.csv,20251018,24E144036484A442_20251018_002218T.WAV,24E144036484A442_20251018_002218_000T.wav,NA,D:\Ashlees Bat Call\TWS 3 (10.19),D:\Schmeeckle analyzed 102725\Ashlees\TWS 3,6,24.64,548.057,24.86,2.937,12.26,5.98,2.92,NA,2025-10-18T00:22:18Z,LASCIN,2025-10-17
LPO,2025-10-18T00:05:30Z,2025-10-17,19:05:30,19,LASCIN,0.833,23.33,14.6,0,0.304402,LASNOC,EPTFUS,NA,NA,6,6,8.59,1,0,25.489,22.923,9,24E144036484A442,id.csv,20251018,24E144036484A442_20251018_000530T.WAV,24E144036484A442_20251018_000530_000T.wav,NA,D:\Ashlees Bat Call\TWS 3 (10.19),D:\Schmeeckle analyzed 102725\Ashlees\TWS 3,5,23.94,504.75,23.768,4.963,33.31,6.834,1.43,NA,2025-10-18T00:05:30Z,LASCIN,2025-10-17
LPO,2025-10-18T00:04:34Z,2025-10-17,19:04:34,19,LASCIN,0.286,23.767,20.57,0,0.378837,EPTFUS,LASNOC,NA,NA,7,7,4.785,1,0,25.875,23.341,9,24E144036484A442,id.csv,20251018,24E144036484A442_20251018_000434T.WAV,24E144036484A442_20251018_000434_000T.wav,NA,D:\Ashlees Bat Call\TWS 3 (10.19),D:\Schmeeckle analyzed 102725\Ashlees\TWS 3,2,24.422,927.68,24.851,1.654,23.61,4.05,2.05,NA,2025-10-18T00:04:34Z,LASCIN,2025-10-17
LPO,2025-10-18T00:37:14Z,2025-10-17,19:37:14,19,LASCIN,0.5,23.06,6.49,0,0.399725,EPTFUS,LASNOC,NA,NA,2,2,7.257,1,0,24.717,22.826,9,24E144036484A442,id.csv,20251018,24E144036484A442_20251018_003714T.WAV,24E144036484A442_20251018_003714_000T.wav,NA,D:\Ashlees Bat Call\TWS 3 (10.19),D:\Schmeeckle analyzed 102725\Ashlees\TWS 3,1,23.578,515.81,23.394,4.399,92.24,6.306,0.4,NA,2025-10-18T00:37:14Z,LASCIN,2025-10-17
LPO,2025-10-18T03:45:18Z,2025-10-17,22:45:18,22,LASCIN,0.5,23.921,-1.62,0,0.319472,LASNOC,EPTFUS,NA,NA,2,2,8.305,1,0,25.724,23.399,9,24E144036484A442,id.csv,20251018,24E144036484A442_20251018_034518T.WAV,24E144036484A442_20251018_034518_000T.wav,NA,D:\Ashlees Bat Call\TWS 3 (10.19),D:\Schmeeckle analyzed 102725\Ashlees\TWS 3,1,24.377,2649.375,23.9,5.776,-32.61,7.46,0.93,NA,2025-10-18T03:45:18Z,LASCIN,2025-10-17
LPO,2025-10-17T23:38:40Z,2025-10-17,18:38:40,18,LASCIN,0.333,25.193,18.26,0,0.344232,EPTFUS,LASNOC,NA,NA,3,3,4.085,1,0,26.91,24.674,9,24E144036484A442,id.csv,20251017,24E144036484A442_20251017_233840T.WAV,24E144036484A442_20251017_233840_000T.wav,NA,D:\Ashlees Bat Call\TWS 3 (10.19),D:\Schmeeckle analyzed 102725\Ashlees\TWS 3,1,25.583,2738.52,25.956,0.777,113.86,3.227,0.78,NA,2025-10-17T23:38:40Z,LASCIN,2025-10-17
LPO,2025-10-17T23:45:26Z,2025-10-17,18:45:26,18,LASCIN,0.333,24.344,22.81,0,0.456206,EPTFUS,LASNOC,NA,NA,3,3,3.518,1,0,25.825,24.344,9,24E144036484A442,id.csv,20251017,24E144036484A442_20251017_234526T.WAV,24E144036484A442_20251017_234526_000T.wav,NA,D:\Ashlees Bat Call\TWS 3 (10.19),D:\Schmeeckle analyzed 102725\Ashlees\TWS 3,1,24.949,1509.701,25.422,0.839,67.54,3.463,0.85,NA,2025-10-17T23:45:26Z,LASCIN,2025-10-17
LPO,2025-10-18T03:10:46Z,2025-10-17,22:10:46,22,LASCIN,0.333,23.765,5.57,0,0.438607,EPTFUS,LASNOC,NA,NA,3,3,5.452,1,0,24.375,23.105,9,24E144036484A442,id.csv,20251018,24E144036484A442_20251018_031046T.WAV,24E144036484A442_20251018_031046_000T.wav,NA,D:\Ashlees Bat Call\TWS 3 (10.19),D:\Schmeeckle analyzed 102725\Ashlees\TWS 3,1,23.676,1089.173,23.958,1.542,44.79,2.599,0.69,NA,2025-10-18T03:10:46Z,LASCIN,2025-10-17
LPO,2025-10-18T00:29:32Z,2025-10-17,19:29:32,19,LASCIN,0.2,24.312,18.98,0,0.303639,EPTFUS,LASNOC,NA,NA,5,5,4.1,1,0,25.789,24.138,9,24E144036484A442,id.csv,20251018,24E144036484A442_20251018_002932T.WAV,24E144036484A442_20251018_002932_000T.wav,NA,D:\Ashlees Bat Call\TWS 3 (10.19),D:\Schmeeckle analyzed 102725\Ashlees\TWS 3,1,24.795,935.566,24.945,1.54,-3.58,3.668,1.8,NA,2025-10-18T00:29:32Z,LASCIN,2025-10-17
LPO,2025-10-18T02:01:00Z,2025-10-17,21:01:00,21,LASCIN,0.167,24.407,9.31,0,0.385586,EPTFUS,LASNOC,NA,NA,6,6,4.31,1,0,25.944,23.863,9,24E144036484A442,id.csv,20251018,24E144036484A442_20251018_020100T.WAV,24E144036484A442_20251018_020100_000T.wav,NA,D:\Ashlees Bat Call\TWS 3 (10.19),D:\Schmeeckle analyzed 102725\Ashlees\TWS 3,1,24.801,595.684,24.832,2.246,42.61,3.557,1.88,NA,2025-10-18T02:01:00Z,LASCIN,2025-10-17
LPO,2025-10-17T23:52:40Z,2025-10-17,18:52:40,18,LASNOC,1,26.171,6.4,0,0.443201,LASCIN,EPTFUS,NA,NA,3,3,6.74,1,0,29.644,25.884,9,24E144036484A442,id.csv,20251017,24E144036484A442_20251017_235240T.WAV,24E144036484A442_20251017_235240_000T.wav,NA,D:\Ashlees Bat Call\TWS 3 (10.19),D:\Schmeeckle analyzed 102725\Ashlees\TWS 3,3,27.198,527.304,26.615,4.683,49.05,6.276,1.16,NA,2025-10-17T23:52:40Z,LASNOC,2025-10-17
LPO,2025-10-18T00:05:58Z,2025-10-17,19:05:58,19,LASNOC,1,25.631,16.39,0,0.467191,LASCIN,EPTFUS,NA,NA,3,3,9.08,1,0,31.286,25.438,9,24E144036484A442,id.csv,20251018,24E144036484A442_20251018_000558T.WAV,24E144036484A442_20251018_000558_000T.wav,NA,D:\Ashlees Bat Call\TWS 3 (10.19),D:\Schmeeckle analyzed 102725\Ashlees\TWS 3,3,27.091,1248.378,25.933,7.615,91.58,8.81,0.59,NA,2025-10-18T00:05:58Z,LASNOC,2025-10-17
MCO,2025-11-01T00:35:40Z,2025-10-31,19:35:40,19,EPTFUS,0.733,26.843,20.61,0,0.358882,LASNOC,LASCIN,NA,NA,45,45,7.339,1,0,35.9,26.634,9,248D9B025FDF0B90,id.csv,20251101,248D9B025FDF0B90_20251101_003540T.WAV,248D9B025FDF0B90_20251101_003540_000T.wav,NA,H:\,D:\Schmeeckle analyzed 102725\Elizabeth\P1,33,29.358,196.73,27.705,4.688,177.93,6.846,6.35,NA,2025-11-01T00:35:40Z,EPTFUS,2025-10-31
MCO,2025-11-01T01:02:58Z,2025-10-31,20:02:58,20,LASCIN,0.958,21.623,14.92,0,0.351025,LASNOC,EPTFUS,NA,NA,24,24,13.112,1,0,27.971,21.186,9,248D9B025FDF0B90,id.csv,20251101,248D9B025FDF0B90_20251101_010258T.WAV,248D9B025FDF0B90_20251101_010258_000T.wav,NA,H:\,D:\Schmeeckle analyzed 102725\Elizabeth\P1,23,23.605,331.207,22.65,8.7,113.7,12.137,2.47,NA,2025-11-01T01:02:58Z,LASCIN,2025-10-31
MCO,2025-11-01T00:47:20Z,2025-10-31,19:47:20,19,LASCIN,1,22.318,9.96,0,0.368048,LASNOC,EPTFUS,NA,NA,22,22,11.826,1,0,26.936,21.962,7.892,248D9B025FDF0B90,id.csv,20251101,248D9B025FDF0B90_20251101_004720T.WAV,248D9B025FDF0B90_20251101_004720_000T.wav,NA,H:\,D:\Schmeeckle analyzed 102725\Elizabeth\P1,22,23.526,357.683,22.858,7.619,115.29,10.489,2.67,NA,2025-11-01T00:47:20Z,LASCIN,2025-10-31
MCO,2025-10-30T02:24:52Z,2025-10-29,21:24:52,21,LASCIN,0.941,23.994,6.71,0,0.444486,EPTFUS,LASNOC,NA,NA,17,17,6.432,1,0,24.902,23.784,8.233333,248D9B025FDF0B90,id.csv,20251030,248D9B025FDF0B90_20251030_022452T.WAV,248D9B025FDF0B90_20251030_022452_000T.wav,NA,H:\,D:\Schmeeckle analyzed 102725\Elizabeth\P1,16,24.207,427.435,24.27,2.718,55.44,5.306,4.61,NA,2025-10-30T02:24:52Z,LASCIN,2025-10-29
MCO,2025-11-01T01:00:10Z,2025-10-31,20:00:10,20,LASCIN,1,23.086,9.07,0,0.415781,EPTFUS,LASNOC,NA,NA,12,12,8.739,1,0,24.055,21.988,9,248D9B025FDF0B90,id.csv,20251101,248D9B025FDF0B90_20251101_010010T.WAV,248D9B025FDF0B90_20251101_010010_000T.wav,NA,H:\,D:\Schmeeckle analyzed 102725\Elizabeth\P1,12,23.076,461.581,23.536,1.877,79.11,4.859,3.17,NA,2025-11-01T01:00:10Z,LASCIN,2025-10-31
MCO,2025-11-01T01:13:14Z,2025-10-31,20:13:14,20,LASCIN,0.423,24.282,10.6,0,0.347598,EPTFUS,LASNOC,NA,NA,26,26,7.469,1,0,26.996,23.933,7.977333,248D9B025FDF0B90,id.csv,20251101,248D9B025FDF0B90_20251101_011314T.WAV,248D9B025FDF0B90_20251101_011314_000T.wav,NA,H:\,D:\Schmeeckle analyzed 102725\Elizabeth\P1,11,25.063,272.883,24.739,4.561,68.27,6.6,4.87,NA,2025-11-01T01:13:14Z,LASCIN,2025-10-31
MCO,2025-11-01T00:50:08Z,2025-10-31,19:50:08,19,LASCIN,0.45,23.247,15.09,0,0.34436,EPTFUS,LASNOC,NA,NA,20,20,14.145,1,0,28.368,22.558,7.294667,248D9B025FDF0B90,id.csv,20251101,248D9B025FDF0B90_20251101_005008T.WAV,248D9B025FDF0B90_20251101_005008_000T.wav,NA,H:\,D:\Schmeeckle analyzed 102725\Elizabeth\P1,9,24.491,358.226,24.495,6.573,130.66,11.88,2.7,NA,2025-11-01T00:50:08Z,LASCIN,2025-10-31
MCO,2025-11-01T01:17:40Z,2025-10-31,20:17:40,20,LASCIN,0.29,23.785,11.41,0,0.300389,EPTFUS,LASNOC,NA,NA,31,31,12.805,1,0,29.676,23.281,9,248D9B025FDF0B90,id.csv,20251101,248D9B025FDF0B90_20251101_011740T.WAV,248D9B025FDF0B90_20251101_011740_000T.wav,NA,H:\,D:\Schmeeckle analyzed 102725\Elizabeth\P1,9,25.244,252.229,24.581,7.293,75.09,11.357,4.49,NA,2025-11-01T01:17:40Z,LASCIN,2025-10-31
MCO,2025-10-30T02:13:12Z,2025-10-29,21:13:12,21,LASCIN,0.857,22.643,10.9,0,0.345328,LASNOC,EPTFUS,NA,NA,7,7,8.292,1,0,24.809,22.607,6.613333,248D9B025FDF0B90,id.csv,20251030,248D9B025FDF0B90_20251030_021312T.WAV,248D9B025FDF0B90_20251030_021312_000T.wav,NA,H:\,D:\Schmeeckle analyzed 102725\Elizabeth\P1,6,23.395,743.619,23.614,2.899,45.81,8.218,1.34,NA,2025-10-30T02:13:12Z,LASCIN,2025-10-29
MCO,2025-11-01T00:21:26Z,2025-10-31,19:21:26,19,LASCIN,0.25,23.426,14.69,0,0.359491,EPTFUS,LASNOC,NA,NA,16,16,13.415,1,0,29.626,22.513,6.185333,248D9B025FDF0B90,id.csv,20251101,248D9B025FDF0B90_20251101_002126T.WAV,248D9B025FDF0B90_20251101_002126_000T.wav,NA,H:\,D:\Schmeeckle analyzed 102725\Elizabeth\P1,4,24.755,355.212,24.957,4.904,93.28,11.297,2.05,NA,2025-11-01T00:21:26Z,LASCIN,2025-10-31
MCO,2025-11-01T00:39:52Z,2025-10-31,19:39:52,19,LASCIN,0.5,23.736,18.33,0,0.388835,EPTFUS,LASNOC,NA,NA,6,6,10.614,1,0,27.259,22.555,6.526667,248D9B025FDF0B90,id.csv,20251101,248D9B025FDF0B90_20251101_003952T.WAV,248D9B025FDF0B90_20251101_003952_000T.wav,NA,H:\,D:\Schmeeckle analyzed 102725\Elizabeth\P1,3,24.43,793.56,24.374,5.396,85.98,7.479,1.37,NA,2025-11-01T00:39:52Z,LASCIN,2025-10-31
MCO,2025-11-01T00:41:58Z,2025-10-31,19:41:58,19,LASCIN,0.125,23.599,14.86,0,0.331391,EPTFUS,LASNOC,NA,NA,24,24,9.299,1,0,28.717,23.239,9,248D9B025FDF0B90,id.csv,20251101,248D9B025FDF0B90_20251101_004158T.WAV,248D9B025FDF0B90_20251101_004158_000T.wav,NA,H:\,D:\Schmeeckle analyzed 102725\Elizabeth\P1,3,25.136,379.872,24.62,5.551,98.35,8.576,3.46,NA,2025-11-01T00:41:58Z,LASCIN,2025-10-31
MCO,2025-11-01T03:16:54Z,2025-10-31,22:16:54,22,LASCIN,0.5,23.006,10.66,0,0.354894,EPTFUS,LASNOC,NA,NA,4,4,11.028,1,0,25.433,22.762,4.224,248D9B025FDF0B90,id.csv,20251101,248D9B025FDF0B90_20251101_031654T.WAV,248D9B025FDF0B90_20251101_031654_000T.wav,NA,H:\,D:\Schmeeckle analyzed 102725\Elizabeth\P1,2,23.766,1083.486,23.588,6.6,72.39,10.066,0.87,NA,2025-11-01T03:16:54Z,LASCIN,2025-10-31
MCO,2025-11-01T00:41:44Z,2025-10-31,19:41:44,19,LASCIN,0.4,23.968,11.52,0,0.33762,EPTFUS,LASNOC,NA,NA,5,5,10.321,1,0,28.973,23.218,3.454667,248D9B025FDF0B90,id.csv,20251101,248D9B025FDF0B90_20251101_004144T.WAV,248D9B025FDF0B90_20251101_004144_000T.wav,NA,H:\,D:\Schmeeckle analyzed 102725\Elizabeth\P1,2,25.339,493.142,24.35,7.673,104.41,9.011,0.78,NA,2025-11-01T00:41:44Z,LASCIN,2025-10-31
MCO,2025-10-30T02:12:58Z,2025-10-29,21:12:58,21,LASCIN,0.5,23.354,21.17,0,0.499342,EPTFUS,LASNOC,NA,NA,2,2,9.198,1,0,25.853,23.201,2.004,248D9B025FDF0B90,id.csv,20251030,248D9B025FDF0B90_20251030_021258T.WAV,248D9B025FDF0B90_20251030_021258_000T.wav,NA,H:\,D:\Schmeeckle analyzed 102725\Elizabeth\P1,1,24.218,538.637,23.573,7.948,74.61,8.782,0.42,NA,2025-10-30T02:12:58Z,LASCIN,2025-10-29
MCO,2025-10-31T00:24:42Z,2025-10-30,19:24:42,19,LASCIN,0.5,23.503,11.54,0,0.404362,EPTFUS,LASNOC,NA,NA,2,2,4.028,1,0,24.814,23.293,4.308,248D9B025FDF0B90,id.csv,20251031,248D9B025FDF0B90_20251031_002442T.WAV,248D9B025FDF0B90_20251031_002442_000T.wav,NA,H:\,D:\Schmeeckle analyzed 102725\Elizabeth\P1,1,23.824,1950.798,23.857,1.835,81.65,3.604,0.52,NA,2025-10-31T00:24:42Z,LASCIN,2025-10-30
MCO,2025-11-01T01:35:52Z,2025-10-31,20:35:52,20,LASCIN,0.5,24.833,-0.32,0,0.221557,LASNOC,EPTFUS,NA,NA,2,2,5.618,1,0,25.684,24.326,3.882667,248D9B025FDF0B90,id.csv,20251101,248D9B025FDF0B90_20251101_013552T.WAV,248D9B025FDF0B90_20251101_013552_000T.wav,NA,H:\,D:\Schmeeckle analyzed 102725\Elizabeth\P1,1,24.96,614.072,24.889,3.207,22.31,4.016,0.52,NA,2025-11-01T01:35:52Z,LASCIN,2025-10-31
MCO,2025-10-29T23:55:32Z,2025-10-29,18:55:32,18,LASCIN,0.25,23.236,24.02,0,0.420882,EPTFUS,LASNOC,NA,NA,4,4,8.652,1,0,26.081,23.007,5.502667,248D9B025FDF0B90,id.csv,20251029,248D9B025FDF0B90_20251029_235532T.WAV,248D9B025FDF0B90_20251029_235532_000T.wav,NA,H:\,D:\Schmeeckle analyzed 102725\Elizabeth\P1,1,24.266,1175.993,24.09,5.199,74.94,7.732,0.76,NA,2025-10-29T23:55:32Z,LASCIN,2025-10-29
MCO,2025-10-30T00:05:20Z,2025-10-29,19:05:20,19,LASNOC,0.818,25.293,7.13,0,0.306494,LASCIN,EPTFUS,NA,NA,22,22,8.256,1,0,26.1,25.064,9,248D9B025FDF0B90,id.csv,20251030,248D9B025FDF0B90_20251030_000520T.WAV,248D9B025FDF0B90_20251030_000520_000T.wav,NA,H:\,D:\Schmeeckle analyzed 102725\Elizabeth\P1,18,25.481,286.018,25.691,3.002,-22.35,6.513,4.6,NA,2025-10-30T00:05:20Z,LASNOC,2025-10-29
MCO,2025-11-01T01:27:00Z,2025-10-31,20:27:00,20,LASNOC,0.545,25.159,9.9,0,0.252924,LASCIN,EPTFUS,NA,NA,11,11,7.113,1,0,26.987,24.823,8.830667,248D9B025FDF0B90,id.csv,20251101,248D9B025FDF0B90_20251101_012700T.WAV,248D9B025FDF0B90_20251101_012700_000T.wav,NA,H:\,D:\Schmeeckle analyzed 102725\Elizabeth\P1,6,25.599,423.977,25.693,2.982,56.18,5.941,2.01,NA,2025-11-01T01:27:00Z,LASNOC,2025-10-31
MCO,2025-11-01T00:35:54Z,2025-10-31,19:35:54,19,LASNOC,0.5,26.038,13.5,0,0.238947,EPTFUS,LASCIN,NA,NA,12,12,9.806,1,0,31.705,25.925,4.990667,248D9B025FDF0B90,id.csv,20251101,248D9B025FDF0B90_20251101_003554T.WAV,248D9B025FDF0B90_20251101_003554_000T.wav,NA,H:\,D:\Schmeeckle analyzed 102725\Elizabeth\P1,6,27.592,302.49,27.112,4.873,76.64,9.114,1.92,NA,2025-11-01T00:35:54Z,LASNOC,2025-10-31
MCE,2025-11-01T02:36:18Z,2025-10-31,21:36:18,21,LASCIN,0.923,22.893,10.22,0,0.38705,EPTFUS,LASNOC,NA,NA,13,13,8.446,1,0,24.103,21.432,9,24A04F085FDF19C0,id.csv,20251101,24A04F085FDF19C0_20251101_023618T.WAV,24A04F085FDF19C0_20251101_023618_000T.wav,NA,H:\,D:\Schmeeckle analyzed 102725\Elizabeth\P2,12,22.795,336.715,23.509,1.43,11.12,4.662,1.95,NA,2025-11-01T02:36:18Z,LASCIN,2025-10-31
MCE,2025-11-01T02:36:32Z,2025-10-31,21:36:32,21,LASCIN,1,21.867,17.39,0,0.393392,NA,NA,NA,NA,11,11,7.752,1,0,23.114,20.371,9,24A04F085FDF19C0,id.csv,20251101,24A04F085FDF19C0_20251101_023632T.WAV,24A04F085FDF19C0_20251101_023632_000T.wav,NA,H:\,D:\Schmeeckle analyzed 102725\Elizabeth\P2,11,21.746,341.781,22.501,1.427,67.78,4.031,2.84,NA,2025-11-01T02:36:32Z,LASCIN,2025-10-31
MCE,2025-11-01T01:13:14Z,2025-10-31,20:13:14,20,LASCIN,0.303,23.701,13.77,0,0.373256,EPTFUS,LASNOC,NA,NA,33,33,12.992,1,0,33.094,23.329,9,24A04F085FDF19C0,id.csv,20251101,24A04F085FDF19C0_20251101_011314T.WAV,24A04F085FDF19C0_20251101_011314_000T.wav,NA,H:\,D:\Schmeeckle analyzed 102725\Elizabeth\P2,10,25.722,268.829,24.83,7.317,181.14,11.896,4.48,NA,2025-11-01T01:13:14Z,LASCIN,2025-10-31
MCE,2025-11-01T00:47:20Z,2025-10-31,19:47:20,19,LASCIN,1,22.798,0.7,0,0.422468,EPTFUS,LASNOC,NA,NA,8,8,5.719,1,0,23.993,22.183,9,24A04F085FDF19C0,id.csv,20251101,24A04F085FDF19C0_20251101_004720T.WAV,24A04F085FDF19C0_20251101_004720_000T.wav,NA,H:\,D:\Schmeeckle analyzed 102725\Elizabeth\P2,8,22.976,701.253,23.068,2.199,19.68,3.933,2.87,NA,2025-11-01T00:47:20Z,LASCIN,2025-10-31
MCE,2025-11-01T01:27:00Z,2025-10-31,20:27:00,20,LASCIN,0.533,25.275,13.66,0,0.255702,LASNOC,EPTFUS,NA,NA,15,15,6.276,1,0,27.692,25.017,9,24A04F085FDF19C0,id.csv,20251101,24A04F085FDF19C0_20251101_012700T.WAV,24A04F085FDF19C0_20251101_012700_000T.wav,NA,H:\,D:\Schmeeckle analyzed 102725\Elizabeth\P2,8,25.831,363.133,25.921,2.42,113.8,5.562,3.77,NA,2025-11-01T01:27:00Z,LASCIN,2025-10-31
MCE,2025-11-01T00:21:26Z,2025-10-31,19:21:26,19,LASCIN,0.5,23.672,11.62,0,0.351284,EPTFUS,LASNOC,NA,NA,16,16,11.344,1,0,28.691,22.68,9,24A04F085FDF19C0,id.csv,20251101,24A04F085FDF19C0_20251101_002126T.WAV,24A04F085FDF19C0_20251101_002126_000T.wav,NA,H:\,D:\Schmeeckle analyzed 102725\Elizabeth\P2,8,24.695,305.827,24.541,5.254,114.37,9.138,2.46,NA,2025-11-01T00:21:26Z,LASCIN,2025-10-31
MCE,2025-11-01T01:23:16Z,2025-10-31,20:23:16,20,LASCIN,0.833,23.425,13.81,0,0.41838,EPTFUS,NA,NA,NA,6,6,9.175,1,0,25.101,21.902,9,24A04F085FDF19C0,id.csv,20251101,24A04F085FDF19C0_20251101_012316T.WAV,24A04F085FDF19C0_20251101_012316_000T.wav,NA,H:\,D:\Schmeeckle analyzed 102725\Elizabeth\P2,5,22.866,511.42,24.073,2.519,36.24,5.21,1.35,NA,2025-11-01T01:23:16Z,LASCIN,2025-10-31
MCE,2025-11-01T01:23:02Z,2025-10-31,20:23:02,20,LASCIN,0.417,22.9,12.32,0,0.389513,EPTFUS,LASNOC,NA,NA,12,12,8.773,1,0,25.822,22.511,9,24A04F085FDF19C0,id.csv,20251101,24A04F085FDF19C0_20251101_012302T.WAV,24A04F085FDF19C0_20251101_012302_000T.wav,NA,H:\,D:\Schmeeckle analyzed 102725\Elizabeth\P2,5,23.869,307.231,23.862,4.356,49.49,7.777,1.77,NA,2025-11-01T01:23:02Z,LASCIN,2025-10-31
MCE,2025-11-01T00:39:52Z,2025-10-31,19:39:52,19,LASCIN,0.25,23.573,20.15,0,0.497008,EPTFUS,LASNOC,NA,NA,4,4,6.878,1,0,26.066,22.979,9,24A04F085FDF19C0,id.csv,20251101,24A04F085FDF19C0_20251101_003952T.WAV,24A04F085FDF19C0_20251101_003952_000T.wav,NA,H:\,D:\Schmeeckle analyzed 102725\Elizabeth\P2,1,24.252,1073.902,24.345,3.167,112.62,5.463,0.95,NA,2025-11-01T00:39:52Z,LASCIN,2025-10-31
MCE,2025-10-31T09:03:24Z,2025-10-31,04:03:24,4,LASNOC,1,27.402,25.31,0,0.350244,LASCIN,EPTFUS,NA,NA,2,2,2.182,1,0,27.779,27.26,9,24A04F085FDF19C0,id.csv,20251031,24A04F085FDF19C0_20251031_090324T.WAV,24A04F085FDF19C0_20251031_090324_000T.wav,NA,H:\,D:\Schmeeckle analyzed 102725\Elizabeth\P2,2,27.508,541.404,27.544,1.018,-67.78,1.673,0.79,NA,2025-10-31T09:03:24Z,LASNOC,2025-10-30
MCI,2025-11-01T01:47:04Z,2025-10-31,20:47:04,20,EPTFUS,0.538,29.772,104.95,0,0.200004,LASNOC,NA,NA,NA,13,13,2.825,1,0,40.972,28.931,3.369333,24A04F085FDF0C84,id.csv,20251101,24A04F085FDF0C84_20251101_014704T.WAV,24A04F085FDF0C84_20251101_014704_000T.wav,NA,H:\,D:\Schmeeckle analyzed 102725\Elizabeth\P5,7,33.049,122.406,32.832,1.518,348.5,2.558,3.02,NA,2025-11-01T01:47:04Z,EPTFUS,2025-10-31
MCI,2025-10-30T01:44:44Z,2025-10-29,20:44:44,20,LASCIN,1,22.128,20.15,0,0.41965,EPTFUS,NA,NA,NA,6,6,6.559,1,0,23.835,21.923,6.186667,24A04F085FDF0C84,id.csv,20251030,24A04F085FDF0C84_20251030_014444T.WAV,24A04F085FDF0C84_20251030_014444_000T.wav,NA,H:\,D:\Schmeeckle analyzed 102725\Elizabeth\P5,6,22.697,481.851,22.388,4.822,55.39,5.839,1.37,NA,2025-10-30T01:44:44Z,LASCIN,2025-10-29
LPE,2025-10-31T00:20:16Z,2025-10-30,19:20:16,19,EPTFUS,0.933,27.138,47.88,0,0.567187,LASNOC,LASCIN,NA,NA,45,45,5.722,1,0,45.054,26.909,7.636,245AAA0666BC1507,id.csv,20251031,245AAA0666BC1507_20251031_002016T.WAV,245AAA0666BC1507_20251031_002016_000T.wav,NA,H:\,D:\Schmeeckle analyzed 102725\Elizabeth\TWS 1,42,31.867,157.983,28.642,3.931,431.85,5.573,8.44,NA,2025-10-31T00:20:16Z,EPTFUS,2025-10-30
LPE,2025-11-01T00:29:22Z,2025-10-31,19:29:22,19,EPTFUS,0.519,27.385,60.32,0,0.16351,LASNOC,LASCIN,NA,NA,27,27,4.69,1,0,38.472,26.22,8.062667,245AAA0666BC1507,id.csv,20251101,245AAA0666BC1507_20251101_002922T.WAV,245AAA0666BC1507_20251101_002922_000T.wav,NA,H:\,D:\Schmeeckle analyzed 102725\Elizabeth\TWS 1,14,30.141,264.861,28.687,3.052,351.63,3.978,9.59,NA,2025-11-01T00:29:22Z,EPTFUS,2025-10-31
LPE,2025-10-31T00:05:48Z,2025-10-30,19:05:48,19,EPTFUS,0.929,25.909,18.29,0,0.328499,LASNOC,LASCIN,NA,NA,14,14,7.034,1,0,35.447,25.394,5.929333,245AAA0666BC1507,id.csv,20251031,245AAA0666BC1507_20251031_000548T.WAV,245AAA0666BC1507_20251031_000548_000T.wav,NA,H:\,D:\Schmeeckle analyzed 102725\Elizabeth\TWS 1,13,28.334,293.928,26.345,4.949,252.78,6.248,2.56,NA,2025-10-31T00:05:48Z,EPTFUS,2025-10-30
LPE,2025-10-31T02:00:08Z,2025-10-30,21:00:08,21,EPTFUS,0.562,26.584,23.75,0,0.298798,LASNOC,LASCIN,NA,NA,16,16,5.745,1,0,34.329,26.424,5.930667,245AAA0666BC1507,id.csv,20251031,245AAA0666BC1507_20251031_020008T.WAV,245AAA0666BC1507_20251031_020008_000T.wav,NA,H:\,D:\Schmeeckle analyzed 102725\Elizabeth\TWS 1,9,28.793,206.515,27.168,4.066,170.4,5.51,3.71,NA,2025-10-31T02:00:08Z,EPTFUS,2025-10-30
LPE,2025-10-31T23:47:50Z,2025-10-31,18:47:50,18,EPTFUS,0.462,27.928,41,0,0.209853,LASNOC,LASCIN,NA,NA,13,13,3.071,1,0,35.262,27.314,9,245AAA0666BC1507,id.csv,20251031,245AAA0666BC1507_20251031_234750T.WAV,245AAA0666BC1507_20251031_234750_000T.wav,NA,H:\,D:\Schmeeckle analyzed 102725\Elizabeth\TWS 1,6,29.994,303.217,28.711,2.049,327.99,2.784,3.1,NA,2025-10-31T23:47:50Z,EPTFUS,2025-10-31
LPE,2025-10-31T01:01:34Z,2025-10-30,20:01:34,20,EPTFUS,0.2,26.747,19.69,0,0.265626,LASNOC,LASCIN,NA,NA,15,15,6.747,1,0,33.39,25.749,5.332,245AAA0666BC1507,id.csv,20251031,245AAA0666BC1507_20251031_010134T.WAV,245AAA0666BC1507_20251031_010134_000T.wav,NA,H:\,D:\Schmeeckle analyzed 102725\Elizabeth\TWS 1,3,28.31,288.517,27.524,3.923,126.04,5.918,2.95,NA,2025-10-31T01:01:34Z,EPTFUS,2025-10-30
LPE,2025-11-01T02:38:10Z,2025-10-31,21:38:10,21,LASCIN,0.923,22.935,6.58,0,0.435122,EPTFUS,NA,NA,NA,13,13,6.496,1,0,24.873,21.745,4.990667,245AAA0666BC1507,id.csv,20251101,245AAA0666BC1507_20251101_023810T.WAV,245AAA0666BC1507_20251101_023810_000T.wav,NA,H:\,D:\Schmeeckle analyzed 102725\Elizabeth\TWS 1,12,23.064,260.843,23.264,2.256,71.92,3.738,5.98,NA,2025-11-01T02:38:10Z,LASCIN,2025-10-31
LPE,2025-10-29T23:59:16Z,2025-10-29,18:59:16,18,LASCIN,0.647,23.547,9.45,0,0.343753,EPTFUS,LASNOC,NA,NA,17,17,10.239,1,0,26.772,23.223,7.806667,245AAA0666BC1507,id.csv,20251029,245AAA0666BC1507_20251029_235916T.WAV,245AAA0666BC1507_20251029_235916_000T.wav,NA,H:\,D:\Schmeeckle analyzed 102725\Elizabeth\TWS 1,11,24.494,412.388,23.918,7.222,67.24,9.101,3.53,NA,2025-10-29T23:59:16Z,LASCIN,2025-10-29
LPE,2025-11-01T01:47:32Z,2025-10-31,20:47:32,20,LASCIN,0.8,23.342,11.38,0,0.366778,EPTFUS,LASNOC,NA,NA,5,5,7.449,1,0,24.554,22.53,4.565333,245AAA0666BC1507,id.csv,20251101,245AAA0666BC1507_20251101_014732T.WAV,245AAA0666BC1507_20251101_014732_000T.wav,NA,H:\,D:\Schmeeckle analyzed 102725\Elizabeth\TWS 1,4,23.392,888.957,23.741,2.126,14.58,4.402,2.12,NA,2025-11-01T01:47:32Z,LASCIN,2025-10-31
LPE,2025-11-01T00:53:38Z,2025-10-31,19:53:38,19,LASCIN,0.667,25.083,25.51,0,0.369774,EPTFUS,LASNOC,NA,NA,6,6,5.431,1,0,27.087,24.547,9,245AAA0666BC1507,id.csv,20251101,245AAA0666BC1507_20251101_005338T.WAV,245AAA0666BC1507_20251101_005338_000T.wav,NA,H:\,D:\Schmeeckle analyzed 102725\Elizabeth\TWS 1,4,25.647,942.748,25.967,1.783,90.88,3.898,1.09,NA,2025-11-01T00:53:38Z,LASCIN,2025-10-31
LPE,2025-10-30T00:00:12Z,2025-10-29,19:00:12,19,LASCIN,0.333,23.783,21.81,0,0.268983,EPTFUS,LASNOC,NA,NA,12,12,7.922,1,0,27.435,23.043,6.612,245AAA0666BC1507,id.csv,20251030,245AAA0666BC1507_20251030_000012T.WAV,245AAA0666BC1507_20251030_000012_000T.wav,NA,H:\,D:\Schmeeckle analyzed 102725\Elizabeth\TWS 1,4,24.684,485.74,24.382,4.515,143.76,6.398,2.84,NA,2025-10-30T00:00:12Z,LASCIN,2025-10-29
LPE,2025-10-30T01:11:36Z,2025-10-29,20:11:36,20,LASCIN,0.667,23.331,12.85,0,0.450801,EPTFUS,LASNOC,NA,NA,3,3,8.557,1,0,26.607,22.82,4.906667,245AAA0666BC1507,id.csv,20251030,245AAA0666BC1507_20251030_011136T.WAV,245AAA0666BC1507_20251030_011136_000T.wav,NA,H:\,D:\Schmeeckle analyzed 102725\Elizabeth\TWS 1,2,24.451,786.845,24.098,5.185,100.97,7.401,2.4,NA,2025-10-30T01:11:36Z,LASCIN,2025-10-29
LPE,2025-10-30T01:09:02Z,2025-10-29,20:09:02,20,LASCIN,0.667,24.657,2.21,0,0.458625,EPTFUS,LASNOC,NA,NA,3,3,6.062,1,0,25.928,23.66,1.918667,245AAA0666BC1507,id.csv,20251030,245AAA0666BC1507_20251030_010902T.WAV,245AAA0666BC1507_20251030_010902_000T.wav,NA,H:\,D:\Schmeeckle analyzed 102725\Elizabeth\TWS 1,2,24.688,660.108,24.873,2.097,43.08,3.515,0.88,NA,2025-10-30T01:09:02Z,LASCIN,2025-10-29
LPE,2025-10-30T01:13:00Z,2025-10-29,20:13:00,20,LASCIN,0.5,24.616,22.65,0,0.379312,EPTFUS,LASNOC,NA,NA,2,2,4.869,1,0,25.98,24.17,3.541333,245AAA0666BC1507,id.csv,20251030,245AAA0666BC1507_20251030_011300T.WAV,245AAA0666BC1507_20251030_011300_000T.wav,NA,H:\,D:\Schmeeckle analyzed 102725\Elizabeth\TWS 1,1,25.035,1439.435,25.198,2.356,35.01,3.968,0.65,NA,2025-10-30T01:13:00Z,LASCIN,2025-10-29
LPE,2025-10-31T00:08:08Z,2025-10-30,19:08:08,19,LASCIN,0.333,25.409,3.9,0,0.306525,EPTFUS,LASNOC,NA,NA,3,3,5.853,1,0,28.184,25.115,1.833333,245AAA0666BC1507,id.csv,20251031,245AAA0666BC1507_20251031_000808T.WAV,245AAA0666BC1507_20251031_000808_000T.wav,NA,H:\,D:\Schmeeckle analyzed 102725\Elizabeth\TWS 1,1,26.159,427.108,25.452,4.666,28.87,5.682,1.77,NA,2025-10-31T00:08:08Z,LASCIN,2025-10-30
LPE,2025-10-29T23:56:42Z,2025-10-29,18:56:42,18,LASNOC,1,25.891,10.5,0,0.437234,LASCIN,EPTFUS,NA,NA,10,10,7.992,1,0,29.763,25.587,4.821333,245AAA0666BC1507,id.csv,20251029,245AAA0666BC1507_20251029_235642T.WAV,245AAA0666BC1507_20251029_235642_000T.wav,NA,H:\,D:\Schmeeckle analyzed 102725\Elizabeth\TWS 1,10,26.876,354.483,26.322,5.738,93.45,7.217,3.48,NA,2025-10-29T23:56:42Z,LASNOC,2025-10-29
LPI,2025-10-31T23:47:50Z,2025-10-31,18:47:50,18,EPTFUS,0.824,27.792,65.77,0,0.366262,LASNOC,LASCIN,NA,NA,17,17,4.465,1,0,39.942,27.139,8.062667,245AAA0666BC08AE,id.csv,20251031,245AAA0666BC08AE_20251031_234750T.WAV,245AAA0666BC08AE_20251031_234750_000T.wav,NA,H:\,D:\Schmeeckle analyzed 102725\Elizabeth\TWS 2,14,30.975,256.873,29.506,2.929,322.14,3.992,3.3,NA,2025-10-31T23:47:50Z,EPTFUS,2025-10-31
LPI,2025-10-31T00:05:34Z,2025-10-30,19:05:34,19,EPTFUS,0.786,25.921,15.44,0,0.293323,LASNOC,LASCIN,NA,NA,14,14,7.603,1,0,35.332,25.494,5.417333,245AAA0666BC08AE,id.csv,20251031,245AAA0666BC08AE_20251031_000534T.WAV,245AAA0666BC08AE_20251031_000534_000T.wav,NA,H:\,D:\Schmeeckle analyzed 102725\Elizabeth\TWS 2,11,28.38,399.294,26.409,5.427,206.19,6.923,3.99,NA,2025-10-31T00:05:34Z,EPTFUS,2025-10-30
LPI,2025-10-31T00:08:08Z,2025-10-30,19:08:08,19,EPTFUS,0.37,25.836,21.8,0,0.171778,LASNOC,LASCIN,NA,NA,27,27,6.991,1,0,35.254,25.376,9,245AAA0666BC08AE,id.csv,20251031,245AAA0666BC08AE_20251031_000808T.WAV,245AAA0666BC08AE_20251031_000808_000T.wav,NA,H:\,D:\Schmeeckle analyzed 102725\Elizabeth\TWS 2,10,28.135,318.779,26.314,5.107,222.07,6.346,9.94,NA,2025-10-31T00:08:08Z,EPTFUS,2025-10-30
LPI,2025-10-31T00:20:02Z,2025-10-30,19:20:02,19,EPTFUS,0.727,25.75,20.41,0,0.341932,LASNOC,LASCIN,NA,NA,11,11,6.92,1,0,31.697,24.931,4.650667,245AAA0666BC08AE,id.csv,20251031,245AAA0666BC08AE_20251031_002002T.WAV,245AAA0666BC08AE_20251031_002002_000T.wav,NA,H:\,D:\Schmeeckle analyzed 102725\Elizabeth\TWS 2,8,27.141,245.648,26.359,4.247,160.46,5.645,2.32,NA,2025-10-31T00:20:02Z,EPTFUS,2025-10-30
LPI,2025-11-01T01:52:54Z,2025-10-31,20:52:54,20,LASCIN,0.667,23.616,7.75,0,0.423356,EPTFUS,LASNOC,NA,NA,12,12,8.447,1,0,25.813,23.178,6.526667,245AAA0666BC08AE,id.csv,20251101,245AAA0666BC08AE_20251101_015254T.WAV,245AAA0666BC08AE_20251101_015254_000T.wav,NA,H:\,D:\Schmeeckle analyzed 102725\Elizabeth\TWS 2,8,24.238,399.722,23.794,6.037,26.75,7.211,2.56,NA,2025-11-01T01:52:54Z,LASCIN,2025-10-31
LPI,2025-11-01T02:38:10Z,2025-10-31,21:38:10,21,LASCIN,0.6,23.54,11.31,0,0.44472,EPTFUS,LASNOC,NA,NA,10,10,6.084,1,0,26.111,23.152,6.270667,245AAA0666BC08AE,id.csv,20251101,245AAA0666BC08AE_20251101_023810T.WAV,245AAA0666BC08AE_20251101_023810_000T.wav,NA,H:\,D:\Schmeeckle analyzed 102725\Elizabeth\TWS 2,6,24.098,385.821,23.893,3.334,135.53,5.115,1.92,NA,2025-11-01T02:38:10Z,LASCIN,2025-10-31
LPI,2025-10-30T01:09:16Z,2025-10-29,20:09:16,20,LASCIN,0.353,24.493,5.79,0,0.277111,EPTFUS,LASNOC,NA,NA,17,17,7.994,1,0,27.957,24.047,5.844,245AAA0666BC08AE,id.csv,20251030,245AAA0666BC08AE_20251030_010916T.WAV,245AAA0666BC08AE_20251030_010916_000T.wav,NA,H:\,D:\Schmeeckle analyzed 102725\Elizabeth\TWS 2,6,25.301,345.451,24.833,4.951,112.24,6.745,3.88,NA,2025-10-30T01:09:16Z,LASCIN,2025-10-29
LPI,2025-10-30T00:36:08Z,2025-10-29,19:36:08,19,LASCIN,1,21.882,10.86,0,0.408067,NA,NA,NA,NA,4,4,8.204,1,0,23.964,21.173,4.565333,245AAA0666BC08AE,id.csv,20251030,245AAA0666BC08AE_20251030_003608T.WAV,245AAA0666BC08AE_20251030_003608_000T.wav,NA,H:\,D:\Schmeeckle analyzed 102725\Elizabeth\TWS 2,4,22.367,664.549,22.32,4.018,88.76,6.123,1.05,NA,2025-10-30T00:36:08Z,LASCIN,2025-10-29
LPI,2025-11-01T00:48:16Z,2025-10-31,19:48:16,19,LASCIN,0.8,23.269,25.87,0,0.368817,EPTFUS,NA,NA,NA,5,5,6.619,1,0,25.344,22.815,4.393333,245AAA0666BC08AE,id.csv,20251101,245AAA0666BC08AE_20251101_004816T.WAV,245AAA0666BC08AE_20251101_004816_000T.wav,NA,H:\,D:\Schmeeckle analyzed 102725\Elizabeth\TWS 2,4,23.796,438.842,23.635,3.987,49.47,5.219,2.55,NA,2025-11-01T00:48:16Z,LASCIN,2025-10-31
LPI,2025-11-01T00:50:22Z,2025-10-31,19:50:22,19,LASCIN,1,22.838,9.44,0,0.38041,EPTFUS,NA,NA,NA,3,3,5.179,1,0,23.675,22.289,4.48,245AAA0666BC08AE,id.csv,20251101,245AAA0666BC08AE_20251101_005022T.WAV,245AAA0666BC08AE_20251101_005022_000T.wav,NA,H:\,D:\Schmeeckle analyzed 102725\Elizabeth\TWS 2,3,22.889,574.862,23.086,1.661,-6.6,3.171,0.76,NA,2025-11-01T00:50:22Z,LASCIN,2025-10-31
LPI,2025-11-01T01:47:18Z,2025-10-31,20:47:18,20,LASCIN,0.6,23.21,57.1,0,0.262373,EPTFUS,LASNOC,NA,NA,5,5,9.752,1,0,26.304,22.68,5.588,245AAA0666BC08AE,id.csv,20251101,245AAA0666BC08AE_20251101_014718T.WAV,245AAA0666BC08AE_20251101_014718_000T.wav,NA,H:\,D:\Schmeeckle analyzed 102725\Elizabeth\TWS 2,3,24.033,258.492,23.851,6.631,157.61,7.756,2.15,NA,2025-11-01T01:47:18Z,LASCIN,2025-10-31
LPI,2025-10-31T00:55:30Z,2025-10-30,19:55:30,19,LASCIN,0.167,24.358,13.68,0,0.268239,EPTFUS,LASNOC,NA,NA,6,6,6.852,1,0,28.16,24.054,7.038667,245AAA0666BC08AE,id.csv,20251031,245AAA0666BC08AE_20251031_005530T.WAV,245AAA0666BC08AE_20251031_005530_000T.wav,NA,H:\,D:\Schmeeckle analyzed 102725\Elizabeth\TWS 2,1,25.359,554.914,24.666,4.672,108.05,6.077,2.03,NA,2025-10-31T00:55:30Z,LASCIN,2025-10-30
LPI,2025-11-01T00:25:10Z,2025-10-31,19:25:10,19,LASCIN,0.1,24.658,38.1,0,0.352611,EPTFUS,LASNOC,NA,NA,10,10,7.403,1,0,29.537,24.171,6.612,245AAA0666BC08AE,id.csv,20251101,245AAA0666BC08AE_20251101_002510T.WAV,245AAA0666BC08AE_20251101_002510_000T.wav,NA,H:\,D:\Schmeeckle analyzed 102725\Elizabeth\TWS 2,1,26.105,469.297,25.768,4.016,195.13,6.277,2.85,NA,2025-11-01T00:25:10Z,LASCIN,2025-10-31
LPI,2025-10-31T01:59:54Z,2025-10-30,20:59:54,20,LASNOC,0.429,27.28,28.82,0,0.237612,EPTFUS,LASCIN,NA,NA,28,28,7.684,1,0,36.911,26.64,8.574667,245AAA0666BC08AE,id.csv,20251031,245AAA0666BC08AE_20251031_015954T.WAV,245AAA0666BC08AE_20251031_015954_000T.wav,NA,H:\,D:\Schmeeckle analyzed 102725\Elizabeth\TWS 2,12,29.604,303.266,28.083,4.659,223.79,6.979,6.96,NA,2025-10-31T01:59:54Z,LASNOC,2025-10-30
LPI,2025-10-29T23:14:56Z,2025-10-29,18:14:56,18,LASNOC,1,25.769,5.65,0,0.327974,LASCIN,EPTFUS,NA,NA,2,2,2.633,1,0,26.189,25.478,6.101333,245AAA0666BC08AE,id.csv,20251029,245AAA0666BC08AE_20251029_231456T.WAV,245AAA0666BC08AE_20251029_231456_000T.wav,NA,H:\,D:\Schmeeckle analyzed 102725\Elizabeth\TWS 2,2,25.849,1628.499,25.767,1.47,-0.05,2.247,0.56,NA,2025-10-29T23:14:56Z,LASNOC,2025-10-29
LPI,2025-10-31T01:07:10Z,2025-10-30,20:07:10,20,LASNOC,0.5,24.964,9.86,0,0.242671,LASCIN,EPTFUS,NA,NA,2,2,11.086,1,0,32.096,24.808,1.577333,245AAA0666BC08AE,id.csv,20251031,245AAA0666BC08AE_20251031_010710T.WAV,245AAA0666BC08AE_20251031_010710_000T.wav,NA,H:\,D:\Schmeeckle analyzed 102725\Elizabeth\TWS 2,1,26.533,266.78,25.536,7.373,173.86,10.37,0.56,NA,2025-10-31T01:07:10Z,LASNOC,2025-10-30
LPO,2025-11-01T00:26:48Z,2025-10-31,19:26:48,19,EPTFUS,0.935,25.477,23.28,0,0.52457,LASNOC,LASCIN,NA,NA,31,31,9.309,1,0,42.491,25.272,9,24E144036484A442,id.csv,20251101,24E144036484A442_20251101_002648T.WAV,24E144036484A442_20251101_002648_000T.wav,NA,H:\,D:\Schmeeckle analyzed 102725\Elizabeth\TWS 3,29,29.731,183.364,26.39,6.888,281.89,8.901,3.13,NA,2025-11-01T00:26:48Z,EPTFUS,2025-10-31
LPO,2025-10-31T02:58:56Z,2025-10-30,21:58:56,21,EPTFUS,0.92,25.53,31.5,0,0.431381,LASNOC,LASCIN,NA,NA,25,25,6.877,1,0,36.822,25.322,9,24E144036484A442,id.csv,20251031,24E144036484A442_20251031_025856T.WAV,24E144036484A442_20251031_025856_000T.wav,NA,H:\,D:\Schmeeckle analyzed 102725\Elizabeth\TWS 3,23,28.597,323.295,26.798,4.358,242.32,6.654,3.83,NA,2025-10-31T02:58:56Z,EPTFUS,2025-10-30
LPO,2025-10-31T02:58:42Z,2025-10-30,21:58:42,21,EPTFUS,1,25.666,23.02,0,0.586641,LASNOC,LASCIN,NA,NA,21,21,8.088,1,0,39.228,25.45,9,24E144036484A442,id.csv,20251031,24E144036484A442_20251031_025842T.WAV,24E144036484A442_20251031_025842_000T.wav,NA,H:\,D:\Schmeeckle analyzed 102725\Elizabeth\TWS 3,21,29.09,233.366,26.623,5.487,309.51,7.669,2.46,NA,2025-10-31T02:58:42Z,EPTFUS,2025-10-30
LPO,2025-11-01T01:34:28Z,2025-10-31,20:34:28,20,LASBOR,1,35.566,8.51,0,0.209209,EPTFUS,NA,NA,NA,10,10,5.538,1,0,36.226,35.159,9,24E144036484A442,id.csv,20251101,24E144036484A442_20251101_013428T.WAV,24E144036484A442_20251101_013428_000T.wav,NA,H:\,D:\Schmeeckle analyzed 102725\Elizabeth\TWS 3,10,35.666,299.664,35.616,1.731,65.52,3.872,2.87,NA,2025-11-01T01:34:28Z,LASBOR,2025-10-31
LPO,2025-10-30T04:23:10Z,2025-10-29,23:23:10,23,LASBOR,1,35.42,-5.17,0,0.216352,EPTFUS,NA,NA,NA,9,9,5.203,1,0,35.863,35.022,9,24E144036484A442,id.csv,20251030,24E144036484A442_20251030_042310T.WAV,24E144036484A442_20251030_042310_000T.wav,NA,H:\,D:\Schmeeckle analyzed 102725\Elizabeth\TWS 3,9,35.402,97.95,35.456,0.955,-23.08,2.778,1.95,NA,2025-10-30T04:23:10Z,LASBOR,2025-10-29
LPO,2025-10-29T01:11:36Z,2025-10-28,20:11:36,20,LASBOR,0.857,38.561,11.3,0,0.197578,NA,NA,NA,NA,7,7,7.322,1,0,43.304,38.202,9,24E144036484A442,id.csv,20251029,24E144036484A442_20251029_011136T.WAV,24E144036484A442_20251029_011136_000T.wav,NA,H:\,D:\Schmeeckle analyzed 102725\Elizabeth\TWS 3,6,39.641,387.979,39.597,2.685,100.82,5.791,1.9,NA,2025-10-29T01:11:36Z,LASBOR,2025-10-28
LPO,2025-10-30T01:30:44Z,2025-10-29,20:30:44,20,LASBOR,1,38.155,-16.52,0,0.17851,NA,NA,NA,NA,4,4,3.927,1,0,38.426,37.529,9,24E144036484A442,id.csv,20251030,24E144036484A442_20251030_013044T.WAV,24E144036484A442_20251030_013044_000T.wav,NA,H:\,D:\Schmeeckle analyzed 102725\Elizabeth\TWS 3,4,38.007,25.651,37.883,1.805,34.11,3.399,1.25,NA,2025-10-30T01:30:44Z,LASBOR,2025-10-29
LPO,2025-10-30T23:55:46Z,2025-10-30,18:55:46,18,LASCIN,1,20.078,4.53,0,0.468615,NA,NA,NA,NA,28,28,10.369,1,0,20.438,19.82,9,24E144036484A442,id.csv,20251030,24E144036484A442_20251030_235546T.WAV,24E144036484A442_20251030_235546_000T.wav,NA,H:\,D:\Schmeeckle analyzed 102725\Elizabeth\TWS 3,28,19.889,66.457,20.136,4.016,29.23,5.973,7.72,NA,2025-10-30T23:55:46Z,LASCIN,2025-10-30
LPO,2025-10-29T03:24:50Z,2025-10-28,22:24:50,22,LASCIN,0.727,23.063,22.5,0,0.371954,LASNOC,EPTFUS,NA,NA,33,33,11.6,1,0,31.473,22.456,9,24E144036484A442,id.csv,20251029,24E144036484A442_20251029_032450T.WAV,24E144036484A442_20251029_032450_000T.wav,NA,H:\,D:\Schmeeckle analyzed 102725\Elizabeth\TWS 3,24,25.029,267.521,24.985,5.242,212.33,10.241,3.5,NA,2025-10-29T03:24:50Z,LASCIN,2025-10-28
LPO,2025-10-29T03:25:04Z,2025-10-28,22:25:04,22,LASCIN,0.742,23.479,26.86,0,0.480953,EPTFUS,LASNOC,NA,NA,31,31,8.892,1,0,33.032,23.039,9,24E144036484A442,id.csv,20251029,24E144036484A442_20251029_032504T.WAV,24E144036484A442_20251029_032504_000T.wav,NA,H:\,D:\Schmeeckle analyzed 102725\Elizabeth\TWS 3,23,25.777,296.983,24.696,5.584,260.27,8.312,5.81,NA,2025-10-29T03:25:04Z,LASCIN,2025-10-28
LPO,2025-10-30T00:33:34Z,2025-10-29,19:33:34,19,LASCIN,1,17.416,-0.76,0,0.288853,NA,NA,NA,NA,22,22,9.091,1,0,17.661,17.227,9,24E144036484A442,id.csv,20251030,24E144036484A442_20251030_003334T.WAV,24E144036484A442_20251030_003334_000T.wav,NA,H:\,D:\Schmeeckle analyzed 102725\Elizabeth\TWS 3,22,17.326,49.015,17.434,4.168,14.34,6.119,7.84,NA,2025-10-30T00:33:34Z,LASCIN,2025-10-29
LPO,2025-10-31T01:18:50Z,2025-10-30,20:18:50,20,LASCIN,1,18.271,-2.1,0,0.428236,NA,NA,NA,NA,20,20,5.488,1,0,18.543,18.135,9,24E144036484A442,id.csv,20251031,24E144036484A442_20251031_011850T.WAV,24E144036484A442_20251031_011850_000T.wav,NA,H:\,D:\Schmeeckle analyzed 102725\Elizabeth\TWS 3,20,18.263,85.392,18.262,1.958,12.65,3.61,5.39,NA,2025-10-31T01:18:50Z,LASCIN,2025-10-30
LPO,2025-11-01T00:53:52Z,2025-10-31,19:53:52,19,LASCIN,0.769,23.625,10.82,0,0.381017,LASNOC,EPTFUS,NA,NA,26,26,12.697,1,0,25.852,21.848,9,24E144036484A442,id.csv,20251101,24E144036484A442_20251101_005352T.WAV,24E144036484A442_20251101_005352_000T.wav,NA,H:\,D:\Schmeeckle analyzed 102725\Elizabeth\TWS 3,20,23.745,353.329,24.8,1.916,33.05,7.421,5.71,NA,2025-11-01T00:53:52Z,LASCIN,2025-10-31
LPO,2025-10-31T00:26:20Z,2025-10-30,19:26:20,19,LASCIN,0.731,25.11,24.54,0,0.287148,LASNOC,EPTFUS,NA,NA,26,26,9.209,1,0,38.122,24.464,9,24E144036484A442,id.csv,20251031,24E144036484A442_20251031_002620T.WAV,24E144036484A442_20251031_002620_000T.wav,NA,H:\,D:\Schmeeckle analyzed 102725\Elizabeth\TWS 3,19,27.583,265.219,27.12,4.088,457.57,8.233,3.04,NA,2025-10-31T00:26:20Z,LASCIN,2025-10-30
LPO,2025-11-01T01:17:26Z,2025-10-31,20:17:26,20,LASCIN,1,15.569,2.54,0,0.263016,NA,NA,NA,NA,17,17,11.682,1,0,15.852,15.29,9,24E144036484A442,id.csv,20251101,24E144036484A442_20251101_011726T.WAV,24E144036484A442_20251101_011726_000T.wav,NA,H:\,D:\Schmeeckle analyzed 102725\Elizabeth\TWS 3,17,15.538,83.342,15.595,4.61,27.77,6.015,5.03,NA,2025-11-01T01:17:26Z,LASCIN,2025-10-31
LPO,2025-10-30T01:09:02Z,2025-10-29,20:09:02,20,LASCIN,0.8,23.464,9.18,0,0.386198,LASNOC,EPTFUS,NA,NA,20,20,11.165,1,0,25.663,22.574,9,24E144036484A442,id.csv,20251030,24E144036484A442_20251030_010902T.WAV,24E144036484A442_20251030_010902_000T.wav,NA,H:\,D:\Schmeeckle analyzed 102725\Elizabeth\TWS 3,16,23.822,374.76,24.141,3.573,68.64,7.675,4.77,NA,2025-10-30T01:09:02Z,LASCIN,2025-10-29
LPO,2025-10-31T23:52:02Z,2025-10-31,18:52:02,18,LASCIN,1,21.554,1.39,0,0.439141,NA,NA,NA,NA,15,15,5.063,1,0,21.813,21.395,9,24E144036484A442,id.csv,20251031,24E144036484A442_20251031_235202T.WAV,24E144036484A442_20251031_235202_000T.wav,NA,H:\,D:\Schmeeckle analyzed 102725\Elizabeth\TWS 3,15,21.573,169.909,21.584,1.326,21.06,2.92,4.87,NA,2025-10-31T23:52:02Z,LASCIN,2025-10-31
LPO,2025-10-31T01:02:02Z,2025-10-30,20:02:02,20,LASCIN,0.625,24.402,7.78,0,0.365849,EPTFUS,LASNOC,NA,NA,24,24,10.488,1,0,28.05,23.29,9,24E144036484A442,id.csv,20251031,24E144036484A442_20251031_010202T.WAV,24E144036484A442_20251031_010202_000T.wav,NA,H:\,D:\Schmeeckle analyzed 102725\Elizabeth\TWS 3,15,24.917,277.167,25.204,3.312,67.8,7.38,5.55,NA,2025-10-31T01:02:02Z,LASCIN,2025-10-30
LPO,2025-11-01T01:37:44Z,2025-10-31,20:37:44,20,LASCIN,0.933,22.469,10,0,0.364859,LASNOC,EPTFUS,NA,NA,15,15,11.018,1,0,25.6,22.134,9,24E144036484A442,id.csv,20251101,24E144036484A442_20251101_013744T.WAV,24E144036484A442_20251101_013744_000T.wav,NA,H:\,D:\Schmeeckle analyzed 102725\Elizabeth\TWS 3,14,23.308,416.986,23.036,6.451,114.49,9.705,4.32,NA,2025-11-01T01:37:44Z,LASCIN,2025-10-31
LPO,2025-10-29T00:23:18Z,2025-10-28,19:23:18,19,LASCIN,0.722,22.95,11.27,0,0.359707,EPTFUS,LASNOC,NA,NA,18,18,12.711,1,0,26.21,21.599,9,24E144036484A442,id.csv,20251029,24E144036484A442_20251029_002318T.WAV,24E144036484A442_20251029_002318_000T.wav,NA,H:\,D:\Schmeeckle analyzed 102725\Elizabeth\TWS 3,13,23.415,317.264,24.253,2.264,138.62,8.638,1.83,NA,2025-10-29T00:23:18Z,LASCIN,2025-10-28
LPO,2025-10-30T00:27:02Z,2025-10-29,19:27:02,19,LASCIN,1,17.227,9.52,0,0.22113,NA,NA,NA,NA,11,11,3.964,1,0,17.635,16.97,9,24E144036484A442,id.csv,20251030,24E144036484A442_20251030_002702T.WAV,24E144036484A442_20251030_002702_000T.wav,NA,H:\,D:\Schmeeckle analyzed 102725\Elizabeth\TWS 3,11,17.283,182.517,17.323,1.582,1.09,2.807,1.62,NA,2025-10-30T00:27:02Z,LASCIN,2025-10-29
LPO,2025-10-31T01:21:38Z,2025-10-30,20:21:38,20,LASCIN,1,15.989,-1.42,0,0.321757,NA,NA,NA,NA,11,11,7.049,1,0,16.282,15.768,9,24E144036484A442,id.csv,20251031,24E144036484A442_20251031_012138T.WAV,24E144036484A442_20251031_012138_000T.wav,NA,H:\,D:\Schmeeckle analyzed 102725\Elizabeth\TWS 3,11,15.894,99.844,15.997,3.344,29.81,5.02,2.41,NA,2025-10-31T01:21:38Z,LASCIN,2025-10-30
LPO,2025-11-01T00:53:24Z,2025-10-31,19:53:24,19,LASCIN,0.435,24.257,16.33,0,0.331224,LASNOC,EPTFUS,NA,NA,23,23,13.909,1,0,29.448,22.883,9,24E144036484A442,id.csv,20251101,24E144036484A442_20251101_005324T.WAV,24E144036484A442_20251101_005324_000T.wav,NA,H:\,D:\Schmeeckle analyzed 102725\Elizabeth\TWS 3,10,25.438,288.562,26.376,3.517,54.26,10.485,2.69,NA,2025-11-01T00:53:24Z,LASCIN,2025-10-31
LPO,2025-10-30T01:08:48Z,2025-10-29,20:08:48,20,LASCIN,0.889,23.384,8.63,0,0.441349,EPTFUS,NA,NA,NA,9,9,4.204,1,0,24.064,22.861,9,24E144036484A442,id.csv,20251030,24E144036484A442_20251030_010848T.WAV,24E144036484A442_20251030_010848_000T.wav,NA,H:\,D:\Schmeeckle analyzed 102725\Elizabeth\TWS 3,8,23.401,377.179,23.707,0.845,15.87,2.253,2.21,NA,2025-10-30T01:08:48Z,LASCIN,2025-10-29
LPO,2025-11-01T00:53:38Z,2025-10-31,19:53:38,19,LASCIN,0.667,24.724,8.67,0,0.286918,LASNOC,EPTFUS,NA,NA,12,12,9.436,1,0,27.744,23.667,9,24E144036484A442,id.csv,20251101,24E144036484A442_20251101_005338T.WAV,24E144036484A442_20251101_005338_000T.wav,NA,H:\,D:\Schmeeckle analyzed 102725\Elizabeth\TWS 3,8,25.277,367.084,25.593,3.203,85.26,6.548,1.76,NA,2025-11-01T00:53:38Z,LASCIN,2025-10-31
LPO,2025-10-30T00:58:04Z,2025-10-29,19:58:04,19,LASCIN,0.875,18.737,10.25,0,0.362783,NA,NA,NA,NA,8,8,10.158,1,0,19.358,18.487,9,24E144036484A442,id.csv,20251030,24E144036484A442_20251030_005804T.WAV,24E144036484A442_20251030_005804_000T.wav,NA,H:\,D:\Schmeeckle analyzed 102725\Elizabeth\TWS 3,7,18.611,82.532,18.931,3.607,43.23,5.526,1.73,NA,2025-10-30T00:58:04Z,LASCIN,2025-10-29
LPO,2025-10-29T02:40:30Z,2025-10-28,21:40:30,21,LASCIN,1,19.674,6.06,0,0.411205,NA,NA,NA,NA,6,6,5.187,1,0,19.877,19.411,9,24E144036484A442,id.csv,20251029,24E144036484A442_20251029_024030T.WAV,24E144036484A442_20251029_024030_000T.wav,NA,H:\,D:\Schmeeckle analyzed 102725\Elizabeth\TWS 3,6,19.659,56.017,19.731,1.896,20.87,2.98,1.81,NA,2025-10-29T02:40:30Z,LASCIN,2025-10-28
LPO,2025-10-29T03:12:42Z,2025-10-28,22:12:42,22,LASCIN,1,17.355,-8.52,0,0.255796,NA,NA,NA,NA,6,6,4.483,1,0,17.547,17.031,9,24E144036484A442,id.csv,20251029,24E144036484A442_20251029_031242T.WAV,24E144036484A442_20251029_031242_000T.wav,NA,H:\,D:\Schmeeckle analyzed 102725\Elizabeth\TWS 3,6,17.274,37.809,17.238,2.198,24.82,3.493,1.75,NA,2025-10-29T03:12:42Z,LASCIN,2025-10-28
LPO,2025-10-31T01:21:10Z,2025-10-30,20:21:10,20,LASCIN,1,17.768,-9.7,0,0.353224,NA,NA,NA,NA,6,6,3.664,1,0,17.962,17.406,9,24E144036484A442,id.csv,20251031,24E144036484A442_20251031_012110T.WAV,24E144036484A442_20251031_012110_000T.wav,NA,H:\,D:\Schmeeckle analyzed 102725\Elizabeth\TWS 3,6,17.647,153.243,17.616,1.664,47.87,2.564,1.44,NA,2025-10-31T01:21:10Z,LASCIN,2025-10-30
LPO,2025-10-29T23:59:30Z,2025-10-29,18:59:30,18,LASCIN,0.75,23.576,13.01,0,0.402718,EPTFUS,LASNOC,NA,NA,8,8,8.139,1,0,25.85,23.154,9,24E144036484A442,id.csv,20251029,24E144036484A442_20251029_235930T.WAV,24E144036484A442_20251029_235930_000T.wav,NA,H:\,D:\Schmeeckle analyzed 102725\Elizabeth\TWS 3,6,24.252,524.083,24.11,4.409,13.28,6.808,1.52,NA,2025-10-29T23:59:30Z,LASCIN,2025-10-29
LPO,2025-10-31T00:20:30Z,2025-10-30,19:20:30,19,LASCIN,0.261,23.5,18.58,0,0.367503,EPTFUS,LASNOC,NA,NA,23,23,10.945,1,0,28.789,22.474,9,24E144036484A442,id.csv,20251031,24E144036484A442_20251031_002030T.WAV,24E144036484A442_20251031_002030_000T.wav,NA,H:\,D:\Schmeeckle analyzed 102725\Elizabeth\TWS 3,6,24.772,381.609,25.173,4.189,87.26,8.91,3.98,NA,2025-10-31T00:20:30Z,LASCIN,2025-10-30
LPO,2025-11-01T01:27:28Z,2025-10-31,20:27:28,20,LASCIN,1,19.033,6.87,0,0.329064,NA,NA,NA,NA,5,5,3.014,1,0,19.479,18.89,9,24E144036484A442,id.csv,20251101,24E144036484A442_20251101_012728T.WAV,24E144036484A442_20251101_012728_000T.wav,NA,H:\,D:\Schmeeckle analyzed 102725\Elizabeth\TWS 3,5,19.112,114.76,19.162,1.125,14.32,2.93,1.25,NA,2025-11-01T01:27:28Z,LASCIN,2025-10-31
LPO,2025-10-31T00:01:36Z,2025-10-30,19:01:36,19,LASCIN,1,19.852,-7,0,0.437055,NA,NA,NA,NA,4,4,3.197,1,0,19.952,19.49,9,24E144036484A442,id.csv,20251031,24E144036484A442_20251031_000136T.WAV,24E144036484A442_20251031_000136_000T.wav,NA,H:\,D:\Schmeeckle analyzed 102725\Elizabeth\TWS 3,4,19.715,79.198,19.742,0.76,-10.17,1.77,0.68,NA,2025-10-31T00:01:36Z,LASCIN,2025-10-30
LPO,2025-10-29T00:25:38Z,2025-10-28,19:25:38,19,LASCIN,1,17.242,11.26,0,0.357876,NA,NA,NA,NA,3,3,3.309,1,0,17.493,17.168,9,24E144036484A442,id.csv,20251029,24E144036484A442_20251029_002538T.WAV,24E144036484A442_20251029_002538_000T.wav,NA,H:\,D:\Schmeeckle analyzed 102725\Elizabeth\TWS 3,3,17.325,119.7,17.38,0.461,17.88,1.386,0.51,NA,2025-10-29T00:25:38Z,LASCIN,2025-10-28
LPO,2025-10-29T23:18:12Z,2025-10-29,18:18:12,18,LASCIN,1,22.224,4.32,0,0.40614,EPTFUS,NA,NA,NA,3,3,12.613,1,0,22.601,21.978,9,24E144036484A442,id.csv,20251029,24E144036484A442_20251029_231812T.WAV,24E144036484A442_20251029_231812_000T.wav,NA,H:\,D:\Schmeeckle analyzed 102725\Elizabeth\TWS 3,3,22.301,4409.254,22.328,3.518,-73.96,10.04,0.64,NA,2025-10-29T23:18:12Z,LASCIN,2025-10-29
LPO,2025-10-31T01:20:28Z,2025-10-30,20:20:28,20,LASCIN,1,19.806,6.78,0,0.285791,NA,NA,NA,NA,3,3,23.543,1,0,20.593,19.515,9,24E144036484A442,id.csv,20251031,24E144036484A442_20251031_012028T.WAV,24E144036484A442_20251031_012028_000T.wav,NA,H:\,D:\Schmeeckle analyzed 102725\Elizabeth\TWS 3,3,19.986,2781.383,19.942,13.323,72.71,21.918,2.13,NA,2025-10-31T01:20:28Z,LASCIN,2025-10-30
LPO,2025-10-28T23:45:16Z,2025-10-28,18:45:16,18,LASCIN,1,21.978,1.07,0,0.43361,EPTFUS,NA,NA,NA,2,2,15.702,1,0,22.347,21.77,9,24E144036484A442,id.csv,20251028,24E144036484A442_20251028_234516T.WAV,24E144036484A442_20251028_234516_000T.wav,NA,H:\,D:\Schmeeckle analyzed 102725\Elizabeth\TWS 3,2,22.023,103.769,22.1,2.995,42,13.162,0.61,NA,2025-10-28T23:45:16Z,LASCIN,2025-10-28
LPO,2025-10-30T03:33:14Z,2025-10-29,22:33:14,22,LASCIN,1,17.131,9.16,0,0.232527,NA,NA,NA,NA,2,2,2.329,1,0,17.376,17.058,9,24E144036484A442,id.csv,20251030,24E144036484A442_20251030_033314T.WAV,24E144036484A442_20251030_033314_000T.wav,NA,H:\,D:\Schmeeckle analyzed 102725\Elizabeth\TWS 3,2,17.175,166.533,17.243,0.811,61.14,2.329,0.87,NA,2025-10-30T03:33:14Z,LASCIN,2025-10-29
LPO,2025-10-31T23:54:08Z,2025-10-31,18:54:08,18,LASCIN,1,15.052,5.68,0,0.232527,NA,NA,NA,NA,2,2,24.377,1,0,15.415,14.804,9,24E144036484A442,id.csv,20251031,24E144036484A442_20251031_235408T.WAV,24E144036484A442_20251031_235408_000T.wav,NA,H:\,D:\Schmeeckle analyzed 102725\Elizabeth\TWS 3,2,15.117,128.056,15.21,15.784,-12,18.43,0.27,NA,2025-10-31T23:54:08Z,LASCIN,2025-10-31
LPO,2025-11-01T00:31:28Z,2025-10-31,19:31:28,19,LASCIN,1,17.961,1.41,0,0.534772,NA,NA,NA,NA,2,2,41.793,1,0,18.541,17.821,9,24E144036484A442,id.csv,20251101,24E144036484A442_20251101_003128T.WAV,24E144036484A442_20251101_003128_000T.wav,NA,H:\,D:\Schmeeckle analyzed 102725\Elizabeth\TWS 3,2,18.132,64.041,18.021,15.406,82.43,23.224,0.31,NA,2025-11-01T00:31:28Z,LASCIN,2025-10-31
LPO,2025-10-29T00:19:20Z,2025-10-28,19:19:20,19,LASCIN,0.5,24.354,24.19,0,0.366028,EPTFUS,LASNOC,NA,NA,2,2,5.22,1,0,25.571,23.776,9,24E144036484A442,id.csv,20251029,24E144036484A442_20251029_001920T.WAV,24E144036484A442_20251029_001920_000T.wav,NA,H:\,D:\Schmeeckle analyzed 102725\Elizabeth\TWS 3,1,24.506,626.732,25.083,1.034,8.33,2.893,0.5,NA,2025-10-29T00:19:20Z,LASCIN,2025-10-28
LPO,2025-10-31T23:33:36Z,2025-10-31,18:33:36,18,LASCIN,0.5,23.779,13.82,0,0.435305,EPTFUS,NA,NA,NA,2,2,4.374,1,0,24.135,23.53,9,24E144036484A442,id.csv,20251031,24E144036484A442_20251031_233336T.WAV,24E144036484A442_20251031_233336_000T.wav,NA,H:\,D:\Schmeeckle analyzed 102725\Elizabeth\TWS 3,1,23.778,471.378,23.884,1.766,-2.07,3.196,0.54,NA,2025-10-31T23:33:36Z,LASCIN,2025-10-31
LPO,2025-11-01T01:21:24Z,2025-10-31,20:21:24,20,LASCIN,0.5,12.263,-7.94,0,0.357876,NA,NA,NA,NA,2,2,5.572,1,0,12.268,11.982,9,24E144036484A442,id.csv,20251101,24E144036484A442_20251101_012124T.WAV,24E144036484A442_20251101_012124_000T.wav,NA,H:\,D:\Schmeeckle analyzed 102725\Elizabeth\TWS 3,1,12.139,869.652,12.182,2.149,5.98,3.24,0.45,NA,2025-11-01T01:21:24Z,LASCIN,2025-10-31
LPO,2025-10-29T03:44:12Z,2025-10-28,22:44:12,22,LASNOC,0.789,29.028,64.78,0,0.350479,EPTFUS,LASCIN,NA,NA,19,19,3.317,1,0,42.748,28.956,9,24E144036484A442,id.csv,20251029,24E144036484A442_20251029_034412T.WAV,24E144036484A442_20251029_034412_000T.wav,NA,H:\,D:\Schmeeckle analyzed 102725\Elizabeth\TWS 3,15,32.99,201.226,30.597,2.155,344.4,3.28,2.81,NA,2025-10-29T03:44:12Z,LASNOC,2025-10-28
LPO,2025-10-30T00:07:12Z,2025-10-29,19:07:12,19,LASNOC,0.923,25.419,13.94,0,0.271649,LASCIN,EPTFUS,NA,NA,13,13,2.96,1,0,26.073,25.258,9,24E144036484A442,id.csv,20251030,24E144036484A442_20251030_000712T.WAV,24E144036484A442_20251030_000712_000T.wav,NA,H:\,D:\Schmeeckle analyzed 102725\Elizabeth\TWS 3,12,25.589,434.261,25.698,0.743,44.02,2.286,2.7,NA,2025-10-30T00:07:12Z,LASNOC,2025-10-29
LPO,2025-10-30T23:14:56Z,2025-10-30,18:14:56,18,LASNOC,1,28.652,1.53,0,0.466796,LASCIN,EPTFUS,NA,NA,7,7,4.011,1,0,28.948,28.219,9,24E144036484A442,id.csv,20251030,24E144036484A442_20251030_231456T.WAV,24E144036484A442_20251030_231456_000T.wav,NA,H:\,D:\Schmeeckle analyzed 102725\Elizabeth\TWS 3,7,28.622,360.906,28.636,0.578,20.86,2.236,2.11,NA,2025-10-30T23:14:56Z,LASNOC,2025-10-30
LPO,2025-11-01T00:24:00Z,2025-10-31,19:24:00,19,LASNOC,1,26.264,7.81,0,0.390922,LASCIN,EPTFUS,NA,NA,6,6,4.781,1,0,26.747,26.079,9,24E144036484A442,id.csv,20251101,24E144036484A442_20251101_002400T.WAV,24E144036484A442_20251101_002400_000T.wav,NA,H:\,D:\Schmeeckle analyzed 102725\Elizabeth\TWS 3,6,26.404,494.299,26.479,1.063,-17.85,2.758,0.86,NA,2025-11-01T00:24:00Z,LASNOC,2025-10-31
LPO,2025-10-31T11:56:18Z,2025-10-31,06:56:18,6,LASNOC,1,29.069,-15.96,0,0.228591,EPTFUS,NA,NA,NA,2,2,4.215,1,0,29.428,28.437,9,24E144036484A442,id.csv,20251031,24E144036484A442_20251031_115618T.WAV,24E144036484A442_20251031_115618_000T.wav,NA,H:\,D:\Schmeeckle analyzed 102725\Elizabeth\TWS 3,2,28.978,1771.826,28.797,1.992,92.83,2.892,0.57,NA,2025-10-31T11:56:18Z,LASNOC,2025-10-30
MCO,2025-10-15T05:56:02Z,2025-10-15,00:56:02,0,LASCIN,0.778,22.937,14.89,0,0.403342,EPTFUS,LASNOC,NA,NA,9,9,4.026,1,0,24.274,22.589,9,248D9B025FDF0B90,id.csv,10 17\20251015,248D9B025FDF0B90_20251015_055602T.WAV,248D9B025FDF0B90_20251015_055602_000T.wav,NA,D:\NEEDS TO BE ANALYZED,D:\Schmeeckle analyzed 102725\Need to be analyzed,7,23.306,384.974,23.418,1.777,73.18,3.354,2.05,NA,2025-10-15T05:56:02Z,LASCIN,2025-10-14
MCO,2025-10-16T11:53:58Z,2025-10-16,06:53:58,6,LASCIN,1,21.467,15.61,0,0.373698,NA,NA,NA,NA,6,6,2.912,1,0,22.176,21.277,9,248D9B025FDF0B90,id.csv,10 17\20251016,248D9B025FDF0B90_20251016_115358T.WAV,248D9B025FDF0B90_20251016_115358_000T.wav,NA,D:\NEEDS TO BE ANALYZED,D:\Schmeeckle analyzed 102725\Need to be analyzed,6,21.666,58.604,21.861,1.014,-43.4,2.528,2.28,NA,2025-10-16T11:53:58Z,LASCIN,2025-10-15
MCO,2025-10-15T11:58:24Z,2025-10-15,06:58:24,6,LASCIN,1,18.699,18.91,0,0.192871,NA,NA,NA,NA,4,4,2.687,1,0,19.553,18.6,9,248D9B025FDF0B90,id.csv,10 17\20251015,248D9B025FDF0B90_20251015_115824T.WAV,248D9B025FDF0B90_20251015_115824_000T.wav,NA,D:\NEEDS TO BE ANALYZED,D:\Schmeeckle analyzed 102725\Need to be analyzed,4,18.992,1292.472,18.953,1.384,58.37,2.417,1.49,NA,2025-10-15T11:58:24Z,LASCIN,2025-10-14
MCO,2025-10-16T11:54:12Z,2025-10-16,06:54:12,6,LASCIN,1,21.624,-3.25,0,0.375437,NA,NA,NA,NA,3,3,6.416,1,0,22.256,21.048,9,248D9B025FDF0B90,id.csv,10 17\20251016,248D9B025FDF0B90_20251016_115412T.WAV,248D9B025FDF0B90_20251016_115412_000T.wav,NA,D:\NEEDS TO BE ANALYZED,D:\Schmeeckle analyzed 102725\Need to be analyzed,3,21.647,64.223,21.608,3.098,22.96,4.149,1.75,NA,2025-10-16T11:54:12Z,LASCIN,2025-10-15
MCO,2025-10-17T01:55:28Z,2025-10-16,20:55:28,20,LASCIN,0.75,24.162,5.93,0,0.485562,EPTFUS,LASNOC,NA,NA,4,4,5.413,1,0,25.129,23.903,9,248D9B025FDF0B90,id.csv,10 17\20251017,248D9B025FDF0B90_20251017_015528T.WAV,248D9B025FDF0B90_20251017_015528_000T.wav,NA,D:\NEEDS TO BE ANALYZED,D:\Schmeeckle analyzed 102725\Need to be analyzed,3,24.398,1180.851,24.504,1.979,7.3,4.009,1.07,NA,2025-10-17T01:55:28Z,LASCIN,2025-10-16
MCO,2025-10-17T01:14:10Z,2025-10-16,20:14:10,20,LASCIN,0.6,23.409,15.63,0,0.499996,LASNOC,EPTFUS,NA,NA,5,5,8.169,1,0,25.826,22.93,9,248D9B025FDF0B90,id.csv,10 17\20251017,248D9B025FDF0B90_20251017_011410T.WAV,248D9B025FDF0B90_20251017_011410_000T.wav,NA,D:\NEEDS TO BE ANALYZED,D:\Schmeeckle analyzed 102725\Need to be analyzed,3,24.141,684.076,23.709,5.759,27.47,6.851,1.83,NA,2025-10-17T01:14:10Z,LASCIN,2025-10-16
MCO,2025-10-15T05:56:16Z,2025-10-15,00:56:16,0,LASCIN,0.5,22.797,12.66,0,0.469801,EPTFUS,LASNOC,NA,NA,6,6,6.626,1,0,25.619,22.352,9,248D9B025FDF0B90,id.csv,10 17\20251015,248D9B025FDF0B90_20251015_055616T.WAV,248D9B025FDF0B90_20251015_055616_000T.wav,NA,D:\NEEDS TO BE ANALYZED,D:\Schmeeckle analyzed 102725\Need to be analyzed,3,23.752,525.849,23.579,3.609,88.74,5.76,1.29,NA,2025-10-15T05:56:16Z,LASCIN,2025-10-14
MCO,2025-10-17T00:26:34Z,2025-10-16,19:26:34,19,LASCIN,0.429,23.552,10.98,0,0.404454,EPTFUS,LASNOC,NA,NA,7,7,6.296,1,0,25.3,22.988,9,248D9B025FDF0B90,id.csv,10 17\20251017,248D9B025FDF0B90_20251017_002634T.WAV,248D9B025FDF0B90_20251017_002634_000T.wav,NA,D:\NEEDS TO BE ANALYZED,D:\Schmeeckle analyzed 102725\Need to be analyzed,3,23.973,632.949,24.069,2.592,41.97,4.877,1.5,NA,2025-10-17T00:26:34Z,LASCIN,2025-10-16
MCO,2025-10-16T11:54:26Z,2025-10-16,06:54:26,6,LASCIN,1,20.465,-4.91,0,0.30494,NA,NA,NA,NA,2,2,3.532,1,0,20.727,20.051,9,248D9B025FDF0B90,id.csv,10 17\20251016,248D9B025FDF0B90_20251016_115426T.WAV,248D9B025FDF0B90_20251016_115426_000T.wav,NA,D:\NEEDS TO BE ANALYZED,D:\Schmeeckle analyzed 102725\Need to be analyzed,2,20.386,145.349,20.412,1.074,36.73,1.856,0.79,NA,2025-10-16T11:54:26Z,LASCIN,2025-10-15
MCO,2025-10-17T00:31:56Z,2025-10-16,19:31:56,19,LASCIN,0.4,23.427,11.48,0,0.404659,EPTFUS,LASNOC,NA,NA,5,5,6.868,1,0,25.091,23.149,9,248D9B025FDF0B90,id.csv,10 17\20251017,248D9B025FDF0B90_20251017_003156T.WAV,248D9B025FDF0B90_20251017_003156_000T.wav,NA,D:\NEEDS TO BE ANALYZED,D:\Schmeeckle analyzed 102725\Need to be analyzed,2,23.95,1597.101,24.182,2.149,40.03,6.077,1.02,NA,2025-10-17T00:31:56Z,LASCIN,2025-10-16
MCO,2025-10-17T05:05:52Z,2025-10-17,00:05:52,0,LASNOC,1,25.894,13.99,0,0.469765,LASCIN,EPTFUS,NA,NA,14,14,8.37,1,0,30.651,25.621,9,248D9B025FDF0B90,id.csv,10 17\20251017,248D9B025FDF0B90_20251017_050552T.WAV,248D9B025FDF0B90_20251017_050552_000T.wav,NA,D:\NEEDS TO BE ANALYZED,D:\Schmeeckle analyzed 102725\Need to be analyzed,14,27.043,214.72,26.712,4.463,156.8,7.638,2.26,NA,2025-10-17T05:05:52Z,LASNOC,2025-10-16
MCO,2025-10-17T05:05:38Z,2025-10-17,00:05:38,0,LASNOC,1,26.462,8.35,0,0.430205,LASCIN,EPTFUS,NA,NA,3,3,5.84,1,0,27.688,25.949,9,248D9B025FDF0B90,id.csv,10 17\20251017,248D9B025FDF0B90_20251017_050538T.WAV,248D9B025FDF0B90_20251017_050538_000T.wav,NA,D:\NEEDS TO BE ANALYZED,D:\Schmeeckle analyzed 102725\Need to be analyzed,3,26.69,267.323,26.879,1.661,-35.27,4.312,0.61,NA,2025-10-17T05:05:38Z,LASNOC,2025-10-16
LPE,2025-10-27T00:39:12Z,2025-10-26,19:39:12,19,EPTFUS,1,27.151,39.12,0,0.461934,LASNOC,LASCIN,NA,NA,11,11,5.417,1,0,35.033,26.348,9,245AAA0666BC1507,id.csv,20251027,245AAA0666BC1507_20251027_003912T.WAV,245AAA0666BC1507_20251027_003912_000T.wav,NA,D:\Nikki Bat calls\LPE,D:\Schmeeckle analyzed 102725\Nikki\LPE,11,29.37,261.109,28.487,3.04,166.48,4.928,2.32,NA,2025-10-27T00:39:12Z,EPTFUS,2025-10-26
LPE,2025-10-27T00:36:38Z,2025-10-26,19:36:38,19,EPTFUS,0.818,27.316,33.69,0,0.456554,LASNOC,LASCIN,NA,NA,11,11,6.841,1,0,38.451,27.032,9,245AAA0666BC1507,id.csv,20251027,245AAA0666BC1507_20251027_003638T.WAV,245AAA0666BC1507_20251027_003638_000T.wav,NA,D:\Nikki Bat calls\LPE,D:\Schmeeckle analyzed 102725\Nikki\LPE,9,30.23,176.548,28.433,4.643,266.21,6.32,1.26,NA,2025-10-27T00:36:38Z,EPTFUS,2025-10-26
LPE,2025-10-29T00:19:08Z,2025-10-28,19:19:08,19,EPTFUS,0.562,25.655,20.27,0,0.290442,LASNOC,LASCIN,NA,NA,16,16,7.667,1,0,39.7,25.407,9,245AAA0666BC1507,id.csv,20251029,245AAA0666BC1507_20251029_001908T.WAV,245AAA0666BC1507_20251029_001908_000T.wav,NA,D:\Nikki Bat calls\LPE,D:\Schmeeckle analyzed 102725\Nikki\LPE,9,28.807,203.731,26.351,5.879,339.86,7.217,2.54,NA,2025-10-29T00:19:08Z,EPTFUS,2025-10-28
LPE,2025-10-27T00:38:58Z,2025-10-26,19:38:58,19,EPTFUS,0.8,27.367,47.18,0,0.44417,LASNOC,LASCIN,NA,NA,5,5,4.662,1,0,34.047,27.155,9,245AAA0666BC1507,id.csv,20251027,245AAA0666BC1507_20251027_003858T.WAV,245AAA0666BC1507_20251027_003858_000T.wav,NA,D:\Nikki Bat calls\LPE,D:\Schmeeckle analyzed 102725\Nikki\LPE,4,29.584,354.037,28.959,2.857,153.3,4.3,1.51,NA,2025-10-27T00:38:58Z,EPTFUS,2025-10-26
LPE,2025-10-27T01:02:04Z,2025-10-26,20:02:04,20,EPTFUS,0.571,26.043,32.63,0,0.217861,LASCIN,LASNOC,NA,NA,7,7,4.318,1,0,31.388,25.934,9,245AAA0666BC1507,id.csv,20251027,245AAA0666BC1507_20251027_010204T.WAV,245AAA0666BC1507_20251027_010204_000T.wav,NA,D:\Nikki Bat calls\LPE,D:\Schmeeckle analyzed 102725\Nikki\LPE,4,27.573,1184.481,26.783,2.496,234.46,4.138,1.57,NA,2025-10-27T01:02:04Z,EPTFUS,2025-10-26
LPE,2025-10-26T23:54:52Z,2025-10-26,18:54:52,18,EPTFUS,0.6,28.408,77.01,0,0.472856,LASNOC,NA,NA,NA,5,5,2.85,1,0,33.738,28.147,9,245AAA0666BC1507,id.csv,20251026,245AAA0666BC1507_20251026_235452T.WAV,245AAA0666BC1507_20251026_235452_000T.wav,NA,D:\Nikki Bat calls\LPE,D:\Schmeeckle analyzed 102725\Nikki\LPE,3,30.342,397.735,31.133,0.997,88.94,2.708,0.96,NA,2025-10-26T23:54:52Z,EPTFUS,2025-10-26
LPE,2025-10-28T03:00:22Z,2025-10-27,22:00:22,22,LASCIN,0.81,23.018,5.28,0,0.375738,EPTFUS,LASNOC,NA,NA,21,21,10.731,1,0,25.463,22.386,9,245AAA0666BC1507,id.csv,20251028,245AAA0666BC1507_20251028_030022T.WAV,245AAA0666BC1507_20251028_030022_000T.wav,NA,D:\Nikki Bat calls\LPE,D:\Schmeeckle analyzed 102725\Nikki\LPE,17,23.511,400.144,23.523,4.815,83.98,8.184,4.14,NA,2025-10-28T03:00:22Z,LASCIN,2025-10-27
LPE,2025-10-28T00:45:16Z,2025-10-27,19:45:16,19,LASCIN,0.7,22.667,9.36,0,0.42536,EPTFUS,LASNOC,NA,NA,10,10,8.508,1,0,26.297,21.901,9,245AAA0666BC1507,id.csv,20251028,245AAA0666BC1507_20251028_004516T.WAV,245AAA0666BC1507_20251028_004516_000T.wav,NA,D:\Nikki Bat calls\LPE,D:\Schmeeckle analyzed 102725\Nikki\LPE,7,23.108,533.902,23.149,4.741,80.83,6.561,1.66,NA,2025-10-28T00:45:16Z,LASCIN,2025-10-27
LPE,2025-10-27T01:06:58Z,2025-10-26,20:06:58,20,LASCIN,0.389,24.391,11.41,0,0.280401,EPTFUS,LASNOC,NA,NA,18,18,10.974,1,0,30.009,23.856,9,245AAA0666BC1507,id.csv,20251027,245AAA0666BC1507_20251027_010658T.WAV,245AAA0666BC1507_20251027_010658_000T.wav,NA,D:\Nikki Bat calls\LPE,D:\Schmeeckle analyzed 102725\Nikki\LPE,7,25.854,346.274,24.721,7.848,80.5,9.403,4.81,NA,2025-10-27T01:06:58Z,LASCIN,2025-10-26
LPE,2025-10-27T00:11:26Z,2025-10-26,19:11:26,19,LASCIN,0.75,24.866,15.55,0,0.41323,EPTFUS,LASNOC,NA,NA,8,8,6.309,1,0,27.822,24.411,9,245AAA0666BC1507,id.csv,20251027,245AAA0666BC1507_20251027_001126T.WAV,245AAA0666BC1507_20251027_001126_000T.wav,NA,D:\Nikki Bat calls\LPE,D:\Schmeeckle analyzed 102725\Nikki\LPE,6,25.508,638.266,25.232,3.684,68.79,5.112,2.38,NA,2025-10-27T00:11:26Z,LASCIN,2025-10-26
LPE,2025-10-29T00:58:48Z,2025-10-28,19:58:48,19,LASCIN,0.75,24.368,26.42,0,0.270768,EPTFUS,NA,NA,NA,4,4,5.231,1,0,26.751,22.496,9,245AAA0666BC1507,id.csv,20251029,245AAA0666BC1507_20251029_005848T.WAV,245AAA0666BC1507_20251029_005848_000T.wav,NA,D:\Nikki Bat calls\LPE,D:\Schmeeckle analyzed 102725\Nikki\LPE,3,24.271,617.357,25.36,1.269,82.3,3.23,0.81,NA,2025-10-29T00:58:48Z,LASCIN,2025-10-28
LPI,2025-10-28T01:31:56Z,2025-10-27,20:31:56,20,EPTFUS,0.8,27.099,48.52,0,0.212489,LASCIN,LASNOC,NA,NA,15,15,3.552,1,0,32.727,26.727,9,245AAA0666BC08AE,id.csv,20251028,245AAA0666BC08AE_20251028_013156T.WAV,245AAA0666BC08AE_20251028_013156_000T.wav,NA,D:\Nikki Bat calls\LPI,D:\Schmeeckle analyzed 102725\Nikki\LPI,12,28.806,576.639,28.125,2.153,228.76,3.097,3.91,NA,2025-10-28T01:31:56Z,EPTFUS,2025-10-27
LPI,2025-10-27T01:08:22Z,2025-10-26,20:08:22,20,EPTFUS,0.643,26.565,24.77,0,0.319465,LASNOC,LASCIN,NA,NA,14,14,4.737,1,0,32.589,26.172,9,245AAA0666BC08AE,id.csv,20251027,245AAA0666BC08AE_20251027_010822T.WAV,245AAA0666BC08AE_20251027_010822_000T.wav,NA,D:\Nikki Bat calls\LPI,D:\Schmeeckle analyzed 102725\Nikki\LPI,9,28.376,249.465,27.134,3.202,143.04,4.277,3.5,NA,2025-10-27T01:08:22Z,EPTFUS,2025-10-26
LPI,2025-10-27T00:36:52Z,2025-10-26,19:36:52,19,EPTFUS,0.6,28.645,27.1,0,0.224411,LASNOC,LASCIN,NA,NA,15,15,6.871,1,0,40.027,27.888,9,245AAA0666BC08AE,id.csv,20251027,245AAA0666BC08AE_20251027_003652T.WAV,245AAA0666BC08AE_20251027_003652_000T.wav,NA,D:\Nikki Bat calls\LPI,D:\Schmeeckle analyzed 102725\Nikki\LPI,9,31.454,287.156,29.208,5.09,280.66,6.01,3.39,NA,2025-10-27T00:36:52Z,EPTFUS,2025-10-26
LPI,2025-10-27T00:38:58Z,2025-10-26,19:38:58,19,EPTFUS,0.636,25.865,16.7,0,0.234767,LASCIN,LASNOC,NA,NA,11,11,7.652,1,0,31.363,25.02,9,245AAA0666BC08AE,id.csv,20251027,245AAA0666BC08AE_20251027_003858T.WAV,245AAA0666BC08AE_20251027_003858_000T.wav,NA,D:\Nikki Bat calls\LPI,D:\Schmeeckle analyzed 102725\Nikki\LPI,7,27.154,389.209,26.31,5.33,160.44,6.529,2.66,NA,2025-10-27T00:38:58Z,EPTFUS,2025-10-26
LPI,2025-10-27T02:04:36Z,2025-10-26,21:04:36,21,EPTFUS,0.545,27.237,71.35,0,0.212877,LASCIN,LASNOC,NA,NA,11,11,3.367,1,0,34.379,26.797,9,245AAA0666BC08AE,id.csv,20251027,245AAA0666BC08AE_20251027_020436T.WAV,245AAA0666BC08AE_20251027_020436_000T.wav,NA,D:\Nikki Bat calls\LPI,D:\Schmeeckle analyzed 102725\Nikki\LPI,6,29.584,279.844,29.106,1.886,273.09,3.018,2.27,NA,2025-10-27T02:04:36Z,EPTFUS,2025-10-26
LPI,2025-10-28T01:32:10Z,2025-10-27,20:32:10,20,EPTFUS,0.545,27.19,38.61,0,0.275692,LASNOC,LASCIN,NA,NA,11,11,4.237,1,0,35.66,26.59,9,245AAA0666BC08AE,id.csv,20251028,245AAA0666BC08AE_20251028_013210T.WAV,245AAA0666BC08AE_20251028_013210_000T.wav,NA,D:\Nikki Bat calls\LPI,D:\Schmeeckle analyzed 102725\Nikki\LPI,6,29.407,522.424,28.054,2.835,297.38,3.912,2.33,NA,2025-10-28T01:32:10Z,EPTFUS,2025-10-27
LPI,2025-10-27T02:28:10Z,2025-10-26,21:28:10,21,EPTFUS,0.455,28.099,26.65,0,0.299407,LASNOC,LASCIN,NA,NA,11,11,4.258,1,0,38.249,27.783,9,245AAA0666BC08AE,id.csv,20251027,245AAA0666BC08AE_20251027_022810T.WAV,245AAA0666BC08AE_20251027_022810_000T.wav,NA,D:\Nikki Bat calls\LPI,D:\Schmeeckle analyzed 102725\Nikki\LPI,5,30.847,156.012,28.929,3.019,346.55,4.112,2.6,NA,2025-10-27T02:28:10Z,EPTFUS,2025-10-26
LPI,2025-10-27T02:04:22Z,2025-10-26,21:04:22,21,EPTFUS,0.75,28.112,79.88,0,0.159243,LASNOC,NA,NA,NA,4,4,2.449,1,0,34.631,27.911,9,245AAA0666BC08AE,id.csv,20251027,245AAA0666BC08AE_20251027_020422T.WAV,245AAA0666BC08AE_20251027_020422_000T.wav,NA,D:\Nikki Bat calls\LPI,D:\Schmeeckle analyzed 102725\Nikki\LPI,3,30.434,278.177,29.278,1.713,221.03,2.414,1.31,NA,2025-10-27T02:04:22Z,EPTFUS,2025-10-26
LPI,2025-10-27T02:04:08Z,2025-10-26,21:04:08,21,EPTFUS,0.6,28.972,57.18,0,0.382299,LASNOC,NA,NA,NA,5,5,3.27,1,0,37.353,27.621,9,245AAA0666BC08AE,id.csv,20251027,245AAA0666BC08AE_20251027_020408T.WAV,245AAA0666BC08AE_20251027_020408_000T.wav,NA,D:\Nikki Bat calls\LPI,D:\Schmeeckle analyzed 102725\Nikki\LPI,3,31.135,278.553,29.742,2.164,332.35,2.744,1.4,NA,2025-10-27T02:04:08Z,EPTFUS,2025-10-26
LPI,2025-10-28T03:00:22Z,2025-10-27,22:00:22,22,LASCIN,0.929,22.888,0.51,0,0.376291,EPTFUS,NA,NA,NA,14,14,4.696,1,0,23.643,22.346,9,245AAA0666BC08AE,id.csv,20251028,245AAA0666BC08AE_20251028_030022T.WAV,245AAA0666BC08AE_20251028_030022_000T.wav,NA,D:\Nikki Bat calls\LPI,D:\Schmeeckle analyzed 102725\Nikki\LPI,13,22.978,406.937,22.932,2.448,5.41,3.382,3.96,NA,2025-10-28T03:00:22Z,LASCIN,2025-10-27
LPI,2025-10-28T00:45:16Z,2025-10-27,19:45:16,19,LASCIN,1,22.481,12.08,0,0.350184,EPTFUS,NA,NA,NA,8,8,4.908,1,0,23.593,21.694,9,245AAA0666BC08AE,id.csv,20251028,245AAA0666BC08AE_20251028_004516T.WAV,245AAA0666BC08AE_20251028_004516_000T.wav,NA,D:\Nikki Bat calls\LPI,D:\Schmeeckle analyzed 102725\Nikki\LPI,8,22.582,297.742,22.826,1.709,25.23,3.123,2.49,NA,2025-10-28T00:45:16Z,LASCIN,2025-10-27
LPI,2025-10-27T00:05:50Z,2025-10-26,19:05:50,19,LASCIN,0.533,23.365,33.19,0,0.491535,EPTFUS,LASNOC,NA,NA,15,15,4.491,1,0,28.084,22.85,9,245AAA0666BC08AE,id.csv,20251027,245AAA0666BC08AE_20251027_000550T.WAV,245AAA0666BC08AE_20251027_000550_000T.wav,NA,D:\Nikki Bat calls\LPI,D:\Schmeeckle analyzed 102725\Nikki\LPI,8,24.607,512.454,24.453,2.214,118.11,3.982,4.35,NA,2025-10-27T00:05:50Z,LASCIN,2025-10-26
LPI,2025-10-28T01:34:02Z,2025-10-27,20:34:02,20,LASCIN,0.533,24.468,13.86,0,0.314525,EPTFUS,LASNOC,NA,NA,15,15,7.11,1,0,27.727,24.041,9,245AAA0666BC08AE,id.csv,20251028,245AAA0666BC08AE_20251028_013402T.WAV,245AAA0666BC08AE_20251028_013402_000T.wav,NA,D:\Nikki Bat calls\LPI,D:\Schmeeckle analyzed 102725\Nikki\LPI,8,25.146,421.585,24.867,4.43,142.58,6.205,3.55,NA,2025-10-28T01:34:02Z,LASCIN,2025-10-27
LPI,2025-10-29T02:29:48Z,2025-10-28,21:29:48,21,LASCIN,0.455,24.626,6.14,0,0.399596,EPTFUS,LASNOC,NA,NA,11,11,5.604,1,0,26.726,23.663,9,245AAA0666BC08AE,id.csv,20251029,245AAA0666BC08AE_20251029_022948T.WAV,245AAA0666BC08AE_20251029_022948_000T.wav,NA,D:\Nikki Bat calls\LPI,D:\Schmeeckle analyzed 102725\Nikki\LPI,5,24.732,423.465,24.833,2.978,104.55,4.282,3.08,NA,2025-10-29T02:29:48Z,LASCIN,2025-10-28
LPI,2025-10-28T01:33:20Z,2025-10-27,20:33:20,20,LASCIN,1,26.306,-2.7,0,0.199691,EPTFUS,NA,NA,NA,3,3,3.125,1,0,28.204,25.14,9,245AAA0666BC08AE,id.csv,20251028,245AAA0666BC08AE_20251028_013320T.WAV,245AAA0666BC08AE_20251028_013320_000T.wav,NA,D:\Nikki Bat calls\LPI,D:\Schmeeckle analyzed 102725\Nikki\LPI,3,26.239,2014.894,26.195,0.665,-13.76,1.238,0.96,NA,2025-10-28T01:33:20Z,LASCIN,2025-10-27
LPI,2025-10-29T00:26:36Z,2025-10-28,19:26:36,19,LASCIN,0.333,23.586,2.49,0,0.376051,EPTFUS,LASNOC,NA,NA,6,6,7.131,1,0,25.576,23.019,9,245AAA0666BC08AE,id.csv,20251029,245AAA0666BC08AE_20251029_002636T.WAV,245AAA0666BC08AE_20251029_002636_000T.wav,NA,D:\Nikki Bat calls\LPI,D:\Schmeeckle analyzed 102725\Nikki\LPI,2,23.976,337.582,23.996,3.2,93.97,5.619,1.19,NA,2025-10-29T00:26:36Z,LASCIN,2025-10-28
LPI,2025-10-27T01:02:04Z,2025-10-26,20:02:04,20,LASCIN,0.25,24.302,14.04,0,0.294771,EPTFUS,LASNOC,NA,NA,4,4,6.524,1,0,26.956,24.099,9,245AAA0666BC08AE,id.csv,20251027,245AAA0666BC08AE_20251027_010204T.WAV,245AAA0666BC08AE_20251027_010204_000T.wav,NA,D:\Nikki Bat calls\LPI,D:\Schmeeckle analyzed 102725\Nikki\LPI,1,25.134,884.308,24.658,4.474,95.93,5.869,0.95,NA,2025-10-27T01:02:04Z,LASCIN,2025-10-26
MCO,2025-10-27T00:36:24Z,2025-10-26,19:36:24,19,EPTFUS,0.737,24.851,11.69,0,0.280527,LASCIN,LASNOC,NA,NA,19,19,10.426,1,0,32.258,24.761,9,248D9B025FDF0B90,id.csv,20251027,248D9B025FDF0B90_20251027_003624T.WAV,248D9B025FDF0B90_20251027_003624_000T.wav,NA,D:\Nikki Bat calls\MCO,D:\Schmeeckle analyzed 102725\Nikki\MCO,14,26.685,468.679,25.661,6.362,106.16,9.912,1.8,NA,2025-10-27T00:36:24Z,EPTFUS,2025-10-26
MCO,2025-10-27T01:14:40Z,2025-10-26,20:14:40,20,EPTFUS,0.5,26.242,38.76,0,0.252767,LASNOC,LASCIN,NA,NA,22,22,4.271,1,0,31.188,25.616,9,248D9B025FDF0B90,id.csv,20251027,248D9B025FDF0B90_20251027_011440T.WAV,248D9B025FDF0B90_20251027_011440_000T.wav,NA,D:\Nikki Bat calls\MCO,D:\Schmeeckle analyzed 102725\Nikki\MCO,11,27.534,255.249,27.777,1.549,167.78,3.691,3.06,NA,2025-10-27T01:14:40Z,EPTFUS,2025-10-26
MCO,2025-10-27T02:29:34Z,2025-10-26,21:29:34,21,EPTFUS,0.533,27.118,33.21,0,0.300719,LASNOC,LASCIN,NA,NA,15,15,3.322,1,0,30.417,27.013,9,248D9B025FDF0B90,id.csv,20251027,248D9B025FDF0B90_20251027_022934T.WAV,248D9B025FDF0B90_20251027_022934_000T.wav,NA,D:\Nikki Bat calls\MCO,D:\Schmeeckle analyzed 102725\Nikki\MCO,8,28.174,246.81,28.196,1.497,140.26,3.234,2.45,NA,2025-10-27T02:29:34Z,EPTFUS,2025-10-26
MCO,2025-10-28T00:44:20Z,2025-10-27,19:44:20,19,LASCIN,0.75,22.964,10.74,0,0.379576,EPTFUS,LASNOC,NA,NA,8,8,8.453,1,0,27.216,22.633,9,248D9B025FDF0B90,id.csv,20251028,248D9B025FDF0B90_20251028_004420T.WAV,248D9B025FDF0B90_20251028_004420_000T.wav,NA,D:\Nikki Bat calls\MCO,D:\Schmeeckle analyzed 102725\Nikki\MCO,6,24.239,360.585,23.616,5.469,127.18,7.698,1.4,NA,2025-10-28T00:44:20Z,LASCIN,2025-10-27
MCO,2025-10-28T01:21:26Z,2025-10-27,20:21:26,20,LASCIN,1,23.106,-4.13,0,0.41284,EPTFUS,NA,NA,NA,4,4,6.831,1,0,24.084,21.864,9,248D9B025FDF0B90,id.csv,20251028,248D9B025FDF0B90_20251028_012126T.WAV,248D9B025FDF0B90_20251028_012126_000T.wav,NA,D:\Nikki Bat calls\MCO,D:\Schmeeckle analyzed 102725\Nikki\MCO,4,22.908,796.207,23.265,2.08,77.63,3.151,1.18,NA,2025-10-28T01:21:26Z,LASCIN,2025-10-27
MCO,2025-10-27T00:28:28Z,2025-10-26,19:28:28,19,LASCIN,0.8,24.37,10.57,0,0.361558,LASNOC,EPTFUS,NA,NA,5,5,9.999,1,0,25.978,22.924,9,248D9B025FDF0B90,id.csv,20251027,248D9B025FDF0B90_20251027_002828T.WAV,248D9B025FDF0B90_20251027_002828_000T.wav,NA,D:\Nikki Bat calls\MCO,D:\Schmeeckle analyzed 102725\Nikki\MCO,4,24.346,489.581,24.93,2.608,13.46,5.263,1.8,NA,2025-10-27T00:28:28Z,LASCIN,2025-10-26
MCO,2025-10-28T00:44:06Z,2025-10-27,19:44:06,19,LASCIN,0.571,23.872,19.01,0,0.386084,EPTFUS,LASNOC,NA,NA,7,7,6.309,1,0,27.03,23.292,9,248D9B025FDF0B90,id.csv,20251028,248D9B025FDF0B90_20251028_004406T.WAV,248D9B025FDF0B90_20251028_004406_000T.wav,NA,D:\Nikki Bat calls\MCO,D:\Schmeeckle analyzed 102725\Nikki\MCO,4,24.728,296.735,25.005,2.431,67.56,5.345,1.1,NA,2025-10-28T00:44:06Z,LASCIN,2025-10-27
MCO,2025-10-27T00:28:14Z,2025-10-26,19:28:14,19,LASCIN,0.286,25.062,18.96,0,0.221597,LASNOC,EPTFUS,NA,NA,7,7,7.116,1,0,27.288,24.664,9,248D9B025FDF0B90,id.csv,20251027,248D9B025FDF0B90_20251027_002814T.WAV,248D9B025FDF0B90_20251027_002814_000T.wav,NA,D:\Nikki Bat calls\MCO,D:\Schmeeckle analyzed 102725\Nikki\MCO,2,25.733,805.275,25.99,3.258,12.06,5.967,1.3,NA,2025-10-27T00:28:14Z,LASCIN,2025-10-26
LPO,2025-10-27T00:36:38Z,2025-10-26,19:36:38,19,EPTFUS,0.917,26.55,26.33,0,0.491561,LASNOC,LASCIN,NA,NA,12,12,8.296,1,0,37.047,25.886,9,24E144036484A442,id.csv,20251027,24E144036484A442_20251027_003638T.WAV,24E144036484A442_20251027_003638_000T.wav,NA,H:\LPO,D:\Schmeeckle analyzed 102725\Sam 512\LPO,11,29.158,248.514,27.469,5.675,246.35,7.279,1.77,NA,2025-10-27T00:36:38Z,EPTFUS,2025-10-26
LPO,2025-10-27T01:08:36Z,2025-10-26,20:08:36,20,EPTFUS,0.833,25.864,22.37,0,0.421006,LASNOC,LASCIN,NA,NA,12,12,10.424,1,0,42.339,25.637,9,24E144036484A442,id.csv,20251027,24E144036484A442_20251027_010836T.WAV,24E144036484A442_20251027_010836_000T.wav,NA,H:\LPO,D:\Schmeeckle analyzed 102725\Sam 512\LPO,10,30.017,261.2,26.853,7.524,219.56,9.82,1.19,NA,2025-10-27T01:08:36Z,EPTFUS,2025-10-26
LPO,2025-10-26T23:50:40Z,2025-10-26,18:50:40,18,LASCIN,0.897,22.83,7.65,0,0.415662,EPTFUS,LASNOC,NA,NA,29,29,13.112,1,0,25.642,22.148,9,24E144036484A442,id.csv,20251026,24E144036484A442_20251026_235040T.WAV,24E144036484A442_20251026_235040_000T.wav,NA,H:\LPO,D:\Schmeeckle analyzed 102725\Sam 512\LPO,26,23.49,274.602,23.865,4.237,66.2,10.29,4.57,NA,2025-10-26T23:50:40Z,LASCIN,2025-10-26
LPO,2025-10-28T00:17:16Z,2025-10-27,19:17:16,19,LASCIN,1,19.406,2.37,0,0.462899,NA,NA,NA,NA,20,20,3.827,1,0,19.629,19.201,9,24E144036484A442,id.csv,20251028,24E144036484A442_20251028_001716T.WAV,24E144036484A442_20251028_001716_000T.wav,NA,H:\LPO,D:\Schmeeckle analyzed 102725\Sam 512\LPO,20,19.417,82.223,19.425,1.089,12.09,2.54,3.75,NA,2025-10-28T00:17:16Z,LASCIN,2025-10-27
LPO,2025-10-27T23:02:36Z,2025-10-27,18:02:36,18,LASCIN,1,20.113,-0.33,0,0.463183,NA,NA,NA,NA,19,19,4.809,1,0,20.399,19.915,9,24E144036484A442,id.csv,20251027,24E144036484A442_20251027_230236T.WAV,24E144036484A442_20251027_230236_000T.wav,NA,H:\LPO,D:\Schmeeckle analyzed 102725\Sam 512\LPO,19,20.126,95.538,20.121,2.12,12.45,3.637,4.95,NA,2025-10-27T23:02:36Z,LASCIN,2025-10-27
LPO,2025-10-28T01:36:50Z,2025-10-27,20:36:50,20,LASCIN,1,17.269,1.86,0,0.275931,NA,NA,NA,NA,19,19,5.169,1,0,17.679,17.084,9,24E144036484A442,id.csv,20251028,24E144036484A442_20251028_013650T.WAV,24E144036484A442_20251028_013650_000T.wav,NA,H:\LPO,D:\Schmeeckle analyzed 102725\Sam 512\LPO,19,17.318,39.194,17.338,2.154,11.03,3.766,4.18,NA,2025-10-28T01:36:50Z,LASCIN,2025-10-27
LPO,2025-10-27T02:03:12Z,2025-10-26,21:03:12,21,LASCIN,0.75,23.352,12.48,0,0.42555,EPTFUS,LASNOC,NA,NA,20,20,6.445,1,0,24.821,22.246,9,24E144036484A442,id.csv,20251027,24E144036484A442_20251027_020312T.WAV,24E144036484A442_20251027_020312_000T.wav,NA,H:\LPO,D:\Schmeeckle analyzed 102725\Sam 512\LPO,15,23.47,398.026,23.987,1.571,15.68,4.249,4.46,NA,2025-10-27T02:03:12Z,LASCIN,2025-10-26
LPO,2025-10-27T02:05:18Z,2025-10-26,21:05:18,21,LASCIN,0.625,23.009,14.7,0,0.373899,LASNOC,EPTFUS,NA,NA,24,24,12.609,1,0,28.635,21.927,9,24E144036484A442,id.csv,20251027,24E144036484A442_20251027_020518T.WAV,24E144036484A442_20251027_020518_000T.wav,NA,H:\LPO,D:\Schmeeckle analyzed 102725\Sam 512\LPO,15,24.16,295.936,24.375,4.833,84.22,10.215,3.1,NA,2025-10-27T02:05:18Z,LASCIN,2025-10-26
LPO,2025-10-28T00:45:30Z,2025-10-27,19:45:30,19,LASCIN,1,21.508,12.7,0,0.374936,NA,NA,NA,NA,12,12,10.716,1,0,24.64,21.003,9,24E144036484A442,id.csv,20251028,24E144036484A442_20251028_004530T.WAV,24E144036484A442_20251028_004530_000T.wav,NA,H:\LPO,D:\Schmeeckle analyzed 102725\Sam 512\LPO,12,22.471,500.592,22.455,5.273,68.6,9.227,1.98,NA,2025-10-28T00:45:30Z,LASCIN,2025-10-27
LPO,2025-10-28T00:57:24Z,2025-10-27,19:57:24,19,LASCIN,0.889,23.286,17.49,0,0.384293,EPTFUS,LASNOC,NA,NA,9,9,4.412,1,0,24.76,22.836,9,24E144036484A442,id.csv,20251028,24E144036484A442_20251028_005724T.WAV,24E144036484A442_20251028_005724_000T.wav,NA,H:\LPO,D:\Schmeeckle analyzed 102725\Sam 512\LPO,8,23.474,500.789,23.791,1.325,39.07,2.908,1.7,NA,2025-10-28T00:57:24Z,LASCIN,2025-10-27
LPO,2025-10-28T04:46:18Z,2025-10-27,23:46:18,23,LASCIN,1,20.901,8.33,0,0.460984,NA,NA,NA,NA,7,7,3.718,1,0,21.454,20.674,9,24E144036484A442,id.csv,20251028,24E144036484A442_20251028_044618T.WAV,24E144036484A442_20251028_044618_000T.wav,NA,H:\LPO,D:\Schmeeckle analyzed 102725\Sam 512\LPO,7,21.016,293.62,20.983,1.628,65.87,3.043,1.57,NA,2025-10-28T04:46:18Z,LASCIN,2025-10-27
LPO,2025-10-27T01:42:12Z,2025-10-26,20:42:12,20,LASCIN,0.875,23.16,6.2,0,0.407672,EPTFUS,NA,NA,NA,8,8,8.907,1,0,24.353,22.584,9,24E144036484A442,id.csv,20251027,24E144036484A442_20251027_014212T.WAV,24E144036484A442_20251027_014212_000T.wav,NA,H:\LPO,D:\Schmeeckle analyzed 102725\Sam 512\LPO,7,23.379,347.86,23.507,3.628,40.85,6.426,2.56,NA,2025-10-27T01:42:12Z,LASCIN,2025-10-26
LPO,2025-10-26T23:52:46Z,2025-10-26,18:52:46,18,LASCIN,0.7,23.76,14.39,0,0.377351,LASNOC,EPTFUS,NA,NA,10,10,8.106,1,0,25.444,23.301,9,24E144036484A442,id.csv,20251026,24E144036484A442_20251026_235246T.WAV,24E144036484A442_20251026_235246_000T.wav,NA,H:\LPO,D:\Schmeeckle analyzed 102725\Sam 512\LPO,7,24.237,312.477,24.571,2.611,82.9,6.44,1.71,NA,2025-10-26T23:52:46Z,LASCIN,2025-10-26
LPO,2025-10-27T00:45:44Z,2025-10-26,19:45:44,19,LASCIN,1,20.882,-0.22,0,0.44418,EPTFUS,NA,NA,NA,4,4,3.12,1,0,21.159,20.58,9,24E144036484A442,id.csv,20251027,24E144036484A442_20251027_004544T.WAV,24E144036484A442_20251027_004544_000T.wav,NA,H:\LPO,D:\Schmeeckle analyzed 102725\Sam 512\LPO,4,20.876,67.346,20.904,0.438,0.82,2.405,1.52,NA,2025-10-27T00:45:44Z,LASCIN,2025-10-26
LPO,2025-10-28T11:42:48Z,2025-10-28,06:42:48,6,LASCIN,1,17.231,-6.37,0,0.199464,NA,NA,NA,NA,4,4,2.438,1,0,17.394,17.096,9,24E144036484A442,id.csv,20251028,24E144036484A442_20251028_114248T.WAV,24E144036484A442_20251028_114248_000T.wav,NA,H:\LPO,D:\Schmeeckle analyzed 102725\Sam 512\LPO,4,17.244,241.084,17.212,1.167,-21.38,2.258,0.92,NA,2025-10-28T11:42:48Z,LASCIN,2025-10-27
LPO,2025-10-27T00:34:46Z,2025-10-26,19:34:46,19,LASCIN,1,16.622,3.47,0,0.201398,NA,NA,NA,NA,3,3,3.208,1,0,16.833,16.507,9,24E144036484A442,id.csv,20251027,24E144036484A442_20251027_003446T.WAV,24E144036484A442_20251027_003446_000T.wav,NA,H:\LPO,D:\Schmeeckle analyzed 102725\Sam 512\LPO,3,16.632,17.554,16.633,1.522,16.68,2.565,0.95,NA,2025-10-27T00:34:46Z,LASCIN,2025-10-26
LPO,2025-10-27T23:36:54Z,2025-10-27,18:36:54,18,LASCIN,0.75,23.652,5.16,0,0.485562,EPTFUS,LASNOC,NA,NA,4,4,5.056,1,0,24.12,23.461,9,24E144036484A442,id.csv,20251027,24E144036484A442_20251027_233654T.WAV,24E144036484A442_20251027_233654_000T.wav,NA,H:\LPO,D:\Schmeeckle analyzed 102725\Sam 512\LPO,3,23.761,664.044,23.761,0.676,21.31,2.445,0.78,NA,2025-10-27T23:36:54Z,LASCIN,2025-10-27
LPO,2025-10-28T00:59:16Z,2025-10-27,19:59:16,19,LASCIN,1,17.262,1.9,0,0.151723,NA,NA,NA,NA,2,2,2.182,1,0,17.765,17.188,9,24E144036484A442,id.csv,20251028,24E144036484A442_20251028_005916T.WAV,24E144036484A442_20251028_005916_000T.wav,NA,H:\LPO,D:\Schmeeckle analyzed 102725\Sam 512\LPO,2,17.407,115.169,17.279,0.115,87.74,1.156,0.82,NA,2025-10-28T00:59:16Z,LASCIN,2025-10-27
LPO,2025-10-28T11:07:06Z,2025-10-28,06:07:06,6,LASCIN,1,22.86,21.58,0,0.452476,EPTFUS,LASNOC,NA,NA,2,2,6.409,1,0,23.649,22.732,9,24E144036484A442,id.csv,20251028,24E144036484A442_20251028_110706T.WAV,24E144036484A442_20251028_110706_000T.wav,NA,H:\LPO,D:\Schmeeckle analyzed 102725\Sam 512\LPO,2,23.177,151.141,23.329,0.684,24.58,2.162,0.27,NA,2025-10-28T11:07:06Z,LASCIN,2025-10-27
LPO,2025-10-26T23:53:00Z,2025-10-26,18:53:00,18,LASCIN,0.4,23.875,12.88,0,0.411718,EPTFUS,LASNOC,NA,NA,5,5,6.677,1,0,25.946,23.54,9,24E144036484A442,id.csv,20251026,24E144036484A442_20251026_235300T.WAV,24E144036484A442_20251026_235300_000T.wav,NA,H:\LPO,D:\Schmeeckle analyzed 102725\Sam 512\LPO,2,24.499,433.34,24.388,3.641,-0.95,5.93,1.35,NA,2025-10-26T23:53:00Z,LASCIN,2025-10-26
LPO,2025-10-27T00:27:18Z,2025-10-26,19:27:18,19,PERSUB,0.571,42.024,39.93,0,0.179269,LASBOR,MYOLUC,NA,NA,7,7,3.44,1,0,47.231,41.868,9,24E144036484A442,id.csv,20251027,24E144036484A442_20251027_002718T.WAV,24E144036484A442_20251027_002718_000T.wav,NA,H:\LPO,D:\Schmeeckle analyzed 102725\Sam 512\LPO,4,43.885,267.111,44.77,1.111,169.43,3.288,1.83,NA,2025-10-27T00:27:18Z,PERSUB,2025-10-26
SMI,2025-10-26T23:49:30Z,2025-10-26,18:49:30,18,LASCIN,1,22.516,10.1,0,0.432204,EPTFUS,LASNOC,NA,NA,8,8,9.216,1,0,26.142,21.532,9,247475035FDF1A0D,id.csv,20251026,247475035FDF1A0D_20251026_234930T.WAV,247475035FDF1A0D_20251026_234930_000T.wav,NA,H:\SMI,D:\Schmeeckle analyzed 102725\Sam 512\SMI,8,23.235,310.205,23.071,4.852,78.6,6.893,1.16,NA,2025-10-26T23:49:30Z,LASCIN,2025-10-26
SMI,2025-10-27T00:37:06Z,2025-10-26,19:37:06,19,LASCIN,0.667,23.437,14.17,0,0.490112,EPTFUS,LASNOC,NA,NA,6,6,7.745,1,0,24.91,23.07,9,247475035FDF1A0D,id.csv,20251027,247475035FDF1A0D_20251027_003706T.WAV,247475035FDF1A0D_20251027_003706_000T.wav,NA,H:\SMI,D:\Schmeeckle analyzed 102725\Sam 512\SMI,4,23.066,465.166,23.74,4.09,24.69,5.651,1.02,NA,2025-10-27T00:37:06Z,LASCIN,2025-10-26
SMI,2025-10-27T23:24:32Z,2025-10-27,18:24:32,18,LASNOC,0.667,27.907,19.22,0,0.213326,EPTFUS,LASCIN,NA,NA,6,6,2.707,1,0,29.762,27.617,9,247475035FDF1A0D,id.csv,20251027,247475035FDF1A0D_20251027_232432T.WAV,247475035FDF1A0D_20251027_232432_000T.wav,NA,H:\SMI,D:\Schmeeckle analyzed 102725\Sam 512\SMI,4,28.358,1572.308,28.301,1.347,82.42,2.418,1.64,NA,2025-10-27T23:24:32Z,LASNOC,2025-10-27
SMI,2025-10-27T23:24:04Z,2025-10-27,18:24:04,18,LASNOC,1,27.212,19.59,0,0.42278,LASCIN,EPTFUS,NA,NA,2,2,3.189,1,0,28.383,27.077,9,247475035FDF1A0D,id.csv,20251027,247475035FDF1A0D_20251027_232404T.WAV,247475035FDF1A0D_20251027_232404_000T.wav,NA,H:\SMI,D:\Schmeeckle analyzed 102725\Sam 512\SMI,2,27.586,664.561,27.93,0.713,-6.27,2.595,0.57,NA,2025-10-27T23:24:04Z,LASNOC,2025-10-27
SMO,2025-10-27T00:42:14Z,2025-10-26,19:42:14,19,LASCIN,0.762,24.928,1.99,0,0.281067,LASNOC,EPTFUS,NA,NA,21,21,8.093,1,0,27.329,24.483,9,249C600164F3532A,id.csv,20251027,249C600164F3532A_20251027_004214T.WAV,249C600164F3532A_20251027_004214_000T.wav,NA,H:\SMO,D:\Schmeeckle analyzed 102725\Sam 512\SMO,16,25.431,381.941,25.218,4.439,51.13,6.505,5.97,NA,2025-10-27T00:42:14Z,LASCIN,2025-10-26
SMO,2025-10-31T00:43:52Z,2025-10-30,19:43:52,19,LASCIN,0.524,24.021,8.74,0,0.391829,EPTFUS,LASNOC,NA,NA,21,21,5.03,1,0,25.189,23.617,9,249C600164F3532A,id.csv,20251031,249C600164F3532A_20251031_004352T.WAV,249C600164F3532A_20251031_004352_000T.wav,NA,H:\SMO,D:\Schmeeckle analyzed 102725\Sam 512\SMO,11,24.226,420.373,24.226,2.598,58.78,3.827,4.46,NA,2025-10-31T00:43:52Z,LASCIN,2025-10-30
SMO,2025-11-01T01:48:44Z,2025-10-31,20:48:44,20,LASCIN,0.667,24.72,17.04,0,0.337962,EPTFUS,LASNOC,NA,NA,12,12,5.963,1,0,26.491,24.378,9,249C600164F3532A,id.csv,20251101,249C600164F3532A_20251101_014844T.WAV,249C600164F3532A_20251101_014844_000T.wav,NA,H:\SMO,D:\Schmeeckle analyzed 102725\Sam 512\SMO,8,25.242,425.034,25.155,3.746,95.59,4.943,2.39,NA,2025-11-01T01:48:44Z,LASCIN,2025-10-31
SMO,2025-11-01T00:20:18Z,2025-10-31,19:20:18,19,LASCIN,0.421,24.183,13.36,0,0.399476,EPTFUS,LASNOC,NA,NA,19,19,8.045,1,0,26.542,23.831,9,249C600164F3532A,id.csv,20251101,249C600164F3532A_20251101_002018T.WAV,249C600164F3532A_20251101_002018_000T.wav,NA,H:\SMO,D:\Schmeeckle analyzed 102725\Sam 512\SMO,8,24.697,442.153,24.442,5.519,77.81,6.785,4.02,NA,2025-11-01T00:20:18Z,LASCIN,2025-10-31
SMO,2025-10-29T00:49:42Z,2025-10-28,19:49:42,19,LASCIN,0.667,24.485,37.57,0,0.289918,EPTFUS,NA,NA,NA,9,9,5.15,1,0,27.187,23.837,9,249C600164F3532A,id.csv,20251029,249C600164F3532A_20251029_004942T.WAV,249C600164F3532A_20251029_004942_000T.wav,NA,H:\SMO,D:\Schmeeckle analyzed 102725\Sam 512\SMO,6,25.118,395.814,25.245,2.184,91.46,3.381,3.56,NA,2025-10-29T00:49:42Z,LASCIN,2025-10-28
SMO,2025-11-01T01:48:58Z,2025-10-31,20:48:58,20,LASCIN,0.455,24.924,-0.01,0,0.307984,EPTFUS,LASNOC,NA,NA,11,11,5.844,1,0,27.409,24.341,9,249C600164F3532A,id.csv,20251101,249C600164F3532A_20251101_014858T.WAV,249C600164F3532A_20251101_014858_000T.wav,NA,H:\SMO,D:\Schmeeckle analyzed 102725\Sam 512\SMO,5,25.35,321.526,24.923,3.788,104.78,4.702,4.93,NA,2025-11-01T01:48:58Z,LASCIN,2025-10-31
SMO,2025-11-01T00:59:44Z,2025-10-31,19:59:44,19,LASCIN,0.357,24.514,-3.1,0,0.272375,EPTFUS,NA,NA,NA,14,14,4.981,1,0,26.188,23.853,9,249C600164F3532A,id.csv,20251101,249C600164F3532A_20251101_005944T.WAV,249C600164F3532A_20251101_005944_000T.wav,NA,H:\SMO,D:\Schmeeckle analyzed 102725\Sam 512\SMO,5,24.816,320.682,24.502,2.911,58.14,3.586,3.46,NA,2025-11-01T00:59:44Z,LASCIN,2025-10-31
SMO,2025-10-26T23:50:12Z,2025-10-26,18:50:12,18,LASCIN,0.667,22.917,17.04,0,0.430249,EPTFUS,LASNOC,NA,NA,6,6,7.924,1,0,25.726,22.272,9,249C600164F3532A,id.csv,20251026,249C600164F3532A_20251026_235012T.WAV,249C600164F3532A_20251026_235012_000T.wav,NA,H:\SMO,D:\Schmeeckle analyzed 102725\Sam 512\SMO,4,23.786,894.472,24.249,2.646,59.9,6.383,2.12,NA,2025-10-26T23:50:12Z,LASCIN,2025-10-26
SMO,2025-10-27T01:19:48Z,2025-10-26,20:19:48,20,LASCIN,0.571,24.402,12.11,0,0.392814,EPTFUS,LASNOC,NA,NA,7,7,7.198,1,0,26.214,23.72,9,249C600164F3532A,id.csv,20251027,249C600164F3532A_20251027_011948T.WAV,249C600164F3532A_20251027_011948_000T.wav,NA,H:\SMO,D:\Schmeeckle analyzed 102725\Sam 512\SMO,4,24.857,618.913,25.016,3.128,13.62,5.488,1.22,NA,2025-10-27T01:19:48Z,LASCIN,2025-10-26
SMO,2025-10-29T00:21:00Z,2025-10-28,19:21:00,19,LASCIN,0.4,23.711,13.96,0,0.286849,EPTFUS,NA,NA,NA,10,10,5.019,1,0,25.321,22.984,9,249C600164F3532A,id.csv,20251029,249C600164F3532A_20251029_002100T.WAV,249C600164F3532A_20251029_002100_000T.wav,NA,H:\SMO,D:\Schmeeckle analyzed 102725\Sam 512\SMO,4,24.03,735.417,24.124,2.326,101.65,3.721,3.47,NA,2025-10-29T00:21:00Z,LASCIN,2025-10-28
SMO,2025-11-01T00:48:04Z,2025-10-31,19:48:04,19,LASCIN,0.364,24.311,14.86,0,0.392491,EPTFUS,LASNOC,NA,NA,11,11,7.064,1,0,27.795,23.617,9,249C600164F3532A,id.csv,20251101,249C600164F3532A_20251101_004804T.WAV,249C600164F3532A_20251101_004804_000T.wav,NA,H:\SMO,D:\Schmeeckle analyzed 102725\Sam 512\SMO,4,25.042,404.013,24.703,4.125,47.66,5.571,3.16,NA,2025-11-01T00:48:04Z,LASCIN,2025-10-31
SMO,2025-10-29T01:08:08Z,2025-10-28,20:08:08,20,LASCIN,0.286,24.282,21.06,0,0.273613,EPTFUS,LASNOC,NA,NA,14,14,5.718,1,0,28.351,23.619,9,249C600164F3532A,id.csv,20251029,249C600164F3532A_20251029_010808T.WAV,249C600164F3532A_20251029_010808_000T.wav,NA,H:\SMO,D:\Schmeeckle analyzed 102725\Sam 512\SMO,4,25.316,328.994,24.79,3.405,142.69,4.606,2.72,NA,2025-10-29T01:08:08Z,LASCIN,2025-10-28
SMO,2025-11-01T00:59:30Z,2025-10-31,19:59:30,19,LASCIN,1,24.107,4.94,0,0.446617,EPTFUS,LASNOC,NA,NA,3,3,7.736,1,0,26.075,22.923,9,249C600164F3532A,id.csv,20251101,249C600164F3532A_20251101_005930T.WAV,249C600164F3532A_20251101_005930_000T.wav,NA,H:\SMO,D:\Schmeeckle analyzed 102725\Sam 512\SMO,3,24.523,371.346,24.589,2.898,-40.24,5.194,0.97,NA,2025-11-01T00:59:30Z,LASCIN,2025-10-31
SMO,2025-11-01T00:32:26Z,2025-10-31,19:32:26,19,LASCIN,0.75,23.135,21.58,0,0.381075,EPTFUS,NA,NA,NA,4,4,2.83,1,0,24.038,22.904,9,249C600164F3532A,id.csv,20251101,249C600164F3532A_20251101_003226T.WAV,249C600164F3532A_20251101_003226_000T.wav,NA,H:\SMO,D:\Schmeeckle analyzed 102725\Sam 512\SMO,3,23.264,510.048,23.39,1.406,106.4,2.311,1.16,NA,2025-11-01T00:32:26Z,LASCIN,2025-10-31
SMO,2025-10-29T00:21:14Z,2025-10-28,19:21:14,19,LASCIN,1,21.531,21,0,0.413096,EPTFUS,NA,NA,NA,2,2,4.131,1,0,22.786,21.167,9,249C600164F3532A,id.csv,20251029,249C600164F3532A_20251029_002114T.WAV,249C600164F3532A_20251029_002114_000T.wav,NA,H:\SMO,D:\Schmeeckle analyzed 102725\Sam 512\SMO,2,21.916,869.482,22.018,1.664,68.79,2.948,0.79,NA,2025-10-29T00:21:14Z,LASCIN,2025-10-28
SMO,2025-11-01T00:24:30Z,2025-10-31,19:24:30,19,LASCIN,0.25,24.656,15.78,0,0.332069,EPTFUS,LASNOC,NA,NA,4,4,6.096,1,0,26.179,24.064,9,249C600164F3532A,id.csv,20251101,249C600164F3532A_20251101_002430T.WAV,249C600164F3532A_20251101_002430_000T.wav,NA,H:\SMO,D:\Schmeeckle analyzed 102725\Sam 512\SMO,1,25.034,755.112,25.196,2.356,65.47,4.176,1.45,NA,2025-11-01T00:24:30Z,LASCIN,2025-10-31
SMO,2025-10-27T02:54:04Z,2025-10-26,21:54:04,21,LASNOC,0.913,26.604,14.2,0,0.424118,EPTFUS,LASCIN,NA,NA,23,23,5.921,1,0,32.834,26.361,9,249C600164F3532A,id.csv,20251027,249C600164F3532A_20251027_025404T.WAV,249C600164F3532A_20251027_025404_000T.wav,NA,H:\SMO,D:\Schmeeckle analyzed 102725\Sam 512\SMO,21,27.897,188.223,27.216,3.354,208.91,5.333,3.62,NA,2025-10-27T02:54:04Z,LASNOC,2025-10-26
SMI,2025-10-20T00:49:40Z,2025-10-19,19:49:40,19,LASCIN,1,23.05,17.04,0,0.38798,EPTFUS,NA,NA,NA,7,7,5.04,1,0,23.949,22.247,9,247475035FDF1A0D,id.csv,10 26\20251020,247475035FDF1A0D_20251020_004940T.WAV,247475035FDF1A0D_20251020_004940_000T.wav,NA,D:\Bat Files\SMI,D:\Schmeeckle analyzed 102725\SMI,7,23.011,656.516,23.397,1.356,38.42,2.615,1.93,NA,2025-10-20T00:49:40Z,LASCIN,2025-10-19
SMI,2025-10-14T00:01:22Z,2025-10-13,19:01:22,19,LASCIN,0.875,23.027,2.46,0,0.436872,EPTFUS,LASNOC,NA,NA,8,8,5.313,1,0,24.354,22.745,5.758667,247475035FDF1A0D,id.csv,10 17\20251014,247475035FDF1A0D_20251014_000122T.WAV,247475035FDF1A0D_20251014_000122_000T.wav,NA,D:\Bat Files\SMI,D:\Schmeeckle analyzed 102725\SMI,7,23.37,674.577,23.28,2.492,2.3,4.564,1.7,NA,2025-10-14T00:01:22Z,LASCIN,2025-10-13
SMI,2025-10-14T05:11:56Z,2025-10-14,00:11:56,0,LASCIN,0.714,23.601,16.91,0,0.318464,EPTFUS,NA,NA,NA,7,7,4.38,1,0,25.042,23.046,7.124,247475035FDF1A0D,id.csv,10 17\20251014,247475035FDF1A0D_20251014_051156T.WAV,247475035FDF1A0D_20251014_051156_000T.wav,NA,D:\Bat Files\SMI,D:\Schmeeckle analyzed 102725\SMI,5,23.926,703.807,23.999,2.177,49.92,3.55,1.98,NA,2025-10-14T05:11:56Z,LASCIN,2025-10-13
SMI,2025-10-14T01:57:20Z,2025-10-13,20:57:20,20,LASCIN,0.571,24.15,12.2,0,0.340354,EPTFUS,LASNOC,NA,NA,7,7,4.699,1,0,27.056,23.961,5.417333,247475035FDF1A0D,id.csv,10 17\20251014,247475035FDF1A0D_20251014_015720T.WAV,247475035FDF1A0D_20251014_015720_000T.wav,NA,D:\Bat Files\SMI,D:\Schmeeckle analyzed 102725\SMI,4,24.899,809.169,24.395,3.062,119.45,4.325,1.68,NA,2025-10-14T01:57:20Z,LASCIN,2025-10-13
SMI,2025-10-14T05:26:52Z,2025-10-14,00:26:52,0,LASCIN,1,23.063,16.95,0,0.338578,LASNOC,EPTFUS,NA,NA,2,2,8.662,1,0,25.041,21.83,2.174667,247475035FDF1A0D,id.csv,10 17\20251014,247475035FDF1A0D_20251014_052652T.WAV,247475035FDF1A0D_20251014_052652_000T.wav,NA,D:\Bat Files\SMI,D:\Schmeeckle analyzed 102725\SMI,2,23.304,1555.276,23.393,4.555,-53.86,5.846,1.22,NA,2025-10-14T05:26:52Z,LASCIN,2025-10-13
SMI,2025-10-17T23:45:44Z,2025-10-17,18:45:44,18,LASCIN,1,22.381,12.09,0,0.393065,EPTFUS,NA,NA,NA,2,2,3.718,1,0,23.585,21.712,9,247475035FDF1A0D,id.csv,10 19\20251017,247475035FDF1A0D_20251017_234544T.WAV,247475035FDF1A0D_20251017_234544_000T.wav,NA,D:\Bat Files\SMI,D:\Schmeeckle analyzed 102725\SMI,2,22.489,1425.468,22.606,1.381,88.18,2.537,0.78,NA,2025-10-17T23:45:44Z,LASCIN,2025-10-17
SMI,2025-10-17T23:45:58Z,2025-10-17,18:45:58,18,LASCIN,1,22.7,18.83,0,0.546742,EPTFUS,NA,NA,NA,2,2,3.059,1,0,23.883,22.319,9,247475035FDF1A0D,id.csv,10 19\20251017,247475035FDF1A0D_20251017_234558T.WAV,247475035FDF1A0D_20251017_234558_000T.wav,NA,D:\Bat Files\SMI,D:\Schmeeckle analyzed 102725\SMI,2,22.942,1102.255,23.122,1.117,84.83,2.433,0.84,NA,2025-10-17T23:45:58Z,LASCIN,2025-10-17
SMI,2025-10-18T00:07:12Z,2025-10-17,19:07:12,19,LASCIN,1,22.71,32.44,0,0.373848,EPTFUS,NA,NA,NA,2,2,2.274,1,0,23.31,22.325,9,247475035FDF1A0D,id.csv,10 19\20251018,247475035FDF1A0D_20251018_000712T.WAV,247475035FDF1A0D_20251018_000712_000T.wav,NA,D:\Bat Files\SMI,D:\Schmeeckle analyzed 102725\SMI,2,22.884,5.708,23.083,0.856,-111.02,1.738,0.85,NA,2025-10-18T00:07:12Z,LASCIN,2025-10-17
SMI,2025-10-18T02:14:36Z,2025-10-17,21:14:36,21,LASCIN,1,22.958,19.7,0,0.43361,EPTFUS,NA,NA,NA,2,2,6.286,1,0,23.988,22.762,9,247475035FDF1A0D,id.csv,10 19\20251018,247475035FDF1A0D_20251018_021436T.WAV,247475035FDF1A0D_20251018_021436_000T.wav,NA,D:\Bat Files\SMI,D:\Schmeeckle analyzed 102725\SMI,2,23.26,846.313,23.331,4.472,33.91,5.596,0.34,NA,2025-10-18T02:14:36Z,LASCIN,2025-10-17
SMI,2025-10-17T12:46:56Z,2025-10-17,07:46:56,7,LASCIN,0.667,22.716,-7.72,0,0.219472,NA,NA,NA,NA,3,3,5.722,1,0,23.146,22.291,9,247475035FDF1A0D,id.csv,10 17\20251017,247475035FDF1A0D_20251017_124656T.WAV,247475035FDF1A0D_20251017_124656_000T.wav,NA,D:\Bat Files\SMI,D:\Schmeeckle analyzed 102725\SMI,2,22.803,2027.572,22.694,1.842,-128.61,2.54,1.13,NA,2025-10-17T12:46:56Z,LASCIN,2025-10-16
SMI,2025-10-17T23:57:52Z,2025-10-17,18:57:52,18,LASCIN,0.333,24.456,10.17,0,0.364239,EPTFUS,LASNOC,NA,NA,3,3,4.283,1,0,25.347,23.995,9,247475035FDF1A0D,id.csv,10 19\20251017,247475035FDF1A0D_20251017_235752T.WAV,247475035FDF1A0D_20251017_235752_000T.wav,NA,D:\Bat Files\SMI,D:\Schmeeckle analyzed 102725\SMI,1,24.531,977.19,24.655,1.337,49.01,2.54,0.8,NA,2025-10-17T23:57:52Z,LASCIN,2025-10-17
SMI,2025-10-18T08:43:20Z,2025-10-18,03:43:20,3,LASNOC,1,27.105,4.85,0,0.298046,LASCIN,EPTFUS,NA,NA,5,5,4.334,1,0,28.276,26.76,9,247475035FDF1A0D,id.csv,10 19\20251018,247475035FDF1A0D_20251018_084320T.WAV,247475035FDF1A0D_20251018_084320_000T.wav,NA,D:\Bat Files\SMI,D:\Schmeeckle analyzed 102725\SMI,5,27.316,472.316,27.393,1.554,32.66,3.438,1.64,NA,2025-10-18T08:43:20Z,LASNOC,2025-10-17
SMO,2025-10-17T23:51:48Z,2025-10-17,18:51:48,18,EPTFUS,0.912,25.525,32.94,0,0.474358,LASNOC,LASCIN,NA,NA,57,57,7.647,1,0,42.844,25.23,9,249C600164F3532A,id.csv,10 19\20251017,249C600164F3532A_20251017_235148T.WAV,249C600164F3532A_20251017_235148_000T.wav,NA,D:\Bat Files\SMO,D:\Schmeeckle analyzed 102725\SMO,52,30.034,127.264,26.567,5.814,321.4,7.317,6.81,NA,2025-10-17T23:51:48Z,EPTFUS,2025-10-17
SMO,2025-10-19T00:16:46Z,2025-10-18,19:16:46,19,EPTFUS,0.885,26.726,33.09,0,0.538957,LASNOC,LASCIN,NA,NA,52,52,6.869,1,0,44.661,26.587,9,249C600164F3532A,id.csv,10 19\20251019,249C600164F3532A_20251019_001646T.WAV,249C600164F3532A_20251019_001646_000T.wav,NA,D:\Bat Files\SMO,D:\Schmeeckle analyzed 102725\SMO,46,31.604,161.842,27.766,5.265,294.14,6.653,5.76,NA,2025-10-19T00:16:46Z,EPTFUS,2025-10-18
SMO,2025-10-20T01:21:38Z,2025-10-19,20:21:38,20,EPTFUS,0.905,24.718,24.4,0,0.284162,LASCIN,LASNOC,NA,NA,21,21,8.458,1,0,30.801,24.025,9,249C600164F3532A,id.csv,10 26\20251020,249C600164F3532A_20251020_012138T.WAV,249C600164F3532A_20251020_012138_000T.wav,NA,D:\Bat Files\SMO,D:\Schmeeckle analyzed 102725\SMO,19,26.242,392.199,25.954,4.127,138.08,7.002,3.51,NA,2025-10-20T01:21:38Z,EPTFUS,2025-10-19
SMO,2025-10-19T00:49:26Z,2025-10-18,19:49:26,19,EPTFUS,0.762,26.593,44.46,0,0.294786,LASNOC,LASCIN,NA,NA,21,21,6.973,1,0,34.613,26.057,9,249C600164F3532A,id.csv,10 19\20251019,249C600164F3532A_20251019_004926T.WAV,249C600164F3532A_20251019_004926_000T.wav,NA,D:\Bat Files\SMO,D:\Schmeeckle analyzed 102725\SMO,16,29.285,223.81,28.333,4.137,102.59,6.154,4.86,NA,2025-10-19T00:49:26Z,EPTFUS,2025-10-18
SMO,2025-10-18T01:37:44Z,2025-10-17,20:37:44,20,EPTFUS,0.556,25.589,21.27,0,0.246298,LASNOC,LASCIN,NA,NA,27,27,8.695,1,0,33.722,25.207,9,249C600164F3532A,id.csv,10 19\20251018,249C600164F3532A_20251018_013744T.WAV,249C600164F3532A_20251018_013744_000T.wav,NA,D:\Bat Files\SMO,D:\Schmeeckle analyzed 102725\SMO,15,27.669,269.872,26.39,5.868,194.76,7.869,6.35,NA,2025-10-18T01:37:44Z,EPTFUS,2025-10-17
SMO,2025-10-19T02:23:56Z,2025-10-18,21:23:56,21,EPTFUS,0.733,25.753,23.7,0,0.27815,LASNOC,LASCIN,NA,NA,15,15,8.136,1,0,32.303,25.174,9,249C600164F3532A,id.csv,10 19\20251019,249C600164F3532A_20251019_022356T.WAV,249C600164F3532A_20251019_022356_000T.wav,NA,D:\Bat Files\SMO,D:\Schmeeckle analyzed 102725\SMO,11,27.407,358.37,26.657,4.848,97.95,6.879,2.43,NA,2025-10-19T02:23:56Z,EPTFUS,2025-10-18
SMO,2025-10-18T00:04:38Z,2025-10-17,19:04:38,19,EPTFUS,1,27.105,33.8,0,0.494908,LASNOC,LASCIN,NA,NA,6,6,5.152,1,0,33.044,26.583,9,249C600164F3532A,id.csv,10 19\20251018,249C600164F3532A_20251018_000438T.WAV,249C600164F3532A_20251018_000438_000T.wav,NA,D:\Bat Files\SMO,D:\Schmeeckle analyzed 102725\SMO,6,28.895,257.466,28.371,2.798,99.67,4.586,1.06,NA,2025-10-18T00:04:38Z,EPTFUS,2025-10-17
SMO,2025-10-17T23:47:36Z,2025-10-17,18:47:36,18,EPTFUS,0.417,26.474,18.33,0,0.30874,LASNOC,LASCIN,NA,NA,12,12,9.378,1,0,33.808,25.958,9,249C600164F3532A,id.csv,10 19\20251017,249C600164F3532A_20251017_234736T.WAV,249C600164F3532A_20251017_234736_000T.wav,NA,D:\Bat Files\SMO,D:\Schmeeckle analyzed 102725\SMO,5,28.426,276.174,27.063,6.957,149.67,8.555,1.9,NA,2025-10-17T23:47:36Z,EPTFUS,2025-10-17
SMO,2025-10-17T23:54:36Z,2025-10-17,18:54:36,18,EPTFUS,0.6,27.245,17.06,0,0.287353,LASNOC,LASCIN,NA,NA,5,5,4.845,1,0,31.194,26.816,9,249C600164F3532A,id.csv,10 19\20251017,249C600164F3532A_20251017_235436T.WAV,249C600164F3532A_20251017_235436_000T.wav,NA,D:\Bat Files\SMO,D:\Schmeeckle analyzed 102725\SMO,3,28.441,181.274,27.808,3.117,100.16,4.275,1.48,NA,2025-10-17T23:54:36Z,EPTFUS,2025-10-17
SMO,2025-10-18T01:14:10Z,2025-10-17,20:14:10,20,EPTFUS,0.375,26.763,16.68,0,0.234771,LASNOC,LASCIN,NA,NA,8,8,6.247,1,0,31.335,26.02,9,249C600164F3532A,id.csv,10 19\20251018,249C600164F3532A_20251018_011410T.WAV,249C600164F3532A_20251018_011410_000T.wav,NA,D:\Bat Files\SMO,D:\Schmeeckle analyzed 102725\SMO,3,27.815,371.192,27.165,4.162,128.1,5.125,2.57,NA,2025-10-18T01:14:10Z,EPTFUS,2025-10-17
SMO,2025-10-17T23:58:06Z,2025-10-17,18:58:06,18,EPTFUS,1,28.574,80.36,0,0.464627,LASNOC,LASCIN,NA,NA,2,2,3.039,1,0,34.492,27.788,9,249C600164F3532A,id.csv,10 19\20251017,249C600164F3532A_20251017_235806T.WAV,249C600164F3532A_20251017_235806_000T.wav,NA,D:\Bat Files\SMO,D:\Schmeeckle analyzed 102725\SMO,2,30.306,109.672,30.717,1.24,167.21,2.533,0.37,NA,2025-10-17T23:58:06Z,EPTFUS,2025-10-17
SMO,2025-10-18T06:22:52Z,2025-10-18,01:22:52,1,LASBOR,0.583,40.549,21.66,0,0.161685,PERSUB,MYOLUC,NA,NA,24,24,5.075,1,0,45.634,40.198,9,249C600164F3532A,id.csv,10 19\20251018,249C600164F3532A_20251018_062252T.WAV,249C600164F3532A_20251018_062252_000T.wav,NA,D:\Bat Files\SMO,D:\Schmeeckle analyzed 102725\SMO,14,41.791,198.473,41.812,1.821,166.76,4.475,4.83,NA,2025-10-18T06:22:52Z,LASBOR,2025-10-17
SMO,2025-10-18T05:26:24Z,2025-10-18,00:26:24,0,LASBOR,1,34.311,5.83,0,0.250963,EPTFUS,NA,NA,NA,7,7,5.004,1,0,36.008,34.051,9,249C600164F3532A,id.csv,10 19\20251018,249C600164F3532A_20251018_052624T.WAV,249C600164F3532A_20251018_052624_000T.wav,NA,D:\Bat Files\SMO,D:\Schmeeckle analyzed 102725\SMO,7,34.818,362.397,34.899,1.578,-33.62,4.559,2.04,NA,2025-10-18T05:26:24Z,LASBOR,2025-10-17
SMO,2025-10-18T02:14:08Z,2025-10-17,21:14:08,21,LASCIN,1,20.771,12.53,0,0.455838,NA,NA,NA,NA,25,25,8.43,1,0,23.958,20.599,9,249C600164F3532A,id.csv,10 19\20251018,249C600164F3532A_20251018_021408T.WAV,249C600164F3532A_20251018_021408_000T.wav,NA,D:\Bat Files\SMO,D:\Schmeeckle analyzed 102725\SMO,25,21.684,356.231,21.133,5.864,74.65,7.871,4.44,NA,2025-10-18T02:14:08Z,LASCIN,2025-10-17
SMO,2025-10-18T02:53:06Z,2025-10-17,21:53:06,21,LASCIN,0.955,22.422,9.43,0,0.423322,EPTFUS,LASNOC,NA,NA,22,22,8.182,1,0,24.565,21.64,9,249C600164F3532A,id.csv,10 19\20251018,249C600164F3532A_20251018_025306T.WAV,249C600164F3532A_20251018_025306_000T.wav,NA,D:\Bat Files\SMO,D:\Schmeeckle analyzed 102725\SMO,21,22.886,399.849,22.865,3.914,40.72,5.987,5.24,NA,2025-10-18T02:53:06Z,LASCIN,2025-10-17
SMO,2025-10-18T00:09:04Z,2025-10-17,19:09:04,19,LASCIN,0.613,23.303,21.56,0,0.398316,EPTFUS,LASNOC,NA,NA,31,31,11.019,1,0,29.57,22.829,9,249C600164F3532A,id.csv,10 19\20251018,249C600164F3532A_20251018_000904T.WAV,249C600164F3532A_20251018_000904_000T.wav,NA,D:\Bat Files\SMO,D:\Schmeeckle analyzed 102725\SMO,19,25.04,292.026,24.049,7.77,108.52,9.858,5.65,NA,2025-10-18T00:09:04Z,LASCIN,2025-10-17
SMO,2025-10-18T00:05:20Z,2025-10-17,19:05:20,19,LASCIN,0.6,23.752,9.77,0,0.392124,EPTFUS,LASNOC,NA,NA,30,30,12.442,1,0,27.872,23.012,9,249C600164F3532A,id.csv,10 19\20251018,249C600164F3532A_20251018_000520T.WAV,249C600164F3532A_20251018_000520_000T.wav,NA,D:\Bat Files\SMO,D:\Schmeeckle analyzed 102725\SMO,18,24.703,297.607,24.172,7.781,37.69,9.934,5.48,NA,2025-10-18T00:05:20Z,LASCIN,2025-10-17
SMO,2025-10-24T07:24:42Z,2025-10-24,02:24:42,2,LASCIN,0.8,23.008,9.12,0,0.343075,EPTFUS,NA,NA,NA,20,20,7.692,1,0,25.216,22.701,9,249C600164F3532A,id.csv,10 26\20251024,249C600164F3532A_20251024_072442T.WAV,249C600164F3532A_20251024_072442_000T.wav,NA,D:\Bat Files\SMO,D:\Schmeeckle analyzed 102725\SMO,16,23.593,379.053,23.284,5.118,76.73,6.707,5.86,NA,2025-10-24T07:24:42Z,LASCIN,2025-10-23
SMO,2025-10-19T01:46:36Z,2025-10-18,20:46:36,20,LASCIN,0.615,23.757,21.05,0,0.341582,EPTFUS,LASNOC,NA,NA,26,26,9.926,1,0,27.436,22.562,9,249C600164F3532A,id.csv,10 19\20251019,249C600164F3532A_20251019_014636T.WAV,249C600164F3532A_20251019_014636_000T.wav,NA,D:\Bat Files\SMO,D:\Schmeeckle analyzed 102725\SMO,16,24.595,325.287,24.524,4.817,14.04,6.969,5.33,NA,2025-10-19T01:46:36Z,LASCIN,2025-10-18
SMO,2025-10-19T00:52:56Z,2025-10-18,19:52:56,19,LASCIN,1,23.417,8.16,0,0.427827,EPTFUS,LASNOC,NA,NA,12,12,11.512,1,0,24.313,21.676,9,249C600164F3532A,id.csv,10 19\20251019,249C600164F3532A_20251019_005256T.WAV,249C600164F3532A_20251019_005256_000T.wav,NA,D:\Bat Files\SMO,D:\Schmeeckle analyzed 102725\SMO,12,23.114,550.632,23.81,2.077,41.35,4.923,2.26,NA,2025-10-19T00:52:56Z,LASCIN,2025-10-18
SMO,2025-10-19T01:55:56Z,2025-10-18,20:55:56,20,LASCIN,1,22.327,22,0,0.410203,EPTFUS,LASNOC,NA,NA,12,12,8.597,1,0,25.604,21.342,9,249C600164F3532A,id.csv,10 19\20251019,249C600164F3532A_20251019_015556T.WAV,249C600164F3532A_20251019_015556_000T.wav,NA,D:\Bat Files\SMO,D:\Schmeeckle analyzed 102725\SMO,12,23.106,655.748,22.92,4.859,93.4,6.433,4.81,NA,2025-10-19T01:55:56Z,LASCIN,2025-10-18
SMO,2025-10-18T02:16:56Z,2025-10-17,21:16:56,21,LASCIN,0.571,23.614,12.54,0,0.341825,EPTFUS,LASNOC,NA,NA,21,21,10.033,1,0,27.794,23.038,9,249C600164F3532A,id.csv,10 19\20251018,249C600164F3532A_20251018_021656T.WAV,249C600164F3532A_20251018_021656_000T.wav,NA,D:\Bat Files\SMO,D:\Schmeeckle analyzed 102725\SMO,12,24.616,391.907,23.922,6.895,96.01,8.397,6.07,NA,2025-10-18T02:16:56Z,LASCIN,2025-10-17
SMO,2025-10-18T00:23:18Z,2025-10-17,19:23:18,19,LASCIN,0.478,24.18,19.43,0,0.297765,EPTFUS,LASNOC,NA,NA,23,23,7.199,1,0,27.063,23.385,9,249C600164F3532A,id.csv,10 19\20251018,249C600164F3532A_20251018_002318T.WAV,249C600164F3532A_20251018_002318_000T.wav,NA,D:\Bat Files\SMO,D:\Schmeeckle analyzed 102725\SMO,11,24.805,296.753,24.93,3.205,43.41,5.312,6.82,NA,2025-10-18T00:23:18Z,LASCIN,2025-10-17
SMO,2025-10-19T01:30:58Z,2025-10-18,20:30:58,20,LASCIN,0.769,24.768,9.19,0,0.304431,EPTFUS,LASNOC,NA,NA,13,13,8.764,1,0,27.699,24.401,9,249C600164F3532A,id.csv,10 19\20251019,249C600164F3532A_20251019_013058T.WAV,249C600164F3532A_20251019_013058_000T.wav,NA,D:\Bat Files\SMO,D:\Schmeeckle analyzed 102725\SMO,10,25.583,398.947,25.129,5.635,28.59,7.507,3.77,NA,2025-10-19T01:30:58Z,LASCIN,2025-10-18
SMO,2025-10-19T00:24:42Z,2025-10-18,19:24:42,19,LASCIN,0.5,23.578,5.09,0,0.409819,EPTFUS,LASNOC,NA,NA,20,20,10.285,1,0,26.734,22.907,9,249C600164F3532A,id.csv,10 19\20251019,249C600164F3532A_20251019_002442T.WAV,249C600164F3532A_20251019_002442_000T.wav,NA,D:\Bat Files\SMO,D:\Schmeeckle analyzed 102725\SMO,10,24.361,462.432,23.86,6.438,103.04,8.162,6.75,NA,2025-10-19T00:24:42Z,LASCIN,2025-10-18
SMO,2025-10-19T01:06:14Z,2025-10-18,20:06:14,20,LASCIN,1,22.103,9.71,0,0.384114,LASNOC,EPTFUS,NA,NA,9,9,7.029,1,0,24.408,21.783,9,249C600164F3532A,id.csv,10 19\20251019,249C600164F3532A_20251019_010614T.WAV,249C600164F3532A_20251019_010614_000T.wav,NA,D:\Bat Files\SMO,D:\Schmeeckle analyzed 102725\SMO,9,22.781,486.329,22.618,3.945,36.8,6.175,1.8,NA,2025-10-19T01:06:14Z,LASCIN,2025-10-18
SMO,2025-10-18T00:28:40Z,2025-10-17,19:28:40,19,LASCIN,0.9,23.849,10.89,0,0.317203,EPTFUS,NA,NA,NA,10,10,5.756,1,0,25.049,23.351,9,249C600164F3532A,id.csv,10 19\20251018,249C600164F3532A_20251018_002840T.WAV,249C600164F3532A_20251018_002840_000T.wav,NA,D:\Bat Files\SMO,D:\Schmeeckle analyzed 102725\SMO,9,24.117,485.802,24.053,3.575,84.49,4.585,3.75,NA,2025-10-18T00:28:40Z,LASCIN,2025-10-17
SMO,2025-10-18T01:44:16Z,2025-10-17,20:44:16,20,LASCIN,0.562,24.408,16.49,0,0.328527,LASNOC,EPTFUS,NA,NA,16,16,6.732,1,0,26.424,23.998,9,249C600164F3532A,id.csv,10 19\20251018,249C600164F3532A_20251018_014416T.WAV,249C600164F3532A_20251018_014416_000T.wav,NA,D:\Bat Files\SMO,D:\Schmeeckle analyzed 102725\SMO,9,24.903,463.164,24.802,3.907,74.53,5.42,3.72,NA,2025-10-18T01:44:16Z,LASCIN,2025-10-17
SMO,2025-10-17T23:28:28Z,2025-10-17,18:28:28,18,LASCIN,1,20.913,14.49,0,0.382167,NA,NA,NA,NA,8,8,8.093,1,0,22.356,20.474,9,249C600164F3532A,id.csv,10 19\20251017,249C600164F3532A_20251017_232828T.WAV,249C600164F3532A_20251017_232828_000T.wav,NA,D:\Bat Files\SMO,D:\Schmeeckle analyzed 102725\SMO,8,21.335,630.564,21.596,3.032,52.57,6.528,2.46,NA,2025-10-17T23:28:28Z,LASCIN,2025-10-17
SMO,2025-10-19T03:18:32Z,2025-10-18,22:18:32,22,LASCIN,1,22.446,12.62,0,0.398616,EPTFUS,NA,NA,NA,7,7,7.025,1,0,23.51,21.329,9,249C600164F3532A,id.csv,10 19\20251019,249C600164F3532A_20251019_031832T.WAV,249C600164F3532A_20251019_031832_000T.wav,NA,D:\Bat Files\SMO,D:\Schmeeckle analyzed 102725\SMO,7,22.397,359.661,22.875,1.701,-0.85,3.755,1.99,NA,2025-10-19T03:18:32Z,LASCIN,2025-10-18
SMO,2025-10-19T05:31:32Z,2025-10-19,00:31:32,0,LASCIN,0.875,22.695,9.24,0,0.409576,EPTFUS,LASNOC,NA,NA,8,8,8.118,1,0,24.709,22.294,9,249C600164F3532A,id.csv,10 19\20251019,249C600164F3532A_20251019_053132T.WAV,249C600164F3532A_20251019_053132_000T.wav,NA,D:\Bat Files\SMO,D:\Schmeeckle analyzed 102725\SMO,7,23.254,589.386,23.044,4.826,-81.33,6.684,2.03,NA,2025-10-19T05:31:32Z,LASCIN,2025-10-18
SMO,2025-10-18T00:25:24Z,2025-10-17,19:25:24,19,LASCIN,0.583,24.91,10.42,0,0.311477,EPTFUS,LASNOC,NA,NA,12,12,10.184,1,0,28.768,23.67,9,249C600164F3532A,id.csv,10 19\20251018,249C600164F3532A_20251018_002524T.WAV,249C600164F3532A_20251018_002524_000T.wav,NA,D:\Bat Files\SMO,D:\Schmeeckle analyzed 102725\SMO,7,25.648,591.491,25.716,4.366,75.41,7.329,4.21,NA,2025-10-18T00:25:24Z,LASCIN,2025-10-17
SMO,2025-10-17T23:51:06Z,2025-10-17,18:51:06,18,LASCIN,0.269,25.004,21.64,0,0.206662,EPTFUS,LASNOC,NA,NA,26,26,5.865,1,0,28.48,24.603,9,249C600164F3532A,id.csv,10 19\20251017,249C600164F3532A_20251017_235106T.WAV,249C600164F3532A_20251017_235106_000T.wav,NA,D:\Bat Files\SMO,D:\Schmeeckle analyzed 102725\SMO,7,25.98,297.346,25.607,3.675,127.25,5.232,6.89,NA,2025-10-17T23:51:06Z,LASCIN,2025-10-17
SMO,2025-10-19T01:30:44Z,2025-10-18,20:30:44,20,LASCIN,0.545,24.499,6.74,0,0.292266,LASNOC,EPTFUS,NA,NA,11,11,9.197,1,0,27.553,24.051,9,249C600164F3532A,id.csv,10 19\20251019,249C600164F3532A_20251019_013044T.WAV,249C600164F3532A_20251019_013044_000T.wav,NA,D:\Bat Files\SMO,D:\Schmeeckle analyzed 102725\SMO,6,25.364,442.528,24.825,6.209,81.92,7.99,2.39,NA,2025-10-19T01:30:44Z,LASCIN,2025-10-18
SMO,2025-10-18T01:44:44Z,2025-10-17,20:44:44,20,LASCIN,1,24.513,8.45,0,0.421631,EPTFUS,LASNOC,NA,NA,5,5,5.917,1,0,25.751,24.089,9,249C600164F3532A,id.csv,10 19\20251018,249C600164F3532A_20251018_014444T.WAV,249C600164F3532A_20251018_014444_000T.wav,NA,D:\Bat Files\SMO,D:\Schmeeckle analyzed 102725\SMO,5,24.843,1488.2,24.732,3.009,50.14,4.663,1.84,NA,2025-10-18T01:44:44Z,LASCIN,2025-10-17
SMO,2025-10-18T02:14:22Z,2025-10-17,21:14:22,21,LASCIN,1,20.467,3.15,0,0.504229,NA,NA,NA,NA,5,5,5.297,1,0,22.197,20.226,9,249C600164F3532A,id.csv,10 19\20251018,249C600164F3532A_20251018_021422T.WAV,249C600164F3532A_20251018_021422_000T.wav,NA,D:\Bat Files\SMO,D:\Schmeeckle analyzed 102725\SMO,5,20.899,533.35,20.65,2.722,41.96,4.482,1.28,NA,2025-10-18T02:14:22Z,LASCIN,2025-10-17
SMO,2025-10-18T23:56:56Z,2025-10-18,18:56:56,18,LASCIN,1,22.913,7.9,0,0.448638,EPTFUS,LASNOC,NA,NA,5,5,6.61,1,0,24.324,22.421,9,249C600164F3532A,id.csv,10 19\20251018,249C600164F3532A_20251018_235656T.WAV,249C600164F3532A_20251018_235656_000T.wav,NA,D:\Bat Files\SMO,D:\Schmeeckle analyzed 102725\SMO,5,23.223,413.723,23.431,2.627,52.92,5.179,0.77,NA,2025-10-18T23:56:56Z,LASCIN,2025-10-18
SMO,2025-10-19T05:31:46Z,2025-10-19,00:31:46,0,LASCIN,1,22.771,7.67,0,0.424673,EPTFUS,LASNOC,NA,NA,5,5,5.866,1,0,24.178,22.366,9,249C600164F3532A,id.csv,10 19\20251019,249C600164F3532A_20251019_053146T.WAV,249C600164F3532A_20251019_053146_000T.wav,NA,D:\Bat Files\SMO,D:\Schmeeckle analyzed 102725\SMO,5,23.126,757.134,22.988,3.211,47.21,4.733,1.12,NA,2025-10-19T05:31:46Z,LASCIN,2025-10-18
SMO,2025-10-19T01:30:30Z,2025-10-18,20:30:30,20,LASCIN,0.833,25.23,9.43,0,0.325305,EPTFUS,LASNOC,NA,NA,6,6,8.582,1,0,29.046,24.814,9,249C600164F3532A,id.csv,10 19\20251019,249C600164F3532A_20251019_013030T.WAV,249C600164F3532A_20251019_013030_000T.wav,NA,D:\Bat Files\SMO,D:\Schmeeckle analyzed 102725\SMO,5,26.08,294.827,25.664,5.806,108.24,7.33,1.19,NA,2025-10-19T01:30:30Z,LASCIN,2025-10-18
SMO,2025-10-19T00:20:58Z,2025-10-18,19:20:58,19,LASCIN,0.667,22.919,17.46,0,0.410643,EPTFUS,NA,NA,NA,6,6,5.803,1,0,24.698,22.647,9,249C600164F3532A,id.csv,10 19\20251019,249C600164F3532A_20251019_002058T.WAV,249C600164F3532A_20251019_002058_000T.wav,NA,D:\Bat Files\SMO,D:\Schmeeckle analyzed 102725\SMO,4,23.438,930.785,23.522,2.679,101.58,4.745,2.05,NA,2025-10-19T00:20:58Z,LASCIN,2025-10-18
SMO,2025-10-18T02:07:50Z,2025-10-17,21:07:50,21,LASCIN,0.5,23.476,5.71,0,0.326889,EPTFUS,LASNOC,NA,NA,8,8,8.716,1,0,26.179,22.771,9,249C600164F3532A,id.csv,10 19\20251018,249C600164F3532A_20251018_020750T.WAV,249C600164F3532A_20251018_020750_000T.wav,NA,D:\Bat Files\SMO,D:\Schmeeckle analyzed 102725\SMO,4,24.179,741.889,23.887,4.826,44.43,6.96,2,NA,2025-10-18T02:07:50Z,LASCIN,2025-10-17
SMO,2025-10-18T23:57:52Z,2025-10-18,18:57:52,18,LASCIN,0.5,22.995,30.06,0,0.46482,EPTFUS,LASNOC,NA,NA,8,8,6.356,1,0,25.56,22.587,9,249C600164F3532A,id.csv,10 19\20251018,249C600164F3532A_20251018_235752T.WAV,249C600164F3532A_20251018_235752_000T.wav,NA,D:\Bat Files\SMO,D:\Schmeeckle analyzed 102725\SMO,4,23.891,396.774,23.881,3.366,-7.29,5.469,2.32,NA,2025-10-18T23:57:52Z,LASCIN,2025-10-18
SMO,2025-10-18T03:54:14Z,2025-10-17,22:54:14,22,LASCIN,0.364,24.334,14.56,0,0.269064,EPTFUS,LASNOC,NA,NA,11,11,6.559,1,0,26.789,23.864,9,249C600164F3532A,id.csv,10 19\20251018,249C600164F3532A_20251018_035414T.WAV,249C600164F3532A_20251018_035414_000T.wav,NA,D:\Bat Files\SMO,D:\Schmeeckle analyzed 102725\SMO,4,24.891,335.344,24.935,2.96,106.03,5.293,3,NA,2025-10-18T03:54:14Z,LASCIN,2025-10-17
SMO,2025-10-18T01:44:30Z,2025-10-17,20:44:30,20,LASCIN,0.2,25.58,12.62,0,0.184857,LASNOC,EPTFUS,NA,NA,20,20,7.537,1,0,28.679,25.073,9,249C600164F3532A,id.csv,10 19\20251018,249C600164F3532A_20251018_014430T.WAV,249C600164F3532A_20251018_014430_000T.wav,NA,D:\Bat Files\SMO,D:\Schmeeckle analyzed 102725\SMO,4,26.424,464.798,25.983,4.895,72.37,6.477,4.1,NA,2025-10-18T01:44:30Z,LASCIN,2025-10-17
SMO,2025-10-20T03:23:26Z,2025-10-19,22:23:26,22,LASCIN,1,24.057,43.84,0,0.428445,EPTFUS,LASNOC,NA,NA,3,3,7.269,1,0,26.231,23.704,9,249C600164F3532A,id.csv,10 26\20251020,249C600164F3532A_20251020_032326T.WAV,249C600164F3532A_20251020_032326_000T.wav,NA,D:\Bat Files\SMO,D:\Schmeeckle analyzed 102725\SMO,3,24.8,325.669,24.546,5.719,73.43,6.381,0.78,NA,2025-10-20T03:23:26Z,LASCIN,2025-10-19
SMO,2025-10-18T23:22:24Z,2025-10-18,18:22:24,18,LASCIN,0.75,19.359,-12.39,0,0.252521,NA,NA,NA,NA,4,4,2.964,1,0,19.611,18.819,9,249C600164F3532A,id.csv,10 19\20251018,249C600164F3532A_20251018_232224T.WAV,249C600164F3532A_20251018_232224_000T.wav,NA,D:\Bat Files\SMO,D:\Schmeeckle analyzed 102725\SMO,3,19.267,1725.123,19.332,1.167,-78.44,2.033,1.17,NA,2025-10-18T23:22:24Z,LASCIN,2025-10-18
SMO,2025-10-21T05:35:44Z,2025-10-21,00:35:44,0,LASCIN,0.429,24.261,16.89,0,0.400994,EPTFUS,LASNOC,NA,NA,7,7,6.883,1,0,26.687,23.796,9,249C600164F3532A,id.csv,10 26\20251021,249C600164F3532A_20251021_053544T.WAV,249C600164F3532A_20251021_053544_000T.wav,NA,D:\Bat Files\SMO,D:\Schmeeckle analyzed 102725\SMO,3,24.957,257.045,25.403,1.993,58.23,5.674,1.37,NA,2025-10-21T05:35:44Z,LASCIN,2025-10-20
SMO,2025-10-18T00:16:46Z,2025-10-17,19:16:46,19,LASCIN,1,24.77,-1.77,0,0.416843,EPTFUS,NA,NA,NA,2,2,3.679,1,0,25.645,24.428,9,249C600164F3532A,id.csv,10 19\20251018,249C600164F3532A_20251018_001646T.WAV,249C600164F3532A_20251018_001646_000T.wav,NA,D:\Bat Files\SMO,D:\Schmeeckle analyzed 102725\SMO,2,25.015,368.075,24.694,2.385,77.17,3.516,0.99,NA,2025-10-18T00:16:46Z,LASCIN,2025-10-17
SMO,2025-10-19T00:20:44Z,2025-10-18,19:20:44,19,LASCIN,1,22.286,1.79,0,0.35631,EPTFUS,NA,NA,NA,2,2,6.209,1,0,23.124,22.069,9,249C600164F3532A,id.csv,10 19\20251019,249C600164F3532A_20251019_002044T.WAV,249C600164F3532A_20251019_002044_000T.wav,NA,D:\Bat Files\SMO,D:\Schmeeckle analyzed 102725\SMO,2,22.543,2256.75,22.505,3.88,-10.35,5.759,0.63,NA,2025-10-19T00:20:44Z,LASCIN,2025-10-18
SMO,2025-10-19T00:24:28Z,2025-10-18,19:24:28,19,LASCIN,1,23.672,-11.38,0,0.411611,EPTFUS,NA,NA,NA,2,2,6.669,1,0,24.294,22.825,9,249C600164F3532A,id.csv,10 19\20251019,249C600164F3532A_20251019_002428T.WAV,249C600164F3532A_20251019_002428_000T.wav,NA,D:\Bat Files\SMO,D:\Schmeeckle analyzed 102725\SMO,2,23.536,341.663,23.651,2.319,41.96,3.325,0.63,NA,2025-10-19T00:24:28Z,LASCIN,2025-10-18
SMO,2025-10-19T11:52:06Z,2025-10-19,06:52:06,6,LASCIN,1,14.303,-6.84,0,0.357876,NA,NA,NA,NA,2,2,3.233,1,0,14.35,14.08,9,249C600164F3532A,id.csv,10 19\20251019,249C600164F3532A_20251019_115206T.WAV,249C600164F3532A_20251019_115206_000T.wav,NA,D:\Bat Files\SMO,D:\Schmeeckle analyzed 102725\SMO,2,14.227,269.85,14.24,0.416,15.2,1.711,0.38,NA,2025-10-19T11:52:06Z,LASCIN,2025-10-18
SMO,2025-10-18T01:26:18Z,2025-10-17,20:26:18,20,LASCIN,0.667,23.31,14.37,0,0.377698,EPTFUS,LASNOC,NA,NA,3,3,5.463,1,0,24.936,22.71,9,249C600164F3532A,id.csv,10 19\20251018,249C600164F3532A_20251018_012618T.WAV,249C600164F3532A_20251018_012618_000T.wav,NA,D:\Bat Files\SMO,D:\Schmeeckle analyzed 102725\SMO,2,23.675,1068.044,23.849,2.194,8.25,4.122,0.84,NA,2025-10-18T01:26:18Z,LASCIN,2025-10-17
SMO,2025-10-20T23:11:40Z,2025-10-20,18:11:40,18,LASCIN,0.667,14.538,-1.28,0,0.423797,NA,NA,NA,NA,3,3,7.566,1,0,15.131,14.302,9,249C600164F3532A,id.csv,10 26\20251020,249C600164F3532A_20251020_231140T.WAV,249C600164F3532A_20251020_231140_000T.wav,NA,D:\Bat Files\SMO,D:\Schmeeckle analyzed 102725\SMO,2,14.615,1397.039,14.621,3.839,48.74,5.113,0.48,NA,2025-10-20T23:11:40Z,LASCIN,2025-10-20
SMO,2025-10-19T00:49:40Z,2025-10-18,19:49:40,19,LASCIN,0.5,23.35,14.55,0,0.399725,EPTFUS,LASNOC,NA,NA,4,4,8.851,1,0,26.118,22.637,9,249C600164F3532A,id.csv,10 19\20251019,249C600164F3532A_20251019_004940T.WAV,249C600164F3532A_20251019_004940_000T.wav,NA,D:\Bat Files\SMO,D:\Schmeeckle analyzed 102725\SMO,2,24.055,415.499,23.801,5.036,34.18,6.944,1.84,NA,2025-10-19T00:49:40Z,LASCIN,2025-10-18
SMO,2025-10-17T23:35:00Z,2025-10-17,18:35:00,18,LASCIN,0.4,23.441,7.64,0,0.415254,EPTFUS,LASNOC,NA,NA,5,5,4.281,1,0,24.696,23.239,9,249C600164F3532A,id.csv,10 19\20251017,249C600164F3532A_20251017_233500T.WAV,249C600164F3532A_20251017_233500_000T.wav,NA,D:\Bat Files\SMO,D:\Schmeeckle analyzed 102725\SMO,2,23.815,491.611,23.628,2.406,21.56,3.659,1.12,NA,2025-10-17T23:35:00Z,LASCIN,2025-10-17
SMO,2025-10-18T05:30:08Z,2025-10-18,00:30:08,0,LASCIN,0.333,23.495,10.11,0,0.347444,EPTFUS,LASNOC,NA,NA,6,6,8.201,1,0,26.869,22.993,9,249C600164F3532A,id.csv,10 19\20251018,249C600164F3532A_20251018_053008T.WAV,249C600164F3532A_20251018_053008_000T.wav,NA,D:\Bat Files\SMO,D:\Schmeeckle analyzed 102725\SMO,2,24.425,614.969,23.825,5.112,120.91,7.118,1.65,NA,2025-10-18T05:30:08Z,LASCIN,2025-10-17
SMO,2025-10-18T06:00:14Z,2025-10-18,01:00:14,1,LASCIN,0.333,23.659,9.04,0,0.440971,EPTFUS,LASNOC,NA,NA,6,6,4.851,1,0,24.85,23.14,9,249C600164F3532A,id.csv,10 19\20251018,249C600164F3532A_20251018_060014T.WAV,249C600164F3532A_20251018_060014_000T.wav,NA,D:\Bat Files\SMO,D:\Schmeeckle analyzed 102725\SMO,2,23.908,533.177,23.973,2.178,53.35,3.616,1.64,NA,2025-10-18T06:00:14Z,LASCIN,2025-10-17
SMO,2025-10-18T00:08:50Z,2025-10-17,19:08:50,19,LASCIN,0.25,23.227,-2.29,0,0.479456,EPTFUS,LASNOC,NA,NA,4,4,6.713,1,0,25.807,22.834,9,249C600164F3532A,id.csv,10 19\20251018,249C600164F3532A_20251018_000850T.WAV,249C600164F3532A_20251018_000850_000T.wav,NA,D:\Bat Files\SMO,D:\Schmeeckle analyzed 102725\SMO,1,24.023,489.84,23.566,4.323,-9.05,6.024,1.03,NA,2025-10-18T00:08:50Z,LASCIN,2025-10-17
SMO,2025-10-18T05:30:22Z,2025-10-18,00:30:22,0,LASCIN,0.25,24.889,-3.74,0,0.335764,EPTFUS,LASNOC,NA,NA,4,4,4.062,1,0,26.851,24.599,9,249C600164F3532A,id.csv,10 19\20251018,249C600164F3532A_20251018_053022T.WAV,249C600164F3532A_20251018_053022_000T.wav,NA,D:\Bat Files\SMO,D:\Schmeeckle analyzed 102725\SMO,1,25.455,197.423,25.29,1.947,97.84,3.58,1.62,NA,2025-10-18T05:30:22Z,LASCIN,2025-10-17
SMO,2025-10-19T04:14:46Z,2025-10-18,23:14:46,23,LASNOC,0.939,26.311,12.92,0,0.40802,EPTFUS,LASCIN,NA,NA,33,33,7.539,1,0,29.236,25.869,9,249C600164F3532A,id.csv,10 19\20251019,249C600164F3532A_20251019_041446T.WAV,249C600164F3532A_20251019_041446_000T.wav,NA,D:\Bat Files\SMO,D:\Schmeeckle analyzed 102725\SMO,31,26.988,243.604,26.97,3.893,110.17,6.348,5.55,NA,2025-10-19T04:14:46Z,LASNOC,2025-10-18
SMO,2025-10-18T23:53:54Z,2025-10-18,18:53:54,18,LASNOC,1,26.846,8.11,0,0.419289,LASCIN,EPTFUS,NA,NA,19,19,11.233,1,0,28.34,26.011,9,249C600164F3532A,id.csv,10 19\20251018,249C600164F3532A_20251018_235354T.WAV,249C600164F3532A_20251018_235354_000T.wav,NA,D:\Bat Files\SMO,D:\Schmeeckle analyzed 102725\SMO,19,27.196,285.469,27.272,5.252,25.97,8.276,4.06,NA,2025-10-18T23:53:54Z,LASNOC,2025-10-18
SMO,2025-10-19T00:59:28Z,2025-10-18,19:59:28,19,LASNOC,0.864,26.075,12.06,0,0.332794,LASCIN,EPTFUS,NA,NA,22,22,6.2,1,0,29.034,25.816,9,249C600164F3532A,id.csv,10 19\20251019,249C600164F3532A_20251019_005928T.WAV,249C600164F3532A_20251019_005928_000T.wav,NA,D:\Bat Files\SMO,D:\Schmeeckle analyzed 102725\SMO,19,26.848,410.11,26.586,3.686,122.65,5.636,5,NA,2025-10-19T00:59:28Z,LASNOC,2025-10-18
SMO,2025-10-24T10:29:02Z,2025-10-24,05:29:02,5,LASNOC,0.826,25.969,8.8,0,0.308487,LASCIN,EPTFUS,NA,NA,23,23,7.617,1,0,29.324,25.442,9,249C600164F3532A,id.csv,10 26\20251024,249C600164F3532A_20251024_102902T.WAV,249C600164F3532A_20251024_102902_000T.wav,NA,D:\Bat Files\SMO,D:\Schmeeckle analyzed 102725\SMO,19,26.606,382.808,26.212,4.492,187.65,5.911,5.84,NA,2025-10-24T10:29:02Z,LASNOC,2025-10-23
SMO,2025-10-18T08:42:52Z,2025-10-18,03:42:52,3,LASNOC,0.947,27.195,8.9,0,0.400873,EPTFUS,LASCIN,NA,NA,19,19,7.158,1,0,29.617,26.953,9,249C600164F3532A,id.csv,10 19\20251018,249C600164F3532A_20251018_084252T.WAV,249C600164F3532A_20251018_084252_000T.wav,NA,D:\Bat Files\SMO,D:\Schmeeckle analyzed 102725\SMO,18,27.857,461.775,27.664,3.958,79.39,6.337,2.93,NA,2025-10-18T08:42:52Z,LASNOC,2025-10-17
SMO,2025-10-19T04:14:32Z,2025-10-18,23:14:32,23,LASNOC,0.727,27.091,27.25,0,0.284387,EPTFUS,LASCIN,NA,NA,22,22,5.502,1,0,32.608,26.764,9,249C600164F3532A,id.csv,10 19\20251019,249C600164F3532A_20251019_041432T.WAV,249C600164F3532A_20251019_041432_000T.wav,NA,D:\Bat Files\SMO,D:\Schmeeckle analyzed 102725\SMO,16,28.483,321.592,27.781,3.458,175.16,4.799,3.82,NA,2025-10-19T04:14:32Z,LASNOC,2025-10-18
SMO,2025-10-18T02:07:36Z,2025-10-17,21:07:36,21,LASNOC,0.778,25.627,6.7,0,0.303218,LASCIN,EPTFUS,NA,NA,18,18,7.043,1,0,28.943,25.236,9,249C600164F3532A,id.csv,10 19\20251018,249C600164F3532A_20251018_020736T.WAV,249C600164F3532A_20251018_020736_000T.wav,NA,D:\Bat Files\SMO,D:\Schmeeckle analyzed 102725\SMO,14,26.259,344.26,25.839,4.364,118.16,6.033,3.4,NA,2025-10-18T02:07:36Z,LASNOC,2025-10-17
SMO,2025-10-19T01:02:44Z,2025-10-18,20:02:44,20,LASNOC,1,25.811,16.41,0,0.430508,LASCIN,EPTFUS,NA,NA,13,13,8.013,1,0,28.252,25.523,9,249C600164F3532A,id.csv,10 19\20251019,249C600164F3532A_20251019_010244T.WAV,249C600164F3532A_20251019_010244_000T.wav,NA,D:\Bat Files\SMO,D:\Schmeeckle analyzed 102725\SMO,13,26.463,359.946,26.263,4.874,106.59,6.938,2.1,NA,2025-10-19T01:02:44Z,LASNOC,2025-10-18
SMO,2025-10-21T05:06:34Z,2025-10-21,00:06:34,0,LASNOC,0.812,25.989,20.22,0,0.307291,EPTFUS,LASCIN,NA,NA,16,16,7.437,1,0,28.549,25.434,9,249C600164F3532A,id.csv,10 26\20251021,249C600164F3532A_20251021_050634T.WAV,249C600164F3532A_20251021_050634_000T.wav,NA,D:\Bat Files\SMO,D:\Schmeeckle analyzed 102725\SMO,13,26.474,367.17,26.437,3.513,173.4,4.898,4.06,NA,2025-10-21T05:06:34Z,LASNOC,2025-10-20
SMO,2025-10-17T23:57:24Z,2025-10-17,18:57:24,18,LASNOC,0.889,26.652,18.06,0,0.334181,EPTFUS,LASCIN,NA,NA,9,9,6.829,1,0,30.531,26.117,9,249C600164F3532A,id.csv,10 19\20251017,249C600164F3532A_20251017_235724T.WAV,249C600164F3532A_20251017_235724_000T.wav,NA,D:\Bat Files\SMO,D:\Schmeeckle analyzed 102725\SMO,8,27.645,806.572,27.213,4.262,98.56,6.004,2.53,NA,2025-10-17T23:57:24Z,LASNOC,2025-10-17
SMO,2025-10-19T04:11:16Z,2025-10-18,23:11:16,23,LASNOC,0.8,26.438,7.6,0,0.308934,LASCIN,EPTFUS,NA,NA,10,10,5.203,1,0,28.326,26.167,9,249C600164F3532A,id.csv,10 19\20251019,249C600164F3532A_20251019_041116T.WAV,249C600164F3532A_20251019_041116_000T.wav,NA,D:\Bat Files\SMO,D:\Schmeeckle analyzed 102725\SMO,8,26.855,485.384,26.644,3.539,104.41,4.732,1.26,NA,2025-10-19T04:11:16Z,LASNOC,2025-10-18
SMO,2025-10-18T23:53:40Z,2025-10-18,18:53:40,18,LASNOC,1,27.784,17.15,0,0.402502,LASCIN,EPTFUS,NA,NA,7,7,5.274,1,0,29.074,27.48,9,249C600164F3532A,id.csv,10 19\20251018,249C600164F3532A_20251018_235340T.WAV,249C600164F3532A_20251018_235340_000T.wav,NA,D:\Bat Files\SMO,D:\Schmeeckle analyzed 102725\SMO,7,28.132,417.741,28.23,2.52,29.45,4.267,1.12,NA,2025-10-18T23:53:40Z,LASNOC,2025-10-18
SMO,2025-10-19T06:05:22Z,2025-10-19,01:05:22,1,LASNOC,1,27.529,16.45,0,0.44082,EPTFUS,LASCIN,NA,NA,7,7,5.016,1,0,30.417,27.276,9,249C600164F3532A,id.csv,10 19\20251019,249C600164F3532A_20251019_060522T.WAV,249C600164F3532A_20251019_060522_000T.wav,NA,D:\Bat Files\SMO,D:\Schmeeckle analyzed 102725\SMO,7,28.226,713.824,27.996,3.136,198.41,4.598,1.98,NA,2025-10-19T06:05:22Z,LASNOC,2025-10-18
SMO,2025-10-19T04:11:30Z,2025-10-18,23:11:30,23,LASNOC,1,25.582,3.7,0,0.260306,LASCIN,EPTFUS,NA,NA,4,4,2.533,1,0,25.853,25.281,9,249C600164F3532A,id.csv,10 19\20251019,249C600164F3532A_20251019_041130T.WAV,249C600164F3532A_20251019_041130_000T.wav,NA,D:\Bat Files\SMO,D:\Schmeeckle analyzed 102725\SMO,4,25.62,833.785,25.668,0.695,19.71,2.103,1,NA,2025-10-19T04:11:30Z,LASNOC,2025-10-18
SMO,2025-10-19T04:15:14Z,2025-10-18,23:15:14,23,LASNOC,1,26.898,21.21,0,0.402689,EPTFUS,LASCIN,NA,NA,4,4,6.131,1,0,29.615,26.681,9,249C600164F3532A,id.csv,10 19\20251019,249C600164F3532A_20251019_041514T.WAV,249C600164F3532A_20251019_041514_000T.wav,NA,D:\Bat Files\SMO,D:\Schmeeckle analyzed 102725\SMO,4,27.558,373.666,27.836,2.176,131.67,4.956,0.54,NA,2025-10-19T04:15:14Z,LASNOC,2025-10-18
